# neutron spectrum : Z22-EAR2
# binning mode     : Late Rebin/Bin (Master Grid)
# flux interp flag : 1/E
# filter thickness :      0.0 mm
# sample thickness : 1.133e-02 atoms/b
# kT fitted        :    0.032 eV ( 3.218e-02 eV)
# MB-SACS          :  0.000e+00 b
# MACS             :  0.000e+00 b
#   elow[eV]     eup[eV]       nflux       f-nflux     ssf-nflux    mb-nflux    iso_xs[b]
1.000000e-03 1.023293e-03 3.926160e+06 3.926160e+06 3.575833e+06 3.803220e+06 1.190319e-119
1.023293e-03 1.047129e-03 3.996108e+06 3.996108e+06 3.642429e+06 3.899357e+06 1.531797e-119
1.047129e-03 1.071519e-03 4.090556e+06 4.090556e+06 3.730530e+06 3.966628e+06 1.971230e-119
1.071519e-03 1.096478e-03 4.147612e+06 4.147612e+06 3.785488e+06 4.065657e+06 2.536720e-119
1.096478e-03 1.122018e-03 4.182069e+06 4.182069e+06 3.819580e+06 4.157023e+06 3.264442e-119
1.122018e-03 1.148154e-03 4.318000e+06 4.318000e+06 3.946458e+06 4.251056e+06 4.200945e-119
1.148154e-03 1.174898e-03 4.455639e+06 4.455639e+06 4.075273e+06 4.354907e+06 5.406119e-119
1.174898e-03 1.202264e-03 4.501264e+06 4.501264e+06 4.119537e+06 4.443525e+06 6.956979e-119
1.202264e-03 1.230269e-03 4.577349e+06 4.577349e+06 4.191958e+06 4.542085e+06 8.952762e-119
1.230269e-03 1.258925e-03 4.673213e+06 4.673213e+06 4.282691e+06 4.643517e+06 1.152110e-118
1.258925e-03 1.288250e-03 4.804199e+06 4.804199e+06 4.406122e+06 4.744209e+06 1.482624e-118
1.288250e-03 1.318257e-03 4.902467e+06 4.902467e+06 4.498776e+06 4.856876e+06 1.907959e-118
1.318257e-03 1.348963e-03 4.980136e+06 4.980136e+06 4.572383e+06 4.962362e+06 2.455303e-118
1.348963e-03 1.380384e-03 5.107313e+06 5.107313e+06 4.691356e+06 5.073720e+06 3.159664e-118
1.380384e-03 1.412538e-03 5.181734e+06 5.181734e+06 4.762407e+06 5.187747e+06 4.066102e-118
1.412538e-03 1.445440e-03 5.278490e+06 5.278490e+06 4.854097e+06 5.305873e+06 5.232579e-118
1.445440e-03 1.479108e-03 5.426711e+06 5.426711e+06 4.993010e+06 5.417240e+06 6.733660e-118
1.479108e-03 1.513561e-03 5.496729e+06 5.496729e+06 5.060312e+06 5.541919e+06 8.665372e-118
1.513561e-03 1.548817e-03 5.613531e+06 5.613531e+06 5.170652e+06 5.664344e+06 1.115129e-117
1.548817e-03 1.584893e-03 5.732570e+06 5.732570e+06 5.283153e+06 5.789323e+06 1.435033e-117
1.584893e-03 1.621810e-03 5.845908e+06 5.845908e+06 5.390517e+06 5.917754e+06 1.846707e-117
1.621810e-03 1.659587e-03 5.974498e+06 5.974498e+06 5.512047e+06 6.048833e+06 2.376486e-117
1.659587e-03 1.698244e-03 6.095307e+06 6.095307e+06 5.626807e+06 6.196374e+06 3.058247e-117
1.698244e-03 1.737801e-03 6.211047e+06 6.211047e+06 5.736390e+06 6.319628e+06 3.935586e-117
1.737801e-03 1.778279e-03 6.341651e+06 6.341651e+06 5.859726e+06 6.442249e+06 5.064600e-117
1.778279e-03 1.819701e-03 6.466020e+06 6.466020e+06 5.978483e+06 6.617135e+06 6.517512e-117
1.819701e-03 1.862087e-03 6.611570e+06 6.611570e+06 6.116269e+06 6.745686e+06 8.387238e-117
1.862087e-03 1.905461e-03 6.694109e+06 6.694109e+06 6.195425e+06 6.874167e+06 1.079334e-116
1.905461e-03 1.949845e-03 6.874114e+06 6.874114e+06 6.365159e+06 7.062726e+06 1.388971e-116
1.949845e-03 1.995262e-03 6.998888e+06 6.998888e+06 6.482929e+06 7.198010e+06 1.787431e-116
1.995262e-03 2.041738e-03 7.141412e+06 7.141412e+06 6.617141e+06 7.335923e+06 2.300200e-116
2.041738e-03 2.089296e-03 7.295458e+06 7.295458e+06 6.762812e+06 7.533431e+06 2.960075e-116
2.089296e-03 2.137962e-03 7.384741e+06 7.384741e+06 6.847550e+06 7.660058e+06 3.809248e-116
2.137962e-03 2.187762e-03 7.561052e+06 7.561052e+06 7.014294e+06 7.845698e+06 4.902037e-116
2.187762e-03 2.238721e-03 7.706601e+06 7.706601e+06 7.152279e+06 8.015640e+06 6.308313e-116
2.238721e-03 2.290868e-03 7.868357e+06 7.868357e+06 7.305407e+06 8.188932e+06 8.118017e-116
2.290868e-03 2.344229e-03 8.027861e+06 8.027861e+06 7.456551e+06 8.365619e+06 1.044689e-115
2.344229e-03 2.398833e-03 8.167310e+06 8.167310e+06 7.589179e+06 8.546587e+06 1.344385e-115
2.398833e-03 2.454709e-03 8.377223e+06 8.377223e+06 7.787518e+06 8.737984e+06 1.730056e-115
2.454709e-03 2.511886e-03 8.551722e+06 8.551722e+06 7.952788e+06 8.916814e+06 2.226365e-115
2.511886e-03 2.570396e-03 8.730948e+06 8.730948e+06 8.122650e+06 9.103977e+06 2.865057e-115
2.570396e-03 2.630268e-03 8.940645e+06 8.940645e+06 8.321150e+06 9.304419e+06 3.686977e-115
2.630268e-03 2.691535e-03 9.040621e+06 9.040621e+06 8.417557e+06 9.504270e+06 4.744683e-115
2.691535e-03 2.754229e-03 9.314074e+06 9.314074e+06 8.675654e+06 9.710922e+06 6.105823e-115
2.754229e-03 2.818383e-03 9.452937e+06 9.452937e+06 8.809049e+06 9.915174e+06 7.857436e-115
2.818383e-03 2.884032e-03 9.659694e+06 9.659694e+06 9.004239e+06 1.012771e+07 1.011155e-114
2.884032e-03 2.951209e-03 9.836228e+06 9.836228e+06 9.171132e+06 1.032634e+07 1.301231e-114
2.951209e-03 3.019952e-03 1.006906e+07 1.006906e+07 9.390943e+06 1.055623e+07 1.674522e-114
3.019952e-03 3.090295e-03 1.031280e+07 1.031280e+07 9.621136e+06 1.079811e+07 2.154901e-114
3.090295e-03 3.162278e-03 1.044614e+07 1.044614e+07 9.747569e+06 1.098622e+07 2.773092e-114
3.162278e-03 3.235937e-03 1.066937e+07 1.066937e+07 9.958524e+06 1.123662e+07 3.568631e-114
3.235937e-03 3.311311e-03 1.089904e+07 1.089904e+07 1.017539e+07 1.147146e+07 4.592381e-114
3.311311e-03 3.388442e-03 1.118633e+07 1.118633e+07 1.044645e+07 1.173912e+07 5.909826e-114
3.388442e-03 3.467369e-03 1.136351e+07 1.136351e+07 1.061416e+07 1.192675e+07 7.605223e-114
3.467369e-03 3.548134e-03 1.162961e+07 1.162961e+07 1.086622e+07 1.220306e+07 9.786974e-114
3.548134e-03 3.630781e-03 1.189489e+07 1.189489e+07 1.111770e+07 1.248759e+07 1.259462e-113
3.630781e-03 3.715352e-03 1.207095e+07 1.207095e+07 1.128511e+07 1.271384e+07 1.620771e-113
3.715352e-03 3.801894e-03 1.220245e+07 1.220245e+07 1.141091e+07 1.294235e+07 2.085730e-113
3.801894e-03 3.890451e-03 1.244289e+07 1.244289e+07 1.163988e+07 1.327384e+07 2.684076e-113
3.890451e-03 3.981072e-03 1.258632e+07 1.258632e+07 1.177658e+07 1.347797e+07 3.454075e-113
3.981072e-03 4.073803e-03 1.287875e+07 1.287875e+07 1.205402e+07 1.378681e+07 4.444970e-113
4.073803e-03 4.168694e-03 1.309838e+07 1.309838e+07 1.226304e+07 1.406668e+07 5.720125e-113
4.168694e-03 4.265795e-03 1.334013e+07 1.334013e+07 1.249321e+07 1.437878e+07 7.361089e-113
4.265795e-03 4.365158e-03 1.352698e+07 1.352698e+07 1.267117e+07 1.461352e+07 9.472804e-113
4.365158e-03 4.466836e-03 1.388804e+07 1.388804e+07 1.301440e+07 1.495794e+07 1.219033e-112
4.466836e-03 4.570882e-03 1.410894e+07 1.410894e+07 1.322482e+07 1.521202e+07 1.568745e-112
4.570882e-03 4.677351e-03 1.435282e+07 1.435282e+07 1.345596e+07 1.555377e+07 2.018780e-112
4.677351e-03 4.786301e-03 1.459532e+07 1.459532e+07 1.368537e+07 1.583100e+07 2.597919e-112
4.786301e-03 4.897788e-03 1.479176e+07 1.479176e+07 1.387221e+07 1.616761e+07 3.343201e-112
4.897788e-03 5.011872e-03 1.444933e+07 1.444933e+07 1.355337e+07 1.647305e+07 4.302284e-112
5.011872e-03 5.128614e-03 1.457895e+07 1.457895e+07 1.367743e+07 1.680281e+07 5.536509e-112
5.128614e-03 5.248075e-03 1.489763e+07 1.489763e+07 1.397857e+07 1.713096e+07 7.124807e-112
5.248075e-03 5.370318e-03 1.522818e+07 1.522818e+07 1.429094e+07 1.746395e+07 9.168743e-112
5.370318e-03 5.495409e-03 1.560869e+07 1.560869e+07 1.465030e+07 1.780247e+07 1.179903e-111
5.495409e-03 5.623413e-03 1.595907e+07 1.595907e+07 1.498148e+07 1.814582e+07 1.518389e-111
5.623413e-03 5.754399e-03 1.630910e+07 1.630910e+07 1.531243e+07 1.849401e+07 1.953978e-111
5.754399e-03 5.888437e-03 1.677006e+07 1.677006e+07 1.574784e+07 1.887737e+07 2.514529e-111
5.888437e-03 6.025596e-03 1.711289e+07 1.711289e+07 1.607206e+07 1.920857e+07 3.235889e-111
6.025596e-03 6.165950e-03 1.750451e+07 1.750451e+07 1.644256e+07 1.957336e+07 4.164186e-111
6.165950e-03 6.309573e-03 1.790881e+07 1.790881e+07 1.682531e+07 1.993875e+07 5.358789e-111
6.309573e-03 6.456542e-03 1.831179e+07 1.831179e+07 1.720698e+07 2.030484e+07 6.896096e-111
6.456542e-03 6.606934e-03 1.876097e+07 1.876097e+07 1.763199e+07 2.065109e+07 8.874422e-111
6.606934e-03 6.760830e-03 1.921478e+07 1.921478e+07 1.806244e+07 2.111392e+07 1.142029e-110
6.760830e-03 6.918310e-03 1.951159e+07 1.951159e+07 1.834397e+07 2.140804e+07 1.469650e-110
6.918310e-03 7.079458e-03 2.012895e+07 2.012895e+07 1.892860e+07 2.189434e+07 1.891258e-110
7.079458e-03 7.244360e-03 2.043871e+07 2.043871e+07 1.922269e+07 2.219296e+07 2.433815e-110
7.244360e-03 7.413102e-03 2.098810e+07 2.098810e+07 1.974397e+07 2.264172e+07 3.132017e-110
7.413102e-03 7.585776e-03 2.147745e+07 2.147745e+07 2.020849e+07 2.304669e+07 4.030518e-110
7.585776e-03 7.762471e-03 2.191757e+07 2.191757e+07 2.062684e+07 2.345532e+07 5.186778e-110
7.762471e-03 7.943282e-03 2.238484e+07 2.238484e+07 2.107138e+07 2.391424e+07 6.674738e-110
7.943282e-03 8.128305e-03 2.279267e+07 2.279267e+07 2.145821e+07 2.424237e+07 8.589561e-110
8.128305e-03 8.317638e-03 2.326790e+07 2.326790e+07 2.190793e+07 2.470848e+07 1.105371e-109
8.317638e-03 8.511380e-03 2.380690e+07 2.380690e+07 2.241756e+07 2.513361e+07 1.422475e-109
8.511380e-03 8.709636e-03 2.436680e+07 2.436680e+07 2.294711e+07 2.559375e+07 1.830549e-109
8.709636e-03 8.912509e-03 2.472816e+07 2.472816e+07 2.328934e+07 2.596650e+07 2.355690e-109
8.912509e-03 9.120108e-03 2.534834e+07 2.534834e+07 2.387614e+07 2.645145e+07 3.031480e-109
9.120108e-03 9.332543e-03 2.581478e+07 2.581478e+07 2.431773e+07 2.685336e+07 3.901140e-109
9.332543e-03 9.549926e-03 2.635651e+07 2.635651e+07 2.483025e+07 2.731516e+07 5.020286e-109
9.549926e-03 9.772372e-03 2.680732e+07 2.680732e+07 2.525709e+07 2.776058e+07 6.460485e-109
9.772372e-03 1.000000e-02 2.693936e+07 2.693936e+07 2.538363e+07 2.820968e+07 8.313844e-109
1.000000e-02 1.023293e-02 2.748234e+07 2.748234e+07 2.589749e+07 2.866910e+07 1.069889e-108
1.023293e-02 1.047129e-02 2.811801e+07 2.811801e+07 2.649865e+07 2.910503e+07 1.376818e-108
1.047129e-02 1.071519e-02 2.870711e+07 2.870711e+07 2.705617e+07 2.957408e+07 1.771791e-108
1.071519e-02 1.096478e-02 2.923510e+07 2.923510e+07 2.755609e+07 3.002663e+07 2.280068e-108
1.096478e-02 1.122018e-02 2.981407e+07 2.981407e+07 2.810436e+07 3.052176e+07 2.934163e-108
1.122018e-02 1.148154e-02 3.029698e+07 3.029698e+07 2.856161e+07 3.091443e+07 3.775915e-108
1.148154e-02 1.174898e-02 3.092647e+07 3.092647e+07 2.915788e+07 3.145131e+07 4.859156e-108
1.174898e-02 1.202264e-02 3.138102e+07 3.138102e+07 2.958849e+07 3.183310e+07 6.253108e-108
1.202264e-02 1.230269e-02 3.193038e+07 3.193038e+07 3.010919e+07 3.233429e+07 8.046968e-108
1.230269e-02 1.258925e-02 3.256490e+07 3.256490e+07 3.071040e+07 3.285501e+07 1.035545e-107
1.258925e-02 1.288250e-02 3.298538e+07 3.298538e+07 3.110916e+07 3.320904e+07 1.332620e-107
1.288250e-02 1.318257e-02 3.368424e+07 3.368424e+07 3.177215e+07 3.378212e+07 1.714921e-107
1.318257e-02 1.348963e-02 3.394711e+07 3.394711e+07 3.202272e+07 3.413046e+07 2.206888e-107
1.348963e-02 1.380384e-02 3.422972e+07 3.422972e+07 3.229348e+07 3.464600e+07 2.839986e-107
1.380384e-02 1.412538e-02 3.474813e+07 3.474813e+07 3.278637e+07 3.510658e+07 3.654715e-107
1.412538e-02 1.445440e-02 3.527658e+07 3.527658e+07 3.328881e+07 3.556139e+07 4.703174e-107
1.445440e-02 1.479108e-02 3.579907e+07 3.579907e+07 3.378573e+07 3.601364e+07 6.052383e-107
1.479108e-02 1.513561e-02 3.623819e+07 3.623819e+07 3.420412e+07 3.646936e+07 7.788654e-107
1.513561e-02 1.548817e-02 3.675353e+07 3.675353e+07 3.469448e+07 3.691493e+07 1.002306e-106
1.548817e-02 1.584893e-02 3.730339e+07 3.730339e+07 3.521755e+07 3.735662e+07 1.289844e-106
1.584893e-02 1.621810e-02 3.784478e+07 3.784478e+07 3.573275e+07 3.779680e+07 1.659867e-106
1.621810e-02 1.659587e-02 3.838371e+07 3.838371e+07 3.624574e+07 3.823185e+07 2.136045e-106
1.659587e-02 1.698244e-02 3.892063e+07 3.892063e+07 3.675718e+07 3.868574e+07 2.748830e-106
1.698244e-02 1.737801e-02 3.941138e+07 3.941138e+07 3.722418e+07 3.905600e+07 3.537404e-106
1.737801e-02 1.778279e-02 3.994754e+07 3.994754e+07 3.773322e+07 3.949866e+07 4.552190e-106
1.778279e-02 1.819701e-02 4.045728e+07 4.045728e+07 3.821722e+07 3.990807e+07 5.858104e-106
1.819701e-02 1.862087e-02 4.098762e+07 4.098762e+07 3.872074e+07 4.031062e+07 7.538661e-106
1.862087e-02 1.905461e-02 4.152666e+07 4.152666e+07 3.923251e+07 4.069967e+07 9.701327e-106
1.905461e-02 1.949845e-02 4.193964e+07 4.193964e+07 3.962479e+07 4.108694e+07 1.248443e-105
1.949845e-02 1.995262e-02 4.235856e+07 4.235856e+07 4.002271e+07 4.146142e+07 1.606588e-105
1.995262e-02 2.041738e-02 4.277785e+07 4.277785e+07 4.042102e+07 4.182564e+07 2.067478e-105
2.041738e-02 2.089296e-02 4.323916e+07 4.323916e+07 4.085919e+07 4.219822e+07 2.660590e-105
2.089296e-02 2.137962e-02 4.358742e+07 4.358742e+07 4.119051e+07 4.250250e+07 3.423848e-105
2.137962e-02 2.187762e-02 4.407728e+07 4.407728e+07 4.165614e+07 4.285198e+07 4.406074e-105
2.187762e-02 2.238721e-02 4.450588e+07 4.450588e+07 4.206377e+07 4.316861e+07 5.670071e-105
2.238721e-02 2.290868e-02 4.489604e+07 4.489604e+07 4.243512e+07 4.347174e+07 7.296678e-105
2.290868e-02 2.344229e-02 4.520523e+07 4.520523e+07 4.273025e+07 4.379123e+07 9.389929e-105
2.344229e-02 2.398833e-02 4.540238e+07 4.540238e+07 4.291869e+07 4.400731e+07 1.208367e-104
2.398833e-02 2.454709e-02 4.565830e+07 4.565830e+07 4.316383e+07 4.432443e+07 1.555018e-104
2.454709e-02 2.511886e-02 4.582747e+07 4.582747e+07 4.332610e+07 4.453710e+07 2.001113e-104
2.511886e-02 2.570396e-02 4.610087e+07 4.610087e+07 4.358664e+07 4.473825e+07 2.575186e-104
2.570396e-02 2.630268e-02 4.647941e+07 4.647941e+07 4.394569e+07 4.497108e+07 3.313948e-104
2.630268e-02 2.691535e-02 4.678883e+07 4.678883e+07 4.423926e+07 4.516165e+07 4.264641e-104
2.691535e-02 2.754229e-02 4.713740e+07 4.713740e+07 4.456985e+07 4.533158e+07 5.488067e-104
2.754229e-02 2.818383e-02 4.730928e+07 4.730928e+07 4.473338e+07 4.548194e+07 7.062461e-104
2.818383e-02 2.884032e-02 4.745973e+07 4.745973e+07 4.487666e+07 4.561288e+07 9.088516e-104
2.884032e-02 2.951209e-02 4.760951e+07 4.760951e+07 4.501931e+07 4.572211e+07 1.169579e-103
2.951209e-02 3.019952e-02 4.771953e+07 4.771953e+07 4.512437e+07 4.580957e+07 1.505102e-103
3.019952e-02 3.090295e-02 4.785941e+07 4.785941e+07 4.525766e+07 4.587464e+07 1.936880e-103
3.090295e-02 3.162278e-02 4.790986e+07 4.790986e+07 4.530640e+07 4.591672e+07 2.492525e-103
3.162278e-02 3.235937e-02 4.793991e+07 4.793991e+07 4.533585e+07 4.593522e+07 3.207575e-103
3.235937e-02 3.311311e-02 4.792008e+07 4.792008e+07 4.531813e+07 4.592947e+07 4.127748e-103
3.311311e-02 3.388442e-02 4.777037e+07 4.777037e+07 4.517756e+07 4.589906e+07 5.311901e-103
3.388442e-02 3.467369e-02 4.771261e+07 4.771261e+07 4.512407e+07 4.583555e+07 6.835766e-103
3.467369e-02 3.548134e-02 4.765728e+07 4.765728e+07 4.507255e+07 4.577035e+07 8.796779e-103
3.548134e-02 3.630781e-02 4.748075e+07 4.748075e+07 4.490672e+07 4.565361e+07 1.132036e-102
3.630781e-02 3.715352e-02 4.741039e+07 4.741039e+07 4.484118e+07 4.551943e+07 1.456790e-102
3.715352e-02 3.801894e-02 4.718106e+07 4.718106e+07 4.462529e+07 4.535788e+07 1.874707e-102
3.801894e-02 3.890451e-02 4.696088e+07 4.696088e+07 4.441805e+07 4.516896e+07 2.412515e-102
3.890451e-02 3.981072e-02 4.665102e+07 4.665102e+07 4.412596e+07 4.495240e+07 3.104609e-102
3.981072e-02 4.073803e-02 4.638125e+07 4.638125e+07 4.387178e+07 4.470724e+07 3.995251e-102
4.073803e-02 4.168694e-02 4.606235e+07 4.606235e+07 4.357112e+07 4.443462e+07 5.141393e-102
4.168694e-02 4.265795e-02 4.565340e+07 4.565340e+07 4.318526e+07 4.413383e+07 6.616332e-102
4.265795e-02 4.365158e-02 4.517340e+07 4.517340e+07 4.273218e+07 4.380480e+07 8.514395e-102
4.365158e-02 4.466836e-02 4.472262e+07 4.472262e+07 4.230671e+07 4.344657e+07 1.095698e-101
4.466836e-02 4.570882e-02 4.423313e+07 4.423313e+07 4.184460e+07 4.305997e+07 1.410028e-101
4.570882e-02 4.677351e-02 4.369366e+07 4.369366e+07 4.133528e+07 4.260624e+07 1.814530e-101
4.677351e-02 4.786301e-02 4.324917e+07 4.324917e+07 4.091554e+07 4.224308e+07 2.335075e-101
4.786301e-02 4.897788e-02 4.264226e+07 4.264226e+07 4.034236e+07 4.173152e+07 3.004954e-101
4.897788e-02 5.011872e-02 4.201393e+07 4.201393e+07 3.974882e+07 4.123324e+07 3.867001e-101
5.011872e-02 5.128614e-02 4.133511e+07 4.133511e+07 3.910748e+07 4.070783e+07 4.976354e-101
5.128614e-02 5.248075e-02 4.066497e+07 4.066497e+07 3.847432e+07 4.015575e+07 6.403956e-101
5.248075e-02 5.370318e-02 3.992409e+07 3.992409e+07 3.777419e+07 3.957752e+07 8.241097e-101
5.370318e-02 5.495409e-02 3.919252e+07 3.919252e+07 3.708286e+07 3.897250e+07 1.060527e-100
5.495409e-02 5.623413e-02 3.844200e+07 3.844200e+07 3.637355e+07 3.834252e+07 1.364766e-100
5.623413e-02 5.754399e-02 3.766201e+07 3.766201e+07 3.563633e+07 3.768833e+07 1.756284e-100
5.754399e-02 5.888437e-02 3.686209e+07 3.686209e+07 3.488022e+07 3.701077e+07 2.260122e-100
5.888437e-02 6.025596e-02 3.603341e+07 3.603341e+07 3.409686e+07 3.630943e+07 2.908498e-100
6.025596e-02 6.165950e-02 3.512586e+07 3.512586e+07 3.323883e+07 3.558787e+07 3.742876e-100
6.165950e-02 6.309573e-02 3.421665e+07 3.421665e+07 3.237919e+07 3.484586e+07 4.816615e-100
6.309573e-02 6.456542e-02 3.324305e+07 3.324305e+07 3.145864e+07 3.401410e+07 6.198385e-100
6.456542e-02 6.606934e-02 3.247751e+07 3.247751e+07 3.073475e+07 3.337125e+07 7.976554e-100
6.606934e-02 6.760830e-02 3.149623e+07 3.149623e+07 2.980686e+07 3.250599e+07 1.026484e-99
6.760830e-02 6.918310e-02 3.053561e+07 3.053561e+07 2.889841e+07 3.169268e+07 1.320959e-99
6.918310e-02 7.079458e-02 2.958407e+07 2.958407e+07 2.799851e+07 3.086514e+07 1.699910e-99
7.079458e-02 7.244360e-02 2.849662e+07 2.849662e+07 2.697002e+07 2.992023e+07 2.187574e-99
7.244360e-02 7.413102e-02 2.765665e+07 2.765665e+07 2.617555e+07 2.916421e+07 2.815136e-99
7.413102e-02 7.585776e-02 2.683652e+07 2.683652e+07 2.539985e+07 2.841163e+07 3.622731e-99
7.585776e-02 7.762471e-02 2.575535e+07 2.575535e+07 2.437725e+07 2.743827e+07 4.662007e-99
7.762471e-02 7.943282e-02 2.480409e+07 2.480409e+07 2.347749e+07 2.656080e+07 5.999423e-99
7.943282e-02 8.128305e-02 2.387361e+07 2.387361e+07 2.259734e+07 2.567720e+07 7.720514e-99
8.128305e-02 8.317638e-02 2.294464e+07 2.294464e+07 2.171859e+07 2.479036e+07 9.935350e-99
8.317638e-02 8.511380e-02 2.200540e+07 2.200540e+07 2.083006e+07 2.390309e+07 1.278556e-98
8.511380e-02 8.709636e-02 2.102170e+07 2.102170e+07 1.989946e+07 2.292323e+07 1.645343e-98
8.709636e-02 8.912509e-02 2.030412e+07 2.030412e+07 1.922057e+07 2.221554e+07 2.117353e-98
8.912509e-02 9.120108e-02 1.933632e+07 1.933632e+07 1.830493e+07 2.124538e+07 2.724771e-98
9.120108e-02 9.332543e-02 1.842649e+07 1.842649e+07 1.744410e+07 2.030548e+07 3.506443e-98
9.332543e-02 9.549926e-02 1.770123e+07 1.770123e+07 1.675787e+07 1.955344e+07 4.512359e-98
9.549926e-02 9.772372e-02 1.683482e+07 1.683482e+07 1.593807e+07 1.863234e+07 5.806847e-98
9.772372e-02 1.000000e-01 1.603396e+07 1.603396e+07 1.518025e+07 1.777818e+07 7.472692e-98
1.000000e-01 1.023293e-01 1.515704e+07 1.515704e+07 1.435042e+07 1.683347e+07 9.616431e-98
1.023293e-01 1.047129e-01 1.459503e+07 1.459503e+07 1.381859e+07 1.620570e+07 1.237519e-97
1.047129e-01 1.071519e-01 1.378612e+07 1.378612e+07 1.305313e+07 1.528937e+07 1.592530e-97
1.071519e-01 1.096478e-01 1.309638e+07 1.309638e+07 1.240046e+07 1.449693e+07 2.049383e-97
1.096478e-01 1.122018e-01 1.242010e+07 1.242010e+07 1.176050e+07 1.371596e+07 2.637300e-97
1.122018e-01 1.148154e-01 1.176000e+07 1.176000e+07 1.113582e+07 1.294797e+07 3.393888e-97
1.148154e-01 1.174898e-01 1.114223e+07 1.114223e+07 1.055118e+07 1.220564e+07 4.367532e-97
1.174898e-01 1.202264e-01 1.051797e+07 1.051797e+07 9.960372e+06 1.143024e+07 5.620451e-97
1.202264e-01 1.230269e-01 1.003892e+07 1.003892e+07 9.506977e+06 1.083617e+07 7.232818e-97
1.230269e-01 1.258925e-01 9.469000e+06 9.469000e+06 8.967572e+06 1.010270e+07 9.307742e-97
1.258925e-01 1.288250e-01 8.899992e+06 8.899992e+06 8.428993e+06 9.383539e+06 1.197792e-96
1.288250e-01 1.318257e-01 8.516213e+06 8.516213e+06 8.065595e+06 8.881413e+06 1.541415e-96
1.318257e-01 1.348963e-01 8.028000e+06 8.028000e+06 7.603252e+06 8.209858e+06 1.983607e-96
1.348963e-01 1.380384e-01 7.572539e+06 7.572539e+06 7.171921e+06 7.629967e+06 2.552651e-96
1.380384e-01 1.412538e-01 7.173440e+06 7.173440e+06 6.793967e+06 7.071196e+06 3.284950e-96
1.412538e-01 1.445440e-01 6.789486e+06 6.789486e+06 6.430353e+06 6.542308e+06 4.227332e-96
1.445440e-01 1.479108e-01 6.434631e+06 6.434631e+06 6.094296e+06 6.038816e+06 5.440035e-96
1.479108e-01 1.513561e-01 6.058748e+06 6.058748e+06 5.738322e+06 5.498726e+06 7.000639e-96
1.513561e-01 1.548817e-01 5.812224e+06 5.812224e+06 5.504860e+06 5.154088e+06 9.008981e-96
1.548817e-01 1.584893e-01 5.486460e+06 5.486460e+06 5.196365e+06 4.675136e+06 1.159344e-95
1.584893e-01 1.621810e-01 5.173494e+06 5.173494e+06 4.899987e+06 4.227725e+06 1.491930e-95
1.621810e-01 1.659587e-01 4.975496e+06 4.975496e+06 4.712484e+06 3.930112e+06 1.919931e-95
1.659587e-01 1.698244e-01 4.706586e+06 4.706586e+06 4.457825e+06 3.536926e+06 2.470717e-95
1.698244e-01 1.737801e-01 4.487413e+06 4.487413e+06 4.250266e+06 3.204775e+06 3.179508e-95
1.737801e-01 1.778279e-01 4.279023e+06 4.279023e+06 4.052919e+06 2.895697e+06 4.091623e-95
1.778279e-01 1.819701e-01 4.083044e+06 4.083044e+06 3.867324e+06 2.608946e+06 5.265412e-95
1.819701e-01 1.862087e-01 3.905256e+06 3.905256e+06 3.698956e+06 2.343713e+06 6.775939e-95
1.862087e-01 1.905461e-01 3.741612e+06 3.741612e+06 3.543982e+06 2.100419e+06 8.719797e-95
1.905461e-01 1.949845e-01 3.582141e+06 3.582141e+06 3.392959e+06 1.874207e+06 1.122132e-94
1.949845e-01 1.995262e-01 3.442479e+06 3.442479e+06 3.260697e+06 1.668220e+06 1.444042e-94
1.995262e-01 2.041738e-01 3.311670e+06 3.311670e+06 3.136818e+06 1.480095e+06 1.858301e-94
2.041738e-01 2.089296e-01 3.182711e+06 3.182711e+06 3.014690e+06 1.308859e+06 2.391405e-94
2.089296e-01 2.137962e-01 3.065490e+06 3.065490e+06 2.903678e+06 1.153529e+06 3.077441e-94
2.137962e-01 2.187762e-01 2.966572e+06 2.966572e+06 2.810003e+06 1.012491e+06 3.960291e-94
2.187762e-01 2.238721e-01 2.860801e+06 2.860801e+06 2.709834e+06 8.797932e+05 5.096403e-94
2.238721e-01 2.290868e-01 2.775868e+06 2.775868e+06 2.629401e+06 7.785979e+05 6.558439e-94
2.290868e-01 2.344229e-01 2.689580e+06 2.689580e+06 2.547685e+06 6.714046e+05 8.439905e-94
2.344229e-01 2.398833e-01 2.604422e+06 2.604422e+06 2.467038e+06 5.807454e+05 1.086110e-93
2.398833e-01 2.454709e-01 2.528567e+06 2.528567e+06 2.395202e+06 5.004084e+05 1.397689e-93
2.454709e-01 2.511886e-01 2.460644e+06 2.460644e+06 2.330877e+06 4.297648e+05 1.798651e-93
2.511886e-01 2.570396e-01 2.389441e+06 2.389441e+06 2.263446e+06 3.675840e+05 2.314642e-93
2.570396e-01 2.630268e-01 2.324113e+06 2.324113e+06 2.201579e+06 3.128854e+05 2.978660e-93
2.630268e-01 2.691535e-01 2.268212e+06 2.268212e+06 2.148641e+06 2.650374e+05 3.833167e-93
2.691535e-01 2.754229e-01 2.208445e+06 2.208445e+06 2.092040e+06 2.238425e+05 4.932813e-93
2.754229e-01 2.818383e-01 2.156220e+06 2.156220e+06 2.042582e+06 1.881970e+05 6.347918e-93
2.818383e-01 2.884032e-01 2.103095e+06 2.103095e+06 1.992271e+06 1.572971e+05 8.168987e-93
2.884032e-01 2.951209e-01 2.053163e+06 2.053163e+06 1.944985e+06 1.309573e+05 1.051247e-92
2.951209e-01 3.019952e-01 1.993270e+06 1.993270e+06 1.888263e+06 1.061390e+05 1.352824e-92
3.019952e-01 3.090295e-01 1.961916e+06 1.961916e+06 1.858571e+06 9.157426e+04 1.740916e-92
3.090295e-01 3.162278e-01 1.913125e+06 1.913125e+06 1.812365e+06 7.340660e+04 2.240344e-92
3.162278e-01 3.235937e-01 1.860967e+06 1.860967e+06 1.762968e+06 5.870587e+04 2.883049e-92
3.235937e-01 3.311311e-01 1.828160e+06 1.828160e+06 1.731896e+06 4.965615e+04 3.710124e-92
3.311311e-01 3.388442e-01 1.787091e+06 1.787091e+06 1.692991e+06 3.927442e+04 4.774470e-92
3.388442e-01 3.467369e-01 1.747030e+06 1.747030e+06 1.655040e+06 3.152663e+04 6.144159e-92
3.467369e-01 3.548134e-01 1.707065e+06 1.707065e+06 1.617181e+06 2.516765e+04 7.906767e-92
3.548134e-01 3.630781e-01 1.673151e+06 1.673151e+06 1.585053e+06 1.997780e+04 1.017503e-91
3.630781e-01 3.715352e-01 1.632228e+06 1.632228e+06 1.546285e+06 1.577604e+04 1.309399e-91
3.715352e-01 3.801894e-01 1.596165e+06 1.596165e+06 1.512123e+06 1.237428e+04 1.685034e-91
3.801894e-01 3.890451e-01 1.563133e+06 1.563133e+06 1.480830e+06 9.646819e+03 2.168429e-91
3.890451e-01 3.981072e-01 1.530109e+06 1.530109e+06 1.449546e+06 7.473475e+03 2.790501e-91
3.981072e-01 4.073803e-01 1.490185e+06 1.490185e+06 1.411725e+06 5.749060e+03 3.591033e-91
4.073803e-01 4.168694e-01 1.458102e+06 1.458102e+06 1.381332e+06 4.358232e+03 4.621213e-91
4.168694e-01 4.265795e-01 1.426356e+06 1.426356e+06 1.351259e+06 3.373120e+03 5.946926e-91
4.265795e-01 4.365158e-01 1.392234e+06 1.392234e+06 1.318935e+06 2.519722e+03 7.652953e-91
4.365158e-01 4.466836e-01 1.354221e+06 1.354221e+06 1.282925e+06 1.886160e+03 9.848406e-91
4.466836e-01 4.570882e-01 1.320217e+06 1.320217e+06 1.250713e+06 1.401878e+03 1.267368e-90
4.570882e-01 4.677351e-01 1.289180e+06 1.289180e+06 1.221311e+06 1.034975e+03 1.630945e-90
4.677351e-01 4.786301e-01 1.257117e+06 1.257117e+06 1.190938e+06 7.577628e+02 2.098825e-90
4.786301e-01 4.897788e-01 1.224133e+06 1.224133e+06 1.159692e+06 5.502081e+02 2.700928e-90
4.897788e-01 5.011872e-01 1.194187e+06 1.194187e+06 1.131324e+06 3.966892e+02 3.475758e-90
5.011872e-01 5.128614e-01 1.161248e+06 1.161248e+06 1.100120e+06 2.836925e+02 4.472872e-90
5.128614e-01 5.248075e-01 1.135193e+06 1.135193e+06 1.075438e+06 2.011978e+02 5.756037e-90
5.248075e-01 5.370318e-01 1.106160e+06 1.106160e+06 1.047935e+06 1.414742e+02 7.407306e-90
5.370318e-01 5.495409e-01 1.079093e+06 1.079093e+06 1.022294e+06 9.854861e+01 9.532284e-90
5.495409e-01 5.623413e-01 1.048055e+06 1.048055e+06 9.928908e+05 6.514291e+01 1.226686e-89
5.623413e-01 5.754399e-01 1.029944e+06 1.029944e+06 9.757343e+05 4.890769e+01 1.578593e-89
5.754399e-01 5.888437e-01 9.997714e+05 9.997714e+05 9.471508e+05 3.157041e+01 2.031455e-89
5.888437e-01 6.025596e-01 9.785871e+05 9.785871e+05 9.270826e+05 2.118960e+01 2.614232e-89
6.025596e-01 6.165950e-01 9.550520e+05 9.550520e+05 9.047874e+05 1.409626e+01 3.364191e-89
6.165950e-01 6.309573e-01 9.299835e+05 9.299835e+05 8.810394e+05 9.283651e+00 4.329295e-89
6.309573e-01 6.456542e-01 9.088689e+05 9.088689e+05 8.610371e+05 6.047872e+00 5.571265e-89
6.456542e-01 6.606934e-01 8.883646e+05 8.883646e+05 8.416130e+05 3.901706e+00 7.169528e-89
6.606934e-01 6.760830e-01 8.656572e+05 8.656572e+05 8.201016e+05 2.488386e+00 9.226299e-89
6.760830e-01 6.918310e-01 8.470087e+05 8.470087e+05 8.024355e+05 1.569808e+00 1.187311e-88
6.918310e-01 7.079458e-01 8.297737e+05 8.297737e+05 7.861085e+05 9.792734e-01 1.527922e-88
7.079458e-01 7.244360e-01 8.097658e+05 8.097658e+05 7.671544e+05 6.035504e-01 1.966247e-88
7.244360e-01 7.413102e-01 7.896763e+05 7.896763e+05 7.481231e+05 3.677381e-01 2.530315e-88
7.413102e-01 7.585776e-01 7.748769e+05 7.748769e+05 7.341034e+05 2.214309e-01 3.256202e-88
7.585776e-01 7.762471e-01 7.556542e+05 7.556542e+05 7.158931e+05 1.311452e-01 4.190329e-88
7.762471e-01 7.943282e-01 7.400129e+05 7.400129e+05 7.010757e+05 7.787732e-02 5.392432e-88
7.943282e-01 8.128305e-01 7.242605e+05 7.242605e+05 6.861530e+05 4.483821e-02 6.939393e-88
8.128305e-01 8.317638e-01 7.070858e+05 7.070858e+05 6.698829e+05 2.564766e-02 8.930143e-88
8.317638e-01 8.511380e-01 6.904953e+05 6.904953e+05 6.541661e+05 1.448527e-02 1.149199e-87
8.511380e-01 8.709636e-01 6.750870e+05 6.750870e+05 6.395692e+05 8.062440e-03 1.478876e-87
8.709636e-01 8.912509e-01 6.607962e+05 6.607962e+05 6.260311e+05 4.422861e-03 1.903130e-87
8.912509e-01 9.120108e-01 6.433257e+05 6.433257e+05 6.094805e+05 2.394917e-03 2.449092e-87
9.120108e-01 9.332543e-01 6.302852e+05 6.302852e+05 5.971268e+05 1.275731e-03 3.151679e-87
9.332543e-01 9.549926e-01 6.140092e+05 6.140092e+05 5.817079e+05 6.695398e-04 4.055822e-87
9.549926e-01 9.772372e-01 6.022696e+05 6.022696e+05 5.705866e+05 3.462039e-04 5.219340e-87
9.772372e-01 1.000000e+00 5.881699e+05 5.881699e+05 5.572293e+05 1.759446e-04 6.716644e-87
1.000000e+00 1.023293e+00 5.751032e+05 5.751032e+05 5.448507e+05 8.805281e-05 8.643491e-87
1.023293e+00 1.047129e+00 5.599167e+05 5.599167e+05 5.304638e+05 3.996745e-05 1.112313e-86
1.047129e+00 1.071519e+00 5.494697e+05 5.494697e+05 5.205669e+05 2.311981e-05 1.431406e-86
1.071519e+00 1.096478e+00 5.354146e+05 5.354146e+05 5.072518e+05 1.000717e-05 1.842037e-86
1.096478e+00 1.122018e+00 5.237008e+05 5.237008e+05 4.961548e+05 4.663770e-06 2.370472e-86
1.122018e+00 1.148154e+00 5.111000e+05 5.111000e+05 4.842174e+05 2.126675e-06 3.050512e-86
1.148154e+00 1.174898e+00 5.003389e+05 5.003389e+05 4.740229e+05 9.594860e-07 3.925648e-86
1.174898e+00 1.202264e+00 4.895344e+05 4.895344e+05 4.637873e+05 4.242996e-07 5.051803e-86
1.202264e+00 1.230269e+00 4.780928e+05 4.780928e+05 4.529480e+05 1.838343e-07 6.501039e-86
1.230269e+00 1.258925e+00 4.673000e+05 4.673000e+05 4.427234e+05 7.763660e-08 8.366033e-86
1.258925e+00 1.288250e+00 4.576247e+05 4.576247e+05 4.335575e+05 3.238056e-08 1.076606e-85
1.288250e+00 1.318257e+00 4.473977e+05 4.473977e+05 4.238690e+05 1.319915e-08 1.385462e-85
1.318257e+00 1.348963e+00 4.367000e+05 4.367000e+05 4.137344e+05 5.236795e-09 1.782916e-85
1.348963e+00 1.380384e+00 4.275109e+05 4.275109e+05 4.050290e+05 2.048898e-09 2.294387e-85
1.380384e+00 1.412538e+00 4.184240e+05 4.184240e+05 3.964205e+05 7.731078e-10 2.952596e-85
1.412538e+00 1.445440e+00 4.095611e+05 4.095611e+05 3.880241e+05 2.939138e-10 3.799632e-85
1.445440e+00 1.479108e+00 4.003163e+05 4.003163e+05 3.792660e+05 1.062506e-10 4.889640e-85
1.479108e+00 1.513561e+00 3.902415e+05 3.902415e+05 3.697214e+05 3.739929e-11 6.292351e-85
1.513561e+00 1.548817e+00 3.817070e+05 3.817070e+05 3.616362e+05 1.310535e-11 8.097499e-85
1.548817e+00 1.584893e+00 3.722141e+05 3.722141e+05 3.526429e+05 4.448737e-12 1.042048e-84
1.584893e+00 1.621810e+00 3.655638e+05 3.655638e+05 3.463427e+05 1.459255e-12 1.340985e-84
1.621810e+00 1.659587e+00 3.558168e+05 3.558168e+05 3.371086e+05 4.345374e-13 1.725683e-84
1.659587e+00 1.698244e+00 3.498437e+05 3.498437e+05 3.314501e+05 1.655206e-13 2.220743e-84
1.698244e+00 1.737801e+00 3.417493e+05 3.417493e+05 3.237820e+05 4.434951e-14 2.857822e-84
1.737801e+00 1.778279e+00 3.338815e+05 3.338815e+05 3.163286e+05 1.169421e-14 3.677654e-84
1.778279e+00 1.819701e+00 3.271580e+05 3.271580e+05 3.099593e+05 4.466750e-15 4.732685e-84
1.819701e+00 1.862087e+00 3.196473e+05 3.196473e+05 3.028446e+05 1.043856e-15 6.090385e-84
1.862087e+00 1.905461e+00 3.121282e+05 3.121282e+05 2.957217e+05 2.827819e-16 7.837574e-84
1.905461e+00 1.949845e+00 3.040137e+05 3.040137e+05 2.880348e+05 6.389185e-17 1.008600e-83
1.949845e+00 1.995262e+00 2.997821e+05 2.997821e+05 2.840264e+05 2.321932e-17 1.297941e-83
1.995262e+00 2.041738e+00 2.923348e+05 2.923348e+05 2.769715e+05 4.594579e-18 1.670288e-83
2.041738e+00 2.089296e+00 2.857364e+05 2.857364e+05 2.707207e+05 1.093531e-18 2.149455e-83
2.089296e+00 2.137962e+00 2.795260e+05 2.795260e+05 2.648376e+05 2.509020e-19 2.766082e-83
2.137962e+00 2.187762e+00 2.743301e+05 2.743301e+05 2.599155e+05 5.550966e-20 3.559609e-83
2.187762e+00 2.238721e+00 2.673671e+05 2.673671e+05 2.533193e+05 1.200078e-20 4.580775e-83
2.238721e+00 2.290868e+00 2.615588e+05 2.615588e+05 2.478170e+05 2.487322e-21 5.894890e-83
2.290868e+00 2.344229e+00 2.561387e+05 2.561387e+05 2.426824e+05 4.930451e-22 7.585999e-83
2.344229e+00 2.398833e+00 2.499308e+05 2.499308e+05 2.368015e+05 9.353450e-23 9.762235e-83
2.398833e+00 2.454709e+00 2.447388e+05 2.447388e+05 2.318830e+05 1.727177e-23 1.256278e-82
2.454709e+00 2.511886e+00 2.393511e+05 2.393511e+05 2.267790e+05 3.085542e-24 1.616673e-82
2.511886e+00 2.570396e+00 2.345298e+05 2.345298e+05 2.222117e+05 5.217678e-25 2.080458e-82
2.570396e+00 2.630268e+00 2.292974e+05 2.292974e+05 2.172549e+05 8.064173e-26 2.677295e-82
2.630268e+00 2.691535e+00 2.244214e+05 2.244214e+05 2.126356e+05 1.385784e-26 3.445347e-82
2.691535e+00 2.754229e+00 2.183438e+05 2.183438e+05 2.068779e+05 1.980198e-27 4.433737e-82
2.754229e+00 2.818383e+00 2.148148e+05 2.148148e+05 2.035349e+05 2.813328e-28 5.705669e-82
2.818383e+00 2.884032e+00 2.102082e+05 2.102082e+05 1.991708e+05 3.769309e-29 7.342492e-82
2.884032e+00 2.951209e+00 2.047179e+05 2.047179e+05 1.939694e+05 4.936084e-30 9.448872e-82
2.951209e+00 3.019952e+00 2.001195e+05 2.001195e+05 1.896131e+05 6.154736e-31 1.215952e-81
3.019952e+00 3.090295e+00 1.958182e+05 1.958182e+05 1.855383e+05 7.278893e-32 1.564779e-81
3.090295e+00 3.162278e+00 1.923099e+05 1.923099e+05 1.822148e+05 8.128523e-33 2.013678e-81
3.162278e+00 3.235937e+00 1.877139e+05 1.877139e+05 1.778606e+05 8.635046e-34 2.591358e-81
3.235937e+00 3.311311e+00 1.832187e+05 1.832187e+05 1.736019e+05 8.826213e-35 3.334753e-81
3.311311e+00 3.388442e+00 1.799081e+05 1.799081e+05 1.704656e+05 8.399292e-36 4.291414e-81
3.388442e+00 3.467369e+00 1.757031e+05 1.757031e+05 1.664819e+05 7.499789e-37 5.522525e-81
3.467369e+00 3.548134e+00 1.717065e+05 1.717065e+05 1.626956e+05 6.454047e-38 7.106802e-81
3.548134e+00 3.630781e+00 1.670693e+05 1.670693e+05 1.583023e+05 4.363390e-39 9.145573e-81
3.630781e+00 3.715352e+00 1.647514e+05 1.647514e+05 1.561065e+05 6.850278e-40 1.176921e-80
3.715352e+00 3.801894e+00 1.609161e+05 1.609161e+05 1.524729e+05 2.953206e-41 1.514551e-80
3.801894e+00 3.890451e+00 1.574141e+05 1.574141e+05 1.491552e+05 1.985876e-42 1.949039e-80
3.890451e+00 3.981072e+00 1.538119e+05 1.538119e+05 1.457424e+05 1.251263e-43 2.508173e-80
3.981072e+00 4.073803e+00 1.500176e+05 1.500176e+05 1.421477e+05 7.521549e-45 3.227711e-80
4.073803e+00 4.168694e+00 1.474191e+05 1.474191e+05 1.396860e+05 4.348227e-46 4.153663e-80
4.168694e+00 4.265795e+00 1.441274e+05 1.441274e+05 1.365674e+05 2.305543e-47 5.345247e-80
4.265795e+00 4.365158e+00 1.413199e+05 1.413199e+05 1.339076e+05 1.109797e-48 6.878667e-80
4.365158e+00 4.466836e+00 1.377350e+05 1.377350e+05 1.305112e+05 4.372126e-50 8.851995e-80
4.466836e+00 4.570882e+00 1.354894e+05 1.354894e+05 1.283837e+05 2.844732e-51 1.139143e-79
4.570882e+00 4.677351e+00 1.314114e+05 1.314114e+05 1.245201e+05 7.488379e-53 1.465935e-79
4.677351e+00 4.786301e+00 1.293094e+05 1.293094e+05 1.225286e+05 3.681531e-54 1.886476e-79
4.786301e+00 4.897788e+00 1.264146e+05 1.264146e+05 1.197856e+05 9.039574e-56 2.427662e-79
4.897788e+00 5.011872e+00 1.235065e+05 1.235065e+05 1.170301e+05 3.394367e-57 3.124099e-79
5.011872e+00 5.128614e+00 1.215135e+05 1.215135e+05 1.151416e+05 9.342525e-59 4.020330e-79
5.128614e+00 5.248075e+00 1.181252e+05 1.181252e+05 1.119309e+05 2.478608e-60 5.173671e-79
5.248075e+00 5.370318e+00 1.162105e+05 1.162105e+05 1.101166e+05 5.748363e-62 6.657873e-79
5.370318e+00 5.495409e+00 1.136090e+05 1.136090e+05 1.076515e+05 1.195465e-63 8.567857e-79
5.495409e+00 5.623413e+00 1.111067e+05 1.111067e+05 1.052804e+05 2.353408e-65 1.102577e-78
5.623413e+00 5.754399e+00 1.087062e+05 1.087062e+05 1.030058e+05 4.336982e-67 1.418879e-78
5.754399e+00 5.888437e+00 1.063063e+05 1.063063e+05 1.007318e+05 7.334835e-69 1.825923e-78
5.888437e+00 6.025596e+00 1.038103e+05 1.038103e+05 9.836664e+04 1.207461e-70 2.349737e-78
6.025596e+00 6.165950e+00 1.020116e+05 1.020116e+05 9.666229e+04 1.898556e-72 3.023820e-78
6.165950e+00 6.309573e+00 9.942893e+04 9.942893e+04 9.421506e+04 2.541610e-74 3.891279e-78
6.309573e+00 6.456542e+00 9.741609e+04 9.741609e+04 9.230777e+04 3.060801e-76 5.007594e-78
6.456542e+00 6.606934e+00 9.522759e+04 9.522759e+04 9.023403e+04 3.235849e-78 6.444153e-78
6.606934e+00 6.760830e+00 9.321438e+04 9.321438e+04 8.832639e+04 2.456493e-80 8.292830e-78
6.760830e+00 6.918310e+00 9.162005e+04 9.162005e+04 8.681567e+04 7.033284e-82 1.067185e-77
6.918310e+00 7.079458e+00 8.942848e+04 8.942848e+04 8.473902e+04 1.557465e-84 1.373335e-77
7.079458e+00 7.244360e+00 8.731694e+04 8.731694e+04 8.273821e+04 9.583877e-87 1.767312e-77
7.244360e+00 7.413102e+00 8.560649e+04 8.560649e+04 8.111745e+04 6.035790e-89 2.274311e-77
7.413102e+00 7.585776e+00 8.377951e+04 8.377951e+04 7.938628e+04 3.710769e-91 2.926756e-77
7.585776e+00 7.762471e+00 8.183075e+04 8.183075e+04 7.753971e+04 1.833280e-93 3.766374e-77
7.762471e+00 7.943282e+00 7.991823e+04 7.991823e+04 7.572748e+04 6.858093e-96 4.846854e-77
7.943282e+00 8.128305e+00 7.811698e+04 7.811698e+04 7.402069e+04 2.425407e-98 6.237301e-77
8.128305e+00 8.317638e+00 7.666724e+04 7.666724e+04 7.264697e+04 0.000000e+00 8.026638e-77
8.317638e+00 8.511380e+00 7.492999e+04 7.492999e+04 7.100082e+04 0.000000e+00 1.032929e-76
8.511380e+00 8.709636e+00 7.355774e+04 7.355774e+04 6.970053e+04 0.000000e+00 1.329251e-76
8.709636e+00 8.912509e+00 7.192103e+04 7.192103e+04 6.814965e+04 0.000000e+00 1.710582e-76
8.912509e+00 9.120108e+00 7.031528e+04 7.031528e+04 6.662810e+04 0.000000e+00 2.201306e-76
9.120108e+00 9.332543e+00 6.894011e+04 6.894011e+04 6.532505e+04 0.000000e+00 2.832809e-76
9.332543e+00 9.549926e+00 6.736972e+04 6.736972e+04 6.383700e+04 0.000000e+00 3.645475e-76
9.549926e+00 9.772372e+00 6.583911e+04 6.583911e+04 6.238665e+04 0.000000e+00 4.691275e-76
9.772372e+00 1.000000e+01 6.450659e+04 6.450659e+04 6.112401e+04 0.000000e+00 6.037089e-76
1.000000e+01 1.023293e+01 6.287117e+04 6.287117e+04 5.957436e+04 0.000000e+00 7.768987e-76
1.023293e+01 1.047129e+01 6.161000e+04 6.161000e+04 5.837932e+04 0.000000e+00 9.997748e-76
1.047129e+01 1.071519e+01 6.014732e+04 6.014732e+04 5.699334e+04 0.000000e+00 1.286584e-75
1.071519e+01 1.096478e+01 5.918887e+04 5.918887e+04 5.608515e+04 0.000000e+00 1.655669e-75
1.096478e+01 1.122018e+01 5.776036e+04 5.776036e+04 5.473155e+04 0.000000e+00 2.130640e-75
1.122018e+01 1.148154e+01 5.658000e+04 5.658000e+04 5.361308e+04 0.000000e+00 2.741877e-75
1.148154e+01 1.174898e+01 5.518505e+04 5.518505e+04 5.229128e+04 0.000000e+00 3.528471e-75
1.174898e+01 1.202264e+01 5.420306e+04 5.420306e+04 5.136079e+04 0.000000e+00 4.540688e-75
1.202264e+01 1.230269e+01 5.304918e+04 5.304918e+04 5.026742e+04 0.000000e+00 5.843298e-75
1.230269e+01 1.258925e+01 5.170128e+04 5.170128e+04 4.899020e+04 0.000000e+00 7.519601e-75
1.258925e+01 1.288250e+01 5.064608e+04 5.064608e+04 4.799033e+04 0.000000e+00 9.676805e-75
1.288250e+01 1.318257e+01 4.941979e+04 4.941979e+04 4.682835e+04 0.000000e+00 1.245288e-74
1.318257e+01 1.348963e+01 4.843000e+04 4.843000e+04 4.589046e+04 0.000000e+00 1.602530e-74
1.348963e+01 1.380384e+01 4.762096e+04 4.762096e+04 4.512384e+04 0.000000e+00 2.062253e-74
1.380384e+01 1.412538e+01 4.632468e+04 4.632468e+04 4.389554e+04 0.000000e+00 2.653868e-74
1.412538e+01 1.445440e+01 4.552517e+04 4.552517e+04 4.313795e+04 0.000000e+00 3.415205e-74
1.445440e+01 1.479108e+01 4.444193e+04 4.444193e+04 4.211152e+04 0.000000e+00 4.394932e-74
1.479108e+01 1.513561e+01 4.357358e+04 4.357358e+04 4.128870e+04 0.000000e+00 5.655724e-74
1.513561e+01 1.548817e+01 4.271083e+04 4.271083e+04 4.047119e+04 0.000000e+00 7.278236e-74
1.548817e+01 1.584893e+01 4.170213e+04 4.170213e+04 3.951539e+04 0.000000e+00 9.366190e-74
1.584893e+01 1.621810e+01 4.082841e+04 4.082841e+04 3.868748e+04 0.000000e+00 1.205311e-73
1.621810e+01 1.659587e+01 3.978223e+04 3.978223e+04 3.769616e+04 0.000000e+00 1.551087e-73
1.659587e+01 1.698244e+01 3.904085e+04 3.904085e+04 3.699366e+04 0.000000e+00 1.996060e-73
1.698244e+01 1.737801e+01 3.827810e+04 3.827810e+04 3.627091e+04 0.000000e+00 2.568682e-73
1.737801e+01 1.778279e+01 3.735413e+04 3.735413e+04 3.539539e+04 0.000000e+00 3.305568e-73
1.778279e+01 1.819701e+01 3.681288e+04 3.681288e+04 3.488252e+04 0.000000e+00 4.253857e-73
1.819701e+01 1.862087e+01 3.577734e+04 3.577734e+04 3.390128e+04 0.000000e+00 5.474191e-73
1.862087e+01 1.905461e+01 3.523705e+04 3.523705e+04 3.338932e+04 0.000000e+00 7.044609e-73
1.905461e+01 1.949845e+01 3.440399e+04 3.440399e+04 3.259995e+04 0.000000e+00 9.065553e-73
1.949845e+01 1.995262e+01 3.344318e+04 3.344318e+04 3.168952e+04 0.000000e+00 1.166622e-72
1.995262e+01 2.041738e+01 3.291271e+04 3.291271e+04 3.118687e+04 0.000000e+00 1.501297e-72
2.041738e+01 2.089296e+01 3.221386e+04 3.221386e+04 3.052466e+04 0.000000e+00 1.931984e-72
2.089296e+01 2.137962e+01 3.155276e+04 3.155276e+04 2.989824e+04 0.000000e+00 2.486224e-72
2.137962e+01 2.187762e+01 3.075463e+04 3.075463e+04 2.914195e+04 0.000000e+00 3.199466e-72
2.187762e+01 2.238721e+01 3.018546e+04 3.018546e+04 2.860263e+04 0.000000e+00 4.117316e-72
2.238721e+01 2.290868e+01 2.946730e+04 2.946730e+04 2.792213e+04 0.000000e+00 5.298476e-72
2.290868e+01 2.344229e+01 2.883825e+04 2.883825e+04 2.732607e+04 0.000000e+00 6.818487e-72
2.344229e+01 2.398833e+01 2.816660e+04 2.816660e+04 2.668967e+04 0.000000e+00 8.774543e-72
2.398833e+01 2.454709e+01 2.754418e+04 2.754418e+04 2.609994e+04 0.000000e+00 1.129175e-71
2.454709e+01 2.511886e+01 2.708435e+04 2.708435e+04 2.566427e+04 0.000000e+00 1.453106e-71
2.511886e+01 2.570396e+01 2.644398e+04 2.644398e+04 2.505751e+04 0.000000e+00 1.869968e-71
2.570396e+01 2.630268e+01 2.591092e+04 2.591092e+04 2.455245e+04 0.000000e+00 2.406420e-71
2.630268e+01 2.691535e+01 2.539197e+04 2.539197e+04 2.406075e+04 0.000000e+00 3.096764e-71
2.691535e+01 2.754229e+01 2.486393e+04 2.486393e+04 2.356044e+04 0.000000e+00 3.985155e-71
2.754229e+01 2.818383e+01 2.423266e+04 2.423266e+04 2.296230e+04 0.000000e+00 5.128399e-71
2.818383e+01 2.884032e+01 2.367100e+04 2.367100e+04 2.243012e+04 0.000000e+00 6.599617e-71
2.884032e+01 2.951209e+01 2.309189e+04 2.309189e+04 2.188141e+04 0.000000e+00 8.492885e-71
2.951209e+01 3.019952e+01 2.265186e+04 2.265186e+04 2.146449e+04 0.000000e+00 1.092929e-70
3.019952e+01 3.090295e+01 2.215212e+04 2.215212e+04 2.099098e+04 0.000000e+00 1.406463e-70
3.090295e+01 3.162278e+01 2.172377e+04 2.172377e+04 2.058512e+04 0.000000e+00 1.809944e-70
3.162278e+01 3.235937e+01 2.137655e+04 2.137655e+04 2.025613e+04 0.000000e+00 2.329178e-70
3.235937e+01 3.311311e+01 2.082212e+04 2.082212e+04 1.973080e+04 0.000000e+00 2.997360e-70
3.311311e+01 3.388442e+01 2.041100e+04 2.041100e+04 1.934127e+04 0.000000e+00 3.857231e-70
3.388442e+01 3.467369e+01 1.984042e+04 1.984042e+04 1.880062e+04 0.000000e+00 4.963785e-70
3.467369e+01 3.548134e+01 1.952052e+04 1.952052e+04 1.849752e+04 0.000000e+00 6.387772e-70
3.548134e+01 3.630781e+01 1.898239e+04 1.898239e+04 1.798763e+04 0.000000e+00 8.220271e-70
3.630781e+01 3.715352e+01 1.873139e+04 1.873139e+04 1.774981e+04 0.000000e+00 1.057846e-69
3.715352e+01 3.801894e+01 1.818253e+04 1.818253e+04 1.722974e+04 0.000000e+00 1.361317e-69
3.801894e+01 3.890451e+01 1.788121e+04 1.788121e+04 1.694424e+04 0.000000e+00 1.751845e-69
3.890451e+01 3.981072e+01 1.754112e+04 1.754112e+04 1.662200e+04 0.000000e+00 2.254409e-69
3.981072e+01 4.073803e+01 1.712194e+04 1.712194e+04 1.622482e+04 0.000000e+00 2.901148e-69
4.073803e+01 4.168694e+01 1.664353e+04 1.664353e+04 1.577150e+04 0.000000e+00 3.733417e-69
4.168694e+01 4.265795e+01 1.637224e+04 1.637224e+04 1.551445e+04 0.000000e+00 4.804443e-69
4.265795e+01 4.365158e+01 1.599097e+04 1.599097e+04 1.515319e+04 0.000000e+00 6.182719e-69
4.365158e+01 4.466836e+01 1.569260e+04 1.569260e+04 1.487047e+04 0.000000e+00 7.956396e-69
4.466836e+01 4.570882e+01 1.532223e+04 1.532223e+04 1.451954e+04 0.000000e+00 1.023890e-68
4.570882e+01 4.677351e+01 1.496209e+04 1.496209e+04 1.417829e+04 0.000000e+00 1.317619e-68
4.677351e+01 4.786301e+01 1.484044e+04 1.484044e+04 1.406303e+04 0.000000e+00 1.695613e-68
4.786301e+01 4.897788e+01 1.446153e+04 1.446153e+04 1.370400e+04 0.000000e+00 2.182044e-68
4.897788e+01 5.011872e+01 1.410225e+04 1.410225e+04 1.336356e+04 0.000000e+00 2.808019e-68
5.011872e+01 5.128614e+01 1.383203e+04 1.383203e+04 1.310752e+04 0.000000e+00 3.613574e-68
5.128614e+01 5.248075e+01 1.350245e+04 1.350245e+04 1.279522e+04 0.000000e+00 4.650226e-68
5.248075e+01 5.370318e+01 1.324144e+04 1.324144e+04 1.254791e+04 0.000000e+00 5.984264e-68
5.370318e+01 5.495409e+01 1.300083e+04 1.300083e+04 1.231992e+04 0.000000e+00 7.701006e-68
5.495409e+01 5.623413e+01 1.268085e+04 1.268085e+04 1.201673e+04 0.000000e+00 9.910238e-68
5.623413e+01 5.754399e+01 1.239075e+04 1.239075e+04 1.174183e+04 0.000000e+00 1.275324e-67
5.754399e+01 5.888437e+01 1.204343e+04 1.204343e+04 1.141273e+04 0.000000e+00 1.641185e-67
5.888437e+01 6.025596e+01 1.192734e+04 1.192734e+04 1.130274e+04 0.000000e+00 2.112003e-67
6.025596e+01 6.165950e+01 1.163180e+04 1.163180e+04 1.102270e+04 0.000000e+00 2.717885e-67
6.165950e+01 6.309573e+01 1.135205e+04 1.135205e+04 1.075761e+04 0.000000e+00 3.497580e-67
6.309573e+01 6.456542e+01 1.112184e+04 1.112184e+04 1.053948e+04 0.000000e+00 4.500951e-67
6.456542e+01 6.606934e+01 1.090177e+04 1.090177e+04 1.033095e+04 0.000000e+00 5.792167e-67
6.606934e+01 6.760830e+01 1.067159e+04 1.067159e+04 1.011284e+04 0.000000e+00 7.453805e-67
6.760830e+01 6.918310e+01 1.040158e+04 1.040158e+04 9.856982e+03 0.000000e+00 9.592129e-67
6.918310e+01 7.079458e+01 1.021081e+04 1.021081e+04 9.676223e+03 0.000000e+00 1.234388e-66
7.079458e+01 7.244360e+01 9.929924e+03 9.929924e+03 9.410056e+03 0.000000e+00 1.588505e-66
7.244360e+01 7.413102e+01 9.722786e+03 9.722786e+03 9.213779e+03 0.000000e+00 2.044208e-66
7.413102e+01 7.585776e+01 9.606603e+03 9.606603e+03 9.103695e+03 0.000000e+00 2.630642e-66
7.585776e+01 7.762471e+01 9.348428e+03 9.348428e+03 8.859051e+03 0.000000e+00 3.385311e-66
7.762471e+01 7.943282e+01 9.164788e+03 9.164788e+03 8.685040e+03 0.000000e+00 4.356475e-66
7.943282e+01 8.128305e+01 8.928915e+03 8.928915e+03 8.461530e+03 0.000000e+00 5.606244e-66
8.128305e+01 8.317638e+01 8.717267e+03 8.717267e+03 8.260977e+03 0.000000e+00 7.214544e-66
8.317638e+01 8.511380e+01 8.605160e+03 8.605160e+03 8.154750e+03 0.000000e+00 9.284224e-66
8.511380e+01 8.709636e+01 8.365316e+03 8.365316e+03 7.927475e+03 0.000000e+00 1.194764e-65
8.709636e+01 8.912509e+01 8.206069e+03 8.206069e+03 7.776577e+03 0.000000e+00 1.537514e-65
8.912509e+01 9.120108e+01 8.038206e+03 8.038206e+03 7.617514e+03 0.000000e+00 1.978589e-65
9.120108e+01 9.332543e+01 7.880035e+03 7.880035e+03 7.467634e+03 0.000000e+00 2.546200e-65
9.332543e+01 9.549926e+01 7.687294e+03 7.687294e+03 7.284993e+03 0.000000e+00 3.276645e-65
9.549926e+01 9.772372e+01 7.521982e+03 7.521982e+03 7.128345e+03 0.000000e+00 4.216636e-65
9.772372e+01 1.000000e+02 7.383684e+03 7.383684e+03 6.997297e+03 0.000000e+00 5.426288e-65
1.000000e+02 1.023293e+02 7.205065e+03 7.205065e+03 6.828037e+03 0.000000e+00 6.982962e-65
1.023293e+02 1.047129e+02 7.033000e+03 7.033000e+03 6.664988e+03 0.000000e+00 8.986228e-65
1.047129e+02 1.071519e+02 6.892702e+03 6.892702e+03 6.532043e+03 0.000000e+00 1.156414e-64
1.071519e+02 1.096478e+02 6.753294e+03 6.753294e+03 6.399941e+03 0.000000e+00 1.488157e-64
1.096478e+02 1.122018e+02 6.554021e+03 6.554021e+03 6.211108e+03 0.000000e+00 1.915073e-64
1.122018e+02 1.148154e+02 6.454338e+03 6.454338e+03 6.116648e+03 0.000000e+00 2.464468e-64
1.148154e+02 1.174898e+02 6.309468e+03 6.309468e+03 5.979370e+03 0.000000e+00 3.171479e-64
1.174898e+02 1.202264e+02 6.153517e+03 6.153517e+03 5.831588e+03 0.000000e+00 4.081285e-64
1.202264e+02 1.230269e+02 6.025901e+03 6.025901e+03 5.710659e+03 0.000000e+00 5.252103e-64
1.230269e+02 1.258925e+02 5.879000e+03 5.879000e+03 5.571453e+03 0.000000e+00 6.758807e-64
1.258925e+02 1.288250e+02 5.688486e+03 5.688486e+03 5.390915e+03 0.000000e+00 8.697756e-64
1.288250e+02 1.318257e+02 5.569000e+03 5.569000e+03 5.277689e+03 0.000000e+00 1.119297e-63
1.318257e+02 1.348963e+02 5.562000e+03 5.562000e+03 5.271064e+03 0.000000e+00 1.440394e-63
1.348963e+02 1.380384e+02 5.427159e+03 5.427159e+03 5.143286e+03 0.000000e+00 1.853605e-63
1.380384e+02 1.412538e+02 5.309425e+03 5.309425e+03 5.031719e+03 0.000000e+00 2.385363e-63
1.412538e+02 1.445440e+02 5.192755e+03 5.192755e+03 4.921161e+03 0.000000e+00 3.069673e-63
1.445440e+02 1.479108e+02 5.103159e+03 5.103159e+03 4.836259e+03 0.000000e+00 3.950276e-63
1.479108e+02 1.513561e+02 4.965567e+03 4.965567e+03 4.705872e+03 0.000000e+00 5.083507e-63
1.513561e+02 1.548817e+02 4.880081e+03 4.880081e+03 4.624865e+03 0.000000e+00 6.541862e-63
1.548817e+02 1.584893e+02 4.802823e+03 4.802823e+03 4.551655e+03 0.000000e+00 8.418568e-63
1.584893e+02 1.621810e+02 4.671247e+03 4.671247e+03 4.426968e+03 0.000000e+00 1.083364e-62
1.621810e+02 1.659587e+02 4.583025e+03 4.583025e+03 4.343367e+03 0.000000e+00 1.394156e-62
1.659587e+02 1.698244e+02 4.483069e+03 4.483069e+03 4.248646e+03 0.000000e+00 1.794109e-62
1.698244e+02 1.737801e+02 4.407215e+03 4.407215e+03 4.176767e+03 0.000000e+00 2.308797e-62
1.737801e+02 1.778279e+02 4.289428e+03 4.289428e+03 4.065145e+03 0.000000e+00 2.971128e-62
1.778279e+02 1.819701e+02 4.185506e+03 4.185506e+03 3.966664e+03 0.000000e+00 3.823474e-62
1.819701e+02 1.862087e+02 4.124431e+03 4.124431e+03 3.908789e+03 0.000000e+00 4.920341e-62
1.862087e+02 1.905461e+02 4.025372e+03 4.025372e+03 3.814916e+03 0.000000e+00 6.331872e-62
1.905461e+02 1.949845e+02 3.949067e+03 3.949067e+03 3.742608e+03 0.000000e+00 8.148348e-62
1.949845e+02 1.995262e+02 3.860305e+03 3.860305e+03 3.658492e+03 0.000000e+00 1.048590e-61
1.995262e+02 2.041738e+02 3.783394e+03 3.783394e+03 3.585609e+03 0.000000e+00 1.349404e-61
2.041738e+02 2.089296e+02 3.705439e+03 3.705439e+03 3.511736e+03 0.000000e+00 1.736516e-61
2.089296e+02 2.137962e+02 3.634901e+03 3.634901e+03 3.444890e+03 0.000000e+00 2.234681e-61
2.137962e+02 2.187762e+02 3.543480e+03 3.543480e+03 3.358255e+03 0.000000e+00 2.875761e-61
2.187762e+02 2.238721e+02 3.464757e+03 3.464757e+03 3.283653e+03 0.000000e+00 3.700748e-61
2.238721e+02 2.290868e+02 3.385801e+03 3.385801e+03 3.208830e+03 0.000000e+00 4.762404e-61
2.290868e+02 2.344229e+02 3.348265e+03 3.348265e+03 3.173262e+03 0.000000e+00 6.128628e-61
2.344229e+02 2.398833e+02 3.247502e+03 3.247502e+03 3.077770e+03 0.000000e+00 7.886780e-61
2.398833e+02 2.454709e+02 3.173552e+03 3.173552e+03 3.007691e+03 0.000000e+00 1.014931e-60
2.454709e+02 2.511886e+02 3.134369e+03 3.134369e+03 2.970561e+03 0.000000e+00 1.306089e-60
2.511886e+02 2.570396e+02 3.058472e+03 3.058472e+03 2.898636e+03 0.000000e+00 1.680775e-60
2.570396e+02 2.630268e+02 2.997106e+03 2.997106e+03 2.840482e+03 0.000000e+00 2.162951e-60
2.630268e+02 2.691535e+02 2.925273e+03 2.925273e+03 2.772407e+03 0.000000e+00 2.783450e-60
2.691535e+02 2.754229e+02 2.864453e+03 2.864453e+03 2.714770e+03 0.000000e+00 3.581957e-60
2.754229e+02 2.818383e+02 2.807241e+03 2.807241e+03 2.660553e+03 0.000000e+00 4.609534e-60
2.818383e+02 2.884032e+02 2.742277e+03 2.742277e+03 2.598989e+03 0.000000e+00 5.931902e-60
2.884032e+02 2.951209e+02 2.666527e+03 2.666527e+03 2.527201e+03 0.000000e+00 7.633619e-60
2.951209e+02 3.019952e+02 2.597245e+03 2.597245e+03 2.461544e+03 0.000000e+00 9.823518e-60
3.019952e+02 3.090295e+02 2.495433e+03 2.495433e+03 2.365055e+03 0.000000e+00 1.264165e-59
3.090295e+02 3.162278e+02 2.379330e+03 2.379330e+03 2.255022e+03 0.000000e+00 1.626823e-59
3.162278e+02 3.235937e+02 2.177610e+03 2.177610e+03 2.063845e+03 0.000000e+00 2.093523e-59
3.235937e+02 3.311311e+02 1.929035e+03 1.929035e+03 1.828260e+03 0.000000e+00 2.694103e-59
3.311311e+02 3.388442e+02 1.774377e+03 1.774377e+03 1.681684e+03 0.000000e+00 3.466977e-59
3.388442e+02 3.467369e+02 1.860936e+03 1.860936e+03 1.763724e+03 0.000000e+00 4.461575e-59
3.467369e+02 3.548134e+02 1.973816e+03 1.973816e+03 1.870711e+03 0.000000e+00 5.741491e-59
3.548134e+02 3.630781e+02 2.053646e+03 2.053646e+03 1.946374e+03 0.000000e+00 7.388587e-59
3.630781e+02 3.715352e+02 2.054994e+03 2.054994e+03 1.947656e+03 0.000000e+00 9.508191e-59
3.715352e+02 3.801894e+02 2.025138e+03 2.025138e+03 1.919362e+03 0.000000e+00 1.223586e-58
3.801894e+02 3.890451e+02 2.001096e+03 2.001096e+03 1.896580e+03 0.000000e+00 1.574603e-58
3.890451e+02 3.981072e+02 1.971731e+03 1.971731e+03 1.868752e+03 0.000000e+00 2.026320e-58
3.981072e+02 4.073803e+02 1.947357e+03 1.947357e+03 1.845654e+03 0.000000e+00 2.607625e-58
4.073803e+02 4.168694e+02 1.911242e+03 1.911242e+03 1.811429e+03 0.000000e+00 3.355689e-58
4.168694e+02 4.265795e+02 1.883232e+03 1.883232e+03 1.784885e+03 0.000000e+00 4.318354e-58
4.265795e+02 4.365158e+02 1.829383e+03 1.829383e+03 1.733851e+03 0.000000e+00 5.557184e-58
4.365158e+02 4.466836e+02 1.792215e+03 1.792215e+03 1.698627e+03 0.000000e+00 7.151410e-58
4.466836e+02 4.570882e+02 1.742319e+03 1.742319e+03 1.651339e+03 0.000000e+00 9.202983e-58
4.570882e+02 4.677351e+02 1.735041e+03 1.735041e+03 1.644444e+03 0.000000e+00 1.184309e-57
4.677351e+02 4.786301e+02 1.691161e+03 1.691161e+03 1.602858e+03 0.000000e+00 1.524059e-57
4.786301e+02 4.897788e+02 1.642197e+03 1.642197e+03 1.556454e+03 0.000000e+00 1.961276e-57
4.897788e+02 5.011872e+02 1.610200e+03 1.610200e+03 1.526130e+03 0.000000e+00 2.523918e-57
5.011872e+02 5.128614e+02 1.585188e+03 1.585188e+03 1.502427e+03 0.000000e+00 3.247972e-57
5.128614e+02 5.248075e+02 1.534378e+03 1.534378e+03 1.454272e+03 0.000000e+00 4.179740e-57
5.248075e+02 5.370318e+02 1.532011e+03 1.532011e+03 1.452031e+03 0.000000e+00 5.378808e-57
5.370318e+02 5.495409e+02 1.469954e+03 1.469954e+03 1.393217e+03 0.000000e+00 6.921858e-57
5.495409e+02 5.623413e+02 1.441240e+03 1.441240e+03 1.366003e+03 0.000000e+00 8.907572e-57
5.623413e+02 5.754399e+02 1.423041e+03 1.423041e+03 1.348757e+03 0.000000e+00 1.146293e-56
5.754399e+02 5.888437e+02 1.402055e+03 1.402055e+03 1.328869e+03 0.000000e+00 1.475139e-56
5.888437e+02 6.025596e+02 1.361168e+03 1.361168e+03 1.290119e+03 0.000000e+00 1.898322e-56
6.025596e+02 6.165950e+02 1.328213e+03 1.328213e+03 1.258886e+03 0.000000e+00 2.442904e-56
6.165950e+02 6.309573e+02 1.297227e+03 1.297227e+03 1.229519e+03 0.000000e+00 3.143713e-56
6.309573e+02 6.456542e+02 1.269224e+03 1.269224e+03 1.202980e+03 0.000000e+00 4.045568e-56
6.456542e+02 6.606934e+02 1.263048e+03 1.263048e+03 1.197129e+03 0.000000e+00 5.206146e-56
6.606934e+02 6.760830e+02 1.209374e+03 1.209374e+03 1.146258e+03 0.000000e+00 6.699668e-56
6.760830e+02 6.918310e+02 1.201047e+03 1.201047e+03 1.138368e+03 0.000000e+00 8.621648e-56
6.918310e+02 7.079458e+02 1.179094e+03 1.179094e+03 1.117563e+03 0.000000e+00 1.109499e-55
7.079458e+02 7.244360e+02 1.148102e+03 1.148102e+03 1.088190e+03 0.000000e+00 1.427788e-55
7.244360e+02 7.413102e+02 1.119110e+03 1.119110e+03 1.060713e+03 0.000000e+00 1.837386e-55
7.413102e+02 7.585776e+02 1.097792e+03 1.097792e+03 1.040509e+03 0.000000e+00 2.364488e-55
7.585776e+02 7.762471e+02 1.081321e+03 1.081321e+03 1.024899e+03 0.000000e+00 3.042803e-55
7.762471e+02 7.943282e+02 1.038177e+03 1.038177e+03 9.840077e+02 0.000000e+00 3.915709e-55
7.943282e+02 8.128305e+02 1.024054e+03 1.024054e+03 9.706240e+02 0.000000e+00 5.039033e-55
8.128305e+02 8.317638e+02 1.008080e+03 1.008080e+03 9.554847e+02 0.000000e+00 6.484614e-55
8.317638e+02 8.511380e+02 9.843366e+02 9.843366e+02 9.329819e+02 0.000000e+00 8.344894e-55
8.511380e+02 8.709636e+02 9.595401e+02 9.595401e+02 9.094807e+02 0.000000e+00 1.073884e-54
8.709636e+02 8.912509e+02 9.346674e+02 9.346674e+02 8.859072e+02 0.000000e+00 1.381956e-54
8.912509e+02 9.120108e+02 9.240754e+02 9.240754e+02 8.758693e+02 0.000000e+00 1.778406e-54
9.120108e+02 9.332543e+02 9.111845e+02 9.111845e+02 8.636525e+02 0.000000e+00 2.288589e-54
9.332543e+02 9.549926e+02 8.810031e+02 8.810031e+02 8.350470e+02 0.000000e+00 2.945131e-54
9.549926e+02 9.772372e+02 8.672810e+02 8.672810e+02 8.220421e+02 0.000000e+00 3.790019e-54
9.772372e+02 1.000000e+03 8.442750e+02 8.442750e+02 8.002378e+02 0.000000e+00 4.877284e-54
1.000000e+03 1.023293e+03 8.279051e+02 8.279051e+02 7.847228e+02 0.000000e+00 6.276462e-54
1.023293e+03 1.047129e+03 7.991142e+02 7.991142e+02 7.574353e+02 0.000000e+00 8.077048e-54
1.047129e+03 1.071519e+03 7.711134e+02 7.711134e+02 7.308959e+02 0.000000e+00 1.039414e-53
1.071519e+03 1.096478e+03 7.258808e+02 7.258808e+02 6.880238e+02 0.000000e+00 1.337593e-53
1.096478e+03 1.122018e+03 7.503769e+02 7.503769e+02 7.112436e+02 0.000000e+00 1.721316e-53
1.122018e+03 1.148154e+03 7.479000e+02 7.479000e+02 7.088971e+02 0.000000e+00 2.215126e-53
1.148154e+03 1.174898e+03 7.353454e+02 7.353454e+02 6.969985e+02 0.000000e+00 2.850605e-53
1.174898e+03 1.202264e+03 7.169594e+02 7.169594e+02 6.795725e+02 0.000000e+00 3.668362e-53
1.202264e+03 1.230269e+03 6.989872e+02 6.989872e+02 6.625387e+02 0.000000e+00 4.720723e-53
1.230269e+03 1.258925e+03 6.799000e+02 6.799000e+02 6.444479e+02 0.000000e+00 6.074986e-53
1.258925e+03 1.288250e+03 6.617463e+02 6.617463e+02 6.272419e+02 0.000000e+00 7.817763e-53
1.288250e+03 1.318257e+03 6.518973e+02 6.518973e+02 6.179076e+02 0.000000e+00 1.006052e-52
1.318257e+03 1.348963e+03 6.393000e+02 6.393000e+02 6.059682e+02 0.000000e+00 1.294663e-52
1.348963e+03 1.380384e+03 6.287125e+02 6.287125e+02 5.959338e+02 0.000000e+00 1.666067e-52
1.380384e+03 1.412538e+03 6.195331e+02 6.195331e+02 5.872340e+02 0.000000e+00 2.144024e-52
1.412538e+03 1.445440e+03 6.051930e+02 6.051930e+02 5.736425e+02 0.000000e+00 2.759099e-52
1.445440e+03 1.479108e+03 5.957081e+02 5.957081e+02 5.646532e+02 0.000000e+00 3.550607e-52
1.479108e+03 1.513561e+03 5.807968e+02 5.807968e+02 5.505201e+02 0.000000e+00 4.569184e-52
1.513561e+03 1.548817e+03 5.780137e+02 5.780137e+02 5.478831e+02 0.000000e+00 5.879991e-52
1.548817e+03 1.584893e+03 5.522135e+02 5.522135e+02 5.234288e+02 0.000000e+00 7.566821e-52
1.584893e+03 1.621810e+03 5.471464e+02 5.471464e+02 5.186267e+02 0.000000e+00 9.737546e-52
1.621810e+03 1.659587e+03 5.317805e+02 5.317805e+02 5.040626e+02 0.000000e+00 1.253103e-51
1.659587e+03 1.698244e+03 5.173539e+02 5.173539e+02 4.903889e+02 0.000000e+00 1.612590e-51
1.698244e+03 1.737801e+03 5.075629e+02 5.075629e+02 4.811090e+02 0.000000e+00 2.075205e-51
1.737801e+03 1.778279e+03 5.075000e+02 5.075000e+02 4.810503e+02 0.000000e+00 2.670525e-51
1.778279e+03 1.819701e+03 4.836278e+02 4.836278e+02 4.584231e+02 0.000000e+00 3.436634e-51
1.819701e+03 1.862087e+03 4.772445e+02 4.772445e+02 4.523732e+02 0.000000e+00 4.422527e-51
1.862087e+03 1.905461e+03 4.648466e+02 4.648466e+02 4.406222e+02 0.000000e+00 5.691246e-51
1.905461e+03 1.949845e+03 4.580060e+02 4.580060e+02 4.341389e+02 0.000000e+00 7.323940e-51
1.949845e+03 1.995262e+03 4.428520e+02 4.428520e+02 4.197754e+02 0.000000e+00 9.424988e-51
1.995262e+03 2.041738e+03 4.361188e+02 4.361188e+02 4.133938e+02 0.000000e+00 1.212878e-50
2.041738e+03 2.089296e+03 4.196789e+02 4.196789e+02 3.978111e+02 0.000000e+00 1.560825e-50
2.089296e+03 2.137962e+03 4.098314e+02 4.098314e+02 3.884775e+02 0.000000e+00 2.008587e-50
2.137962e+03 2.187762e+03 3.961792e+02 3.961792e+02 3.755373e+02 0.000000e+00 2.584806e-50
2.187762e+03 2.238721e+03 3.847102e+02 3.847102e+02 3.646665e+02 0.000000e+00 3.326325e-50
2.238721e+03 2.290868e+03 3.723258e+02 3.723258e+02 3.529280e+02 0.000000e+00 4.280568e-50
2.290868e+03 2.344229e+03 3.622717e+02 3.622717e+02 3.433983e+02 0.000000e+00 5.508565e-50
2.344229e+03 2.398833e+03 3.531452e+02 3.531452e+02 3.347479e+02 0.000000e+00 7.088837e-50
2.398833e+03 2.454709e+03 3.449612e+02 3.449612e+02 3.269908e+02 0.000000e+00 9.122453e-50
2.454709e+03 2.511886e+03 3.417303e+02 3.417303e+02 3.239288e+02 0.000000e+00 1.173945e-49
2.511886e+03 2.570396e+03 3.328553e+02 3.328553e+02 3.155167e+02 0.000000e+00 1.510723e-49
2.570396e+03 2.630268e+03 3.357948e+02 3.357948e+02 3.183036e+02 0.000000e+00 1.944115e-49
2.630268e+03 2.691535e+03 3.303208e+02 3.303208e+02 3.131154e+02 0.000000e+00 2.501835e-49
2.691535e+03 2.754229e+03 3.257341e+02 3.257341e+02 3.087681e+02 0.000000e+00 3.219554e-49
2.754229e+03 2.818383e+03 3.203228e+02 3.203228e+02 3.036392e+02 0.000000e+00 4.143166e-49
2.818383e+03 2.884032e+03 3.146437e+02 3.146437e+02 2.982565e+02 0.000000e+00 5.331743e-49
2.884032e+03 2.951209e+03 3.075380e+02 3.075380e+02 2.915213e+02 0.000000e+00 6.861289e-49
2.951209e+03 3.019952e+03 2.995292e+02 2.995292e+02 2.839301e+02 0.000000e+00 8.829626e-49
3.019952e+03 3.090295e+03 2.977076e+02 2.977076e+02 2.822039e+02 0.000000e+00 1.136263e-48
3.090295e+03 3.162278e+03 2.905205e+02 2.905205e+02 2.753915e+02 0.000000e+00 1.462230e-48
3.162278e+03 3.235937e+03 2.842190e+02 2.842190e+02 2.694187e+02 0.000000e+00 1.881712e-48
3.235937e+03 3.311311e+03 2.762333e+02 2.762333e+02 2.618493e+02 0.000000e+00 2.421528e-48
3.311311e+03 3.388442e+03 2.700152e+02 2.700152e+02 2.559554e+02 0.000000e+00 3.116206e-48
3.388442e+03 3.467369e+03 2.663027e+02 2.663027e+02 2.524367e+02 0.000000e+00 4.010176e-48
3.467369e+03 3.548134e+03 2.630054e+02 2.630054e+02 2.493115e+02 0.000000e+00 5.160597e-48
3.548134e+03 3.630781e+03 2.565288e+02 2.565288e+02 2.431726e+02 0.000000e+00 6.641048e-48
3.630781e+03 3.715352e+03 2.480472e+02 2.480472e+02 2.351330e+02 0.000000e+00 8.546201e-48
3.715352e+03 3.801894e+03 2.462083e+02 2.462083e+02 2.333902e+02 0.000000e+00 1.099790e-47
3.801894e+03 3.890451e+03 2.393277e+02 2.393277e+02 2.268683e+02 0.000000e+00 1.415293e-47
3.890451e+03 3.981072e+03 2.358115e+02 2.358115e+02 2.235356e+02 0.000000e+00 1.821307e-47
3.981072e+03 4.073803e+03 2.303253e+02 2.303253e+02 2.183354e+02 0.000000e+00 2.343799e-47
4.073803e+03 4.168694e+03 2.267128e+02 2.267128e+02 2.149113e+02 0.000000e+00 3.016178e-47
4.168694e+03 4.265795e+03 2.218374e+02 2.218374e+02 2.102900e+02 0.000000e+00 3.881446e-47
4.265795e+03 4.365158e+03 2.170340e+02 2.170340e+02 2.057371e+02 0.000000e+00 4.994937e-47
4.365158e+03 4.466836e+03 2.152105e+02 2.152105e+02 2.040088e+02 0.000000e+00 6.427867e-47
4.466836e+03 4.570882e+03 2.081683e+02 2.081683e+02 1.973336e+02 0.000000e+00 8.271874e-47
4.570882e+03 4.677351e+03 2.046740e+02 2.046740e+02 1.940219e+02 0.000000e+00 1.064487e-46
4.677351e+03 4.786301e+03 1.989190e+02 1.989190e+02 1.885681e+02 0.000000e+00 1.369863e-46
4.786301e+03 4.897788e+03 1.918889e+02 1.918889e+02 1.819054e+02 0.000000e+00 1.762844e-46
4.897788e+03 5.011872e+03 1.935694e+02 1.935694e+02 1.832782e+02 0.000000e+00 2.268561e-46
5.011872e+03 5.128614e+03 1.888869e+02 1.888869e+02 1.790624e+02 0.000000e+00 2.919359e-46
5.128614e+03 5.248075e+03 1.839917e+02 1.839917e+02 1.744255e+02 0.000000e+00 3.756856e-46
5.248075e+03 5.370318e+03 1.816105e+02 1.816105e+02 1.721716e+02 0.000000e+00 4.834608e-46
5.370318e+03 5.495409e+03 1.741259e+02 1.741259e+02 1.650791e+02 0.000000e+00 6.221541e-46
5.495409e+03 5.623413e+03 1.675176e+02 1.675176e+02 1.588170e+02 0.000000e+00 8.006350e-46
5.623413e+03 5.754399e+03 1.507181e+02 1.507181e+02 1.428930e+02 0.000000e+00 1.030317e-45
5.754399e+03 5.888437e+03 1.427590e+02 1.427590e+02 1.353490e+02 0.000000e+00 1.325892e-45
5.888437e+03 6.025596e+03 1.564384e+02 1.564384e+02 1.483215e+02 0.000000e+00 1.706259e-45
6.025596e+03 6.165950e+03 1.591826e+02 1.591826e+02 1.509261e+02 0.000000e+00 2.195744e-45
6.165950e+03 6.309573e+03 1.539387e+02 1.539387e+02 1.459570e+02 0.000000e+00 2.825649e-45
6.309573e+03 6.456542e+03 1.527096e+02 1.527096e+02 1.447943e+02 0.000000e+00 3.636259e-45
6.456542e+03 6.606934e+03 1.460538e+02 1.460538e+02 1.384860e+02 0.000000e+00 4.679415e-45
6.606934e+03 6.760830e+03 1.443118e+02 1.443118e+02 1.368368e+02 0.000000e+00 6.021830e-45
6.760830e+03 6.918310e+03 1.399257e+02 1.399257e+02 1.326803e+02 0.000000e+00 7.749354e-45
6.918310e+03 7.079458e+03 1.384064e+02 1.384064e+02 1.312422e+02 0.000000e+00 9.972459e-45
7.079458e+03 7.244360e+03 1.327187e+02 1.327187e+02 1.258512e+02 0.000000e+00 1.283332e-44
7.244360e+03 7.413102e+03 1.311061e+02 1.311061e+02 1.243243e+02 0.000000e+00 1.651489e-44
7.413102e+03 7.585776e+03 1.310005e+02 1.310005e+02 1.242265e+02 0.000000e+00 2.125261e-44
7.585776e+03 7.762471e+03 1.287127e+02 1.287127e+02 1.220592e+02 0.000000e+00 2.734948e-44
7.762471e+03 7.943282e+03 1.275052e+02 1.275052e+02 1.209164e+02 0.000000e+00 3.519538e-44
7.943282e+03 8.128305e+03 1.222184e+02 1.222184e+02 1.159051e+02 0.000000e+00 4.529210e-44
8.128305e+03 8.317638e+03 1.192084e+02 1.192084e+02 1.130524e+02 0.000000e+00 5.828535e-44
8.317638e+03 8.511380e+03 1.169121e+02 1.169121e+02 1.108768e+02 0.000000e+00 7.500601e-44
8.511380e+03 8.709636e+03 1.148119e+02 1.148119e+02 1.088870e+02 0.000000e+00 9.652344e-44
8.709636e+03 8.912509e+03 1.143034e+02 1.143034e+02 1.084067e+02 0.000000e+00 1.242137e-43
8.912509e+03 9.120108e+03 1.123144e+02 1.123144e+02 1.065223e+02 0.000000e+00 1.598476e-43
9.120108e+03 9.332543e+03 1.112072e+02 1.112072e+02 1.054742e+02 0.000000e+00 2.057041e-43
9.332543e+03 9.549926e+03 1.096107e+02 1.096107e+02 1.039619e+02 0.000000e+00 2.647158e-43
9.549926e+03 9.772372e+03 1.056238e+02 1.056238e+02 1.001823e+02 0.000000e+00 3.406564e-43
9.772372e+03 1.000000e+04 1.035188e+02 1.035188e+02 9.818782e+01 0.000000e+00 4.383826e-43
1.000000e+04 1.023293e+04 1.016793e+02 1.016793e+02 9.644434e+01 0.000000e+00 5.641442e-43
1.023293e+04 1.047129e+04 9.986000e+01 9.986000e+01 9.472068e+01 0.000000e+00 7.259855e-43
1.047129e+04 1.071519e+04 9.796946e+01 9.796946e+01 9.292917e+01 0.000000e+00 9.342518e-43
1.071519e+04 1.096478e+04 9.564163e+01 9.564163e+01 9.072274e+01 0.000000e+00 1.202262e-42
1.096478e+04 1.122018e+04 9.384303e+01 9.384303e+01 8.901835e+01 0.000000e+00 1.547162e-42
1.122018e+04 1.148154e+04 9.301634e+01 9.301634e+01 8.823566e+01 0.000000e+00 1.991011e-42
1.148154e+04 1.174898e+04 9.253162e+01 9.253162e+01 8.777753e+01 0.000000e+00 2.562196e-42
1.174898e+04 1.202264e+04 9.026750e+01 9.026750e+01 8.563130e+01 0.000000e+00 3.297216e-42
1.202264e+04 1.230269e+04 8.836949e+01 8.836949e+01 8.383231e+01 0.000000e+00 4.243105e-42
1.230269e+04 1.258925e+04 8.761000e+01 8.761000e+01 8.311335e+01 0.000000e+00 5.460351e-42
1.258925e+04 1.288250e+04 8.360023e+01 8.360023e+01 7.931083e+01 0.000000e+00 7.026802e-42
1.288250e+04 1.318257e+04 8.303946e+01 8.303946e+01 7.878027e+01 0.000000e+00 9.042650e-42
1.318257e+04 1.348963e+04 8.058000e+01 8.058000e+01 7.644837e+01 0.000000e+00 1.163675e-41
1.348963e+04 1.380384e+04 8.049011e+01 8.049011e+01 7.636448e+01 0.000000e+00 1.497503e-41
1.380384e+04 1.412538e+04 7.881865e+01 7.881865e+01 7.478019e+01 0.000000e+00 1.927103e-41
1.412538e+04 1.445440e+04 7.703117e+01 7.703117e+01 7.308549e+01 0.000000e+00 2.479948e-41
1.445440e+04 1.479108e+04 7.531713e+01 7.531713e+01 7.146148e+01 0.000000e+00 3.191376e-41
1.479108e+04 1.513561e+04 7.548728e+01 7.548728e+01 7.162388e+01 0.000000e+00 4.106898e-41
1.513561e+04 1.548817e+04 7.403575e+01 7.403575e+01 7.018436e+01 0.000000e+00 5.285084e-41
1.548817e+04 1.584893e+04 7.290161e+01 7.290161e+01 6.917555e+01 0.000000e+00 6.801250e-41
1.584893e+04 1.621810e+04 7.203725e+01 7.203725e+01 6.835805e+01 0.000000e+00 8.752351e-41
1.621810e+04 1.659587e+04 7.021619e+01 7.021619e+01 6.663235e+01 0.000000e+00 1.126320e-40
1.659587e+04 1.698244e+04 6.941213e+01 6.941213e+01 6.586905e+01 0.000000e+00 1.449437e-40
1.698244e+04 1.737801e+04 6.767099e+01 6.767099e+01 6.421907e+01 0.000000e+00 1.865246e-40
1.737801e+04 1.778279e+04 6.603802e+01 6.603802e+01 6.267295e+01 0.000000e+00 2.400335e-40
1.778279e+04 1.819701e+04 6.390140e+01 6.390140e+01 6.064863e+01 0.000000e+00 3.088934e-40
1.819701e+04 1.862087e+04 6.518083e+01 6.518083e+01 6.186643e+01 0.000000e+00 3.975078e-40
1.862087e+04 1.905461e+04 6.382514e+01 6.382514e+01 6.058308e+01 0.000000e+00 5.115436e-40
1.905461e+04 1.949845e+04 6.353110e+01 6.353110e+01 6.030777e+01 0.000000e+00 6.582942e-40
1.949845e+04 1.995262e+04 6.259587e+01 6.259587e+01 5.942301e+01 0.000000e+00 8.471417e-40
1.995262e+04 2.041738e+04 6.167923e+01 6.167923e+01 5.855606e+01 0.000000e+00 1.090165e-39
2.041738e+04 2.089296e+04 6.075162e+01 6.075162e+01 5.767828e+01 0.000000e+00 1.402909e-39
2.089296e+04 2.137962e+04 5.994285e+01 5.994285e+01 5.691399e+01 0.000000e+00 1.805369e-39
2.137962e+04 2.187762e+04 5.954231e+01 5.954231e+01 5.653687e+01 0.000000e+00 2.323289e-39
2.187762e+04 2.238721e+04 5.940134e+01 5.940134e+01 5.640617e+01 0.000000e+00 2.989785e-39
2.238721e+04 2.290868e+04 5.852008e+01 5.852008e+01 5.557278e+01 0.000000e+00 3.847483e-39
2.290868e+04 2.344229e+04 5.837929e+01 5.837929e+01 5.544151e+01 0.000000e+00 4.951238e-39
2.344229e+04 2.398833e+04 5.878786e+01 5.878786e+01 5.583298e+01 0.000000e+00 6.371625e-39
2.398833e+04 2.454709e+04 5.638806e+01 5.638806e+01 5.355679e+01 0.000000e+00 8.199491e-39
2.454709e+04 2.511886e+04 5.435921e+01 5.435921e+01 5.163267e+01 0.000000e+00 1.055172e-38
2.511886e+04 2.570396e+04 5.276982e+01 5.276982e+01 5.012578e+01 0.000000e+00 1.357876e-38
2.570396e+04 2.630268e+04 5.105298e+01 5.105298e+01 4.849766e+01 0.000000e+00 1.747420e-38
2.630268e+04 2.691535e+04 4.937636e+01 4.937636e+01 4.690758e+01 0.000000e+00 2.248712e-38
2.691535e+04 2.754229e+04 4.931045e+01 4.931045e+01 4.684755e+01 0.000000e+00 2.893816e-38
2.754229e+04 2.818383e+04 4.847355e+01 4.847355e+01 4.605499e+01 0.000000e+00 3.723982e-38
2.818383e+04 2.884032e+04 4.618408e+01 4.618408e+01 4.388219e+01 0.000000e+00 4.792305e-38
2.884032e+04 2.951209e+04 4.545237e+01 4.545237e+01 4.318934e+01 0.000000e+00 6.167100e-38
2.951209e+04 3.019952e+04 4.387668e+01 4.387668e+01 4.169440e+01 0.000000e+00 7.936290e-38
3.019952e+04 3.090295e+04 3.838336e+01 3.838336e+01 3.647631e+01 0.000000e+00 1.021302e-37
3.090295e+04 3.162278e+04 3.528069e+01 3.528069e+01 3.352984e+01 0.000000e+00 1.314289e-37
3.162278e+04 3.235937e+04 3.285609e+01 3.285609e+01 3.122518e+01 0.000000e+00 1.691330e-37
3.235937e+04 3.311311e+04 2.782892e+01 2.782892e+01 2.645181e+01 0.000000e+00 2.176530e-37
3.311311e+04 3.388442e+04 2.424120e+01 2.424120e+01 2.304442e+01 0.000000e+00 2.800925e-37
3.388442e+04 3.467369e+04 2.348041e+01 2.348041e+01 2.232331e+01 0.000000e+00 3.604447e-37
3.467369e+04 3.548134e+04 2.473779e+01 2.473779e+01 2.352187e+01 0.000000e+00 4.638474e-37
3.548134e+04 3.630781e+04 2.650216e+01 2.650216e+01 2.520253e+01 0.000000e+00 5.969142e-37
3.630781e+04 3.715352e+04 2.869212e+01 2.869212e+01 2.728871e+01 0.000000e+00 7.681541e-37
3.715352e+04 3.801894e+04 2.930695e+01 2.930695e+01 2.787609e+01 0.000000e+00 9.885186e-37
3.801894e+04 3.890451e+04 2.964382e+01 2.964382e+01 2.811969e+01 0.000000e+00 1.272101e-36
3.890451e+04 3.981072e+04 2.993571e+01 2.993571e+01 2.846511e+01 0.000000e+00 1.637037e-36
3.981072e+04 4.073803e+04 3.026977e+01 3.026977e+01 2.880336e+01 0.000000e+00 2.106665e-36
4.073803e+04 4.168694e+04 3.033773e+01 3.033773e+01 2.887285e+01 0.000000e+00 2.711017e-36
4.168694e+04 4.265795e+04 3.049867e+01 3.049867e+01 2.903334e+01 0.000000e+00 3.488741e-36
4.265795e+04 4.365158e+04 3.092695e+01 3.092695e+01 2.944795e+01 0.000000e+00 4.489575e-36
4.365158e+04 4.466836e+04 3.084052e+01 3.084052e+01 2.937253e+01 0.000000e+00 5.777529e-36
4.466836e+04 4.570882e+04 3.007530e+01 3.007530e+01 2.865077e+01 0.000000e+00 7.434969e-36
4.570882e+04 4.677351e+04 2.992018e+01 2.992018e+01 2.851207e+01 0.000000e+00 9.567878e-36
4.677351e+04 4.786301e+04 3.048453e+01 3.048453e+01 2.906226e+01 0.000000e+00 1.231267e-35
4.786301e+04 4.897788e+04 3.030167e+01 3.030167e+01 2.889987e+01 0.000000e+00 1.584489e-35
4.897788e+04 5.011872e+04 2.965507e+01 2.965507e+01 2.830000e+01 0.000000e+00 2.039040e-35
5.011872e+04 5.128614e+04 2.959814e+01 2.959814e+01 2.827114e+01 0.000000e+00 2.623993e-35
5.128614e+04 5.248075e+04 2.996491e+01 2.996491e+01 2.865118e+01 0.000000e+00 3.376757e-35
5.248075e+04 5.370318e+04 2.972907e+01 2.972907e+01 2.846430e+01 0.000000e+00 4.345467e-35
5.370318e+04 5.495409e+04 2.957397e+01 2.957397e+01 2.826691e+01 0.000000e+00 5.592078e-35
5.495409e+04 5.623413e+04 2.908565e+01 2.908565e+01 2.456420e+01 0.000000e+00 7.196309e-35
5.623413e+04 5.754399e+04 2.869800e+01 2.869800e+01 2.598040e+01 0.000000e+00 9.260753e-35
5.754399e+04 5.888437e+04 2.864219e+01 2.864219e+01 2.680422e+01 0.000000e+00 1.191745e-34
5.888437e+04 6.025596e+04 2.842595e+01 2.842595e+01 2.678736e+01 0.000000e+00 1.533629e-34
6.025596e+04 6.165950e+04 2.818640e+01 2.818640e+01 2.664371e+01 0.000000e+00 1.973590e-34
6.165950e+04 6.309573e+04 2.752863e+01 2.752863e+01 2.606463e+01 0.000000e+00 2.539764e-34
6.309573e+04 6.456542e+04 2.687463e+01 2.687463e+01 2.547053e+01 0.000000e+00 3.268361e-34
6.456542e+04 6.606934e+04 2.672497e+01 2.672497e+01 2.535454e+01 0.000000e+00 4.205976e-34
6.606934e+04 6.760830e+04 2.554003e+01 2.554003e+01 2.424413e+01 0.000000e+00 5.412573e-34
6.760830e+04 6.918310e+04 2.536626e+01 2.536626e+01 2.406336e+01 0.000000e+00 6.965315e-34
6.918310e+04 7.079458e+04 2.458411e+01 2.458411e+01 2.335978e+01 0.000000e+00 8.963497e-34
7.079458e+04 7.244360e+04 2.370366e+01 2.370366e+01 2.252929e+01 0.000000e+00 1.153491e-33
7.244360e+04 7.413102e+04 2.212546e+01 2.212546e+01 2.103704e+01 0.000000e+00 1.484400e-33
7.413102e+04 7.585776e+04 2.079691e+01 2.079691e+01 1.978016e+01 0.000000e+00 1.910238e-33
7.585776e+04 7.762471e+04 1.977562e+01 1.977562e+01 1.881476e+01 0.000000e+00 2.458241e-33
7.762471e+04 7.943282e+04 1.821120e+01 1.821120e+01 1.733222e+01 0.000000e+00 3.163450e-33
7.943282e+04 8.128305e+04 1.721629e+01 1.721629e+01 1.638953e+01 0.000000e+00 4.070968e-33
8.128305e+04 8.317638e+04 1.612866e+01 1.612866e+01 1.535823e+01 0.000000e+00 5.238834e-33
8.317638e+04 8.511380e+04 1.571201e+01 1.571201e+01 1.496584e+01 0.000000e+00 6.741730e-33
8.511380e+04 8.709636e+04 1.577420e+01 1.577420e+01 1.502643e+01 0.000000e+00 8.675770e-33
8.709636e+04 8.912509e+04 1.659861e+01 1.659861e+01 1.581753e+01 0.000000e+00 1.116464e-32
8.912509e+04 9.120108e+04 1.764347e+01 1.764347e+01 1.681894e+01 0.000000e+00 1.436751e-32
9.120108e+04 9.332543e+04 1.866332e+01 1.866332e+01 1.779653e+01 0.000000e+00 1.848921e-32
9.332543e+04 9.549926e+04 1.932558e+01 1.932558e+01 1.843358e+01 0.000000e+00 2.379333e-32
9.549926e+04 9.772372e+04 1.962821e+01 1.962821e+01 1.872785e+01 0.000000e+00 3.061906e-32
9.772372e+04 1.000000e+05 1.966371e+01 1.966371e+01 1.876800e+01 0.000000e+00 3.940293e-32
1.000000e+05 1.023293e+05 1.981286e+01 1.981286e+01 1.891540e+01 0.000000e+00 5.070671e-32
1.023293e+05 1.047129e+05 1.987398e+01 1.987398e+01 1.897940e+01 0.000000e+00 6.525341e-32
1.047129e+05 1.071519e+05 1.945214e+01 1.945214e+01 1.858417e+01 0.000000e+00 8.397291e-32
1.071519e+05 1.096478e+05 2.009399e+01 2.009399e+01 1.920421e+01 0.000000e+00 1.080624e-31
1.096478e+05 1.122018e+05 1.940068e+01 1.940068e+01 1.854820e+01 0.000000e+00 1.390628e-31
1.122018e+05 1.148154e+05 1.947794e+01 1.947794e+01 1.862910e+01 0.000000e+00 1.789571e-31
1.148154e+05 1.174898e+05 1.890226e+01 1.890226e+01 1.808414e+01 0.000000e+00 2.302966e-31
1.174898e+05 1.202264e+05 1.899078e+01 1.899078e+01 1.817723e+01 0.000000e+00 2.963621e-31
1.202264e+05 1.230269e+05 1.899859e+01 1.899859e+01 1.819034e+01 0.000000e+00 3.813809e-31
1.230269e+05 1.258925e+05 1.872000e+01 1.872000e+01 1.793235e+01 0.000000e+00 4.907901e-31
1.258925e+05 1.288250e+05 1.714402e+01 1.714402e+01 1.642970e+01 0.000000e+00 6.315867e-31
1.288250e+05 1.318257e+05 1.612034e+01 1.612034e+01 1.545603e+01 0.000000e+00 8.127761e-31
1.318257e+05 1.348963e+05 1.549152e+01 1.549152e+01 1.485829e+01 0.000000e+00 1.045941e-30
1.348963e+05 1.380384e+05 1.485115e+01 1.485115e+01 1.425031e+01 0.000000e+00 1.345993e-30
1.380384e+05 1.412538e+05 1.436184e+01 1.436184e+01 1.378542e+01 0.000000e+00 1.732129e-30
1.412538e+05 1.445440e+05 1.412874e+01 1.412874e+01 1.356516e+01 0.000000e+00 2.229040e-30
1.445440e+05 1.479108e+05 1.445305e+01 1.445305e+01 1.387769e+01 0.000000e+00 2.868489e-30
1.479108e+05 1.513561e+05 1.478835e+01 1.478835e+01 1.419699e+01 0.000000e+00 3.691383e-30
1.513561e+05 1.548817e+05 1.518983e+01 1.518983e+01 1.457289e+01 0.000000e+00 4.750367e-30
1.548817e+05 1.584893e+05 1.512589e+01 1.512589e+01 1.448915e+01 0.000000e+00 6.113135e-30
1.584893e+05 1.621810e+05 1.580695e+01 1.580695e+01 1.508262e+01 0.000000e+00 7.866834e-30
1.621810e+05 1.659587e+05 1.594827e+01 1.594827e+01 1.516618e+01 0.000000e+00 1.012365e-29
1.659587e+05 1.698244e+05 1.600000e+01 1.600000e+01 1.509965e+01 0.000000e+00 1.302790e-29
1.698244e+05 1.737801e+05 1.595623e+01 1.595623e+01 1.488472e+01 0.000000e+00 1.676530e-29
1.737801e+05 1.778279e+05 1.588736e+01 1.588736e+01 1.460284e+01 0.000000e+00 2.157482e-29
1.778279e+05 1.819701e+05 1.532496e+01 1.532496e+01 1.386315e+01 0.000000e+00 2.776411e-29
1.819701e+05 1.862087e+05 1.516899e+01 1.516899e+01 1.354857e+01 0.000000e+00 3.572901e-29
1.862087e+05 1.905461e+05 1.468336e+01 1.468336e+01 1.306990e+01 0.000000e+00 4.597883e-29
1.905461e+05 1.949845e+05 1.442532e+01 1.442532e+01 1.288306e+01 0.000000e+00 5.916914e-29
1.949845e+05 1.995262e+05 1.417746e+01 1.417746e+01 1.273453e+01 0.000000e+00 7.614323e-29
1.995262e+05 2.041738e+05 1.477359e+01 1.477359e+01 1.335131e+01 0.000000e+00 9.798682e-29
2.041738e+05 2.089296e+05 1.457793e+01 1.457793e+01 1.325720e+01 0.000000e+00 1.260970e-28
2.089296e+05 2.137962e+05 1.457254e+01 1.457254e+01 1.331571e+01 0.000000e+00 1.622711e-28
2.137962e+05 2.187762e+05 1.528374e+01 1.528374e+01 1.404412e+01 0.000000e+00 2.088231e-28
2.187762e+05 2.238721e+05 1.485296e+01 1.485296e+01 1.368655e+01 0.000000e+00 2.687294e-28
2.238721e+05 2.290868e+05 1.495492e+01 1.495492e+01 1.383436e+01 0.000000e+00 3.458215e-28
2.290868e+05 2.344229e+05 1.473482e+01 1.473482e+01 1.366367e+01 0.000000e+00 4.450297e-28
2.344229e+05 2.398833e+05 1.483870e+01 1.483870e+01 1.378571e+01 0.000000e+00 5.726978e-28
2.398833e+05 2.454709e+05 1.609113e+01 1.609113e+01 1.498606e+01 0.000000e+00 7.369909e-28
2.454709e+05 2.511886e+05 1.529285e+01 1.529285e+01 1.426265e+01 0.000000e+00 9.484149e-28
2.511886e+05 2.570396e+05 1.423732e+01 1.423732e+01 1.329987e+01 0.000000e+00 1.220493e-27
2.570396e+05 2.630268e+05 1.364564e+01 1.364564e+01 1.276554e+01 0.000000e+00 1.570625e-27
2.630268e+05 2.691535e+05 1.391154e+01 1.391154e+01 1.302551e+01 0.000000e+00 2.021199e-27
2.691535e+05 2.754229e+05 1.380273e+01 1.380273e+01 1.293509e+01 0.000000e+00 2.601035e-27
2.754229e+05 2.818383e+05 1.327742e+01 1.327742e+01 1.245061e+01 0.000000e+00 3.347209e-27
2.818383e+05 2.884032e+05 1.299873e+01 1.299873e+01 1.220048e+01 0.000000e+00 4.307445e-27
2.884032e+05 2.951209e+05 1.278110e+01 1.278110e+01 1.200265e+01 0.000000e+00 5.543145e-27
2.951209e+05 3.019952e+05 1.402093e+01 1.402093e+01 1.317446e+01 0.000000e+00 7.133338e-27
3.019952e+05 3.090295e+05 1.314717e+01 1.314717e+01 1.235526e+01 0.000000e+00 9.179719e-27
3.090295e+05 3.162278e+05 1.310068e+01 1.310068e+01 1.231790e+01 0.000000e+00 1.181316e-26
3.162278e+05 3.235937e+05 1.317334e+01 1.317334e+01 1.238839e+01 0.000000e+00 1.520210e-26
3.235937e+05 3.311311e+05 1.294252e+01 1.294252e+01 1.216999e+01 0.000000e+00 1.956320e-26
3.311311e+05 3.388442e+05 1.277846e+01 1.277846e+01 1.200764e+01 0.000000e+00 2.517542e-26
3.388442e+05 3.467369e+05 1.210933e+01 1.210933e+01 1.137933e+01 0.000000e+00 3.239768e-26
3.467369e+05 3.548134e+05 1.244215e+01 1.244215e+01 1.167413e+01 0.000000e+00 4.169178e-26
3.548134e+05 3.630781e+05 1.183725e+01 1.183725e+01 1.109784e+01 0.000000e+00 5.365215e-26
3.630781e+05 3.715352e+05 1.157627e+01 1.157627e+01 1.082461e+01 0.000000e+00 6.904363e-26
3.715352e+05 3.801894e+05 1.085564e+01 1.085564e+01 1.011912e+01 0.000000e+00 8.885055e-26
3.801894e+05 3.890451e+05 1.083455e+01 1.083455e+01 1.003990e+01 0.000000e+00 1.143396e-25
3.890451e+05 3.981072e+05 1.057082e+01 1.057082e+01 9.710749e+00 0.000000e+00 1.471410e-25
3.981072e+05 4.073803e+05 1.018966e+01 1.018966e+01 9.223050e+00 0.000000e+00 1.893524e-25
4.073803e+05 4.168694e+05 1.070923e+01 1.070923e+01 9.448032e+00 0.000000e+00 2.436730e-25
4.168694e+05 4.265795e+05 1.125681e+01 1.125681e+01 9.575045e+00 0.000000e+00 3.135769e-25
4.265795e+05 4.365158e+05 1.250372e+01 1.250372e+01 1.031100e+01 0.000000e+00 4.035343e-25
4.365158e+05 4.466836e+05 1.301916e+01 1.301916e+01 1.088101e+01 0.000000e+00 5.192989e-25
4.466836e+05 4.570882e+05 1.356183e+01 1.356183e+01 1.178240e+01 0.000000e+00 6.682737e-25
4.570882e+05 4.677351e+05 1.375783e+01 1.375783e+01 1.233368e+01 0.000000e+00 8.599850e-25
4.677351e+05 4.786301e+05 1.354072e+01 1.354072e+01 1.239068e+01 0.000000e+00 1.106694e-24
4.786301e+05 4.897788e+05 1.281077e+01 1.281077e+01 1.186112e+01 0.000000e+00 1.424179e-24
4.897788e+05 5.011872e+05 1.251055e+01 1.251055e+01 1.167580e+01 0.000000e+00 1.832741e-24
5.011872e+05 5.128614e+05 1.180878e+01 1.180878e+01 1.108124e+01 0.000000e+00 2.358511e-24
5.128614e+05 5.248075e+05 1.156480e+01 1.156480e+01 1.089493e+01 0.000000e+00 3.035114e-24
5.248075e+05 5.370318e+05 1.195173e+01 1.195173e+01 1.122512e+01 0.000000e+00 3.905816e-24
5.370318e+05 5.495409e+05 1.156417e+01 1.156417e+01 1.092708e+01 0.000000e+00 5.026300e-24
5.495409e+05 5.623413e+05 1.120490e+01 1.120490e+01 1.049411e+01 0.000000e+00 6.468224e-24
5.623413e+05 5.754399e+05 1.102552e+01 1.102552e+01 1.010238e+01 0.000000e+00 8.323798e-24
5.754399e+05 5.888437e+05 1.117050e+01 1.117050e+01 1.052654e+01 0.000000e+00 1.071170e-23
5.888437e+05 6.025596e+05 1.089438e+01 1.089438e+01 1.031922e+01 0.000000e+00 1.378464e-23
6.025596e+05 6.165950e+05 1.079272e+01 1.079272e+01 1.025254e+01 0.000000e+00 1.773912e-23
6.165950e+05 6.309573e+05 1.065323e+01 1.065323e+01 1.013743e+01 0.000000e+00 2.282804e-23
6.309573e+05 6.456542e+05 1.027052e+01 1.027052e+01 9.784866e+00 0.000000e+00 2.937685e-23
6.456542e+05 6.606934e+05 9.874647e+00 9.874647e+00 9.410408e+00 0.000000e+00 3.780437e-23
6.606934e+05 6.760830e+05 9.852847e+00 9.852847e+00 9.398342e+00 0.000000e+00 4.864957e-23
6.760830e+05 6.918310e+05 9.209541e+00 9.209541e+00 8.793040e+00 0.000000e+00 6.260601e-23
6.918310e+05 7.079458e+05 9.044954e+00 9.044954e+00 8.641814e+00 0.000000e+00 8.056617e-23
7.079458e+05 7.244360e+05 8.893999e+00 8.893999e+00 8.502895e+00 0.000000e+00 1.036787e-22
7.244360e+05 7.413102e+05 8.655799e+00 8.655799e+00 8.278312e+00 0.000000e+00 1.334216e-22
7.413102e+05 7.585776e+05 8.349177e+00 8.349177e+00 7.984126e+00 0.000000e+00 1.716970e-22
7.585776e+05 7.762471e+05 7.928712e+00 7.928712e+00 7.583496e+00 0.000000e+00 2.209529e-22
7.762471e+05 7.943282e+05 7.819770e+00 7.819770e+00 7.460073e+00 0.000000e+00 2.843388e-22
7.943282e+05 8.128305e+05 7.758022e+00 7.758022e+00 7.279200e+00 0.000000e+00 3.659089e-22
8.128305e+05 8.317638e+05 7.682099e+00 7.682099e+00 7.148303e+00 0.000000e+00 4.708796e-22
8.317638e+05 8.511380e+05 7.510753e+00 7.510753e+00 7.082950e+00 0.000000e+00 6.059637e-22
8.511380e+05 8.709636e+05 7.563204e+00 7.563204e+00 7.177837e+00 0.000000e+00 7.798001e-22
8.709636e+05 8.912509e+05 7.269301e+00 7.269301e+00 6.904398e+00 0.000000e+00 1.003506e-21
8.912509e+05 9.120108e+05 6.951571e+00 6.951571e+00 6.572829e+00 0.000000e+00 1.291388e-21
9.120108e+05 9.332543e+05 6.710067e+00 6.710067e+00 6.276644e+00 0.000000e+00 1.661856e-21
9.332543e+05 9.549926e+05 6.420895e+00 6.420895e+00 5.942365e+00 0.000000e+00 2.138604e-21
9.549926e+05 9.772372e+05 6.226716e+00 6.226716e+00 5.647141e+00 0.000000e+00 2.752118e-21
9.772372e+05 1.000000e+06 6.247960e+00 6.247960e+00 5.581112e+00 0.000000e+00 3.541635e-21
1.000000e+06 1.023293e+06 6.235427e+00 6.235427e+00 5.596991e+00 0.000000e+00 4.557647e-21
1.023293e+06 1.047129e+06 6.227731e+00 6.227731e+00 5.686726e+00 0.000000e+00 5.865141e-21
1.047129e+06 1.071519e+06 6.359481e+00 6.359481e+00 5.921390e+00 0.000000e+00 7.547697e-21
1.071519e+06 1.096478e+06 6.052289e+00 6.052289e+00 5.697440e+00 0.000000e+00 9.712919e-21
1.096478e+06 1.122018e+06 5.742171e+00 5.742171e+00 5.442263e+00 0.000000e+00 1.249932e-20
1.122018e+06 1.148154e+06 5.753759e+00 5.753759e+00 5.482328e+00 0.000000e+00 1.608512e-20
1.148154e+06 1.174898e+06 5.541552e+00 5.541552e+00 5.302669e+00 0.000000e+00 2.069964e-20
1.174898e+06 1.202264e+06 5.327597e+00 5.327597e+00 5.103484e+00 0.000000e+00 2.663777e-20
1.202264e+06 1.230269e+06 5.337799e+00 5.337799e+00 5.074831e+00 0.000000e+00 3.427948e-20
1.230269e+06 1.258925e+06 5.006070e+00 5.006070e+00 4.801866e+00 0.000000e+00 4.411345e-20
1.258925e+06 1.288250e+06 5.060203e+00 5.060203e+00 4.786886e+00 0.000000e+00 5.676860e-20
1.288250e+06 1.318257e+06 5.032159e+00 5.032159e+00 4.644797e+00 0.000000e+00 7.305437e-20
1.318257e+06 1.348963e+06 4.799431e+00 4.799431e+00 4.485000e+00 0.000000e+00 9.401179e-20
1.348963e+06 1.380384e+06 4.609937e+00 4.609937e+00 4.393761e+00 0.000000e+00 1.209813e-19
1.380384e+06 1.412538e+06 4.408691e+00 4.408691e+00 4.217211e+00 0.000000e+00 1.556881e-19
1.412538e+06 1.445440e+06 4.337325e+00 4.337325e+00 4.156619e+00 0.000000e+00 2.003517e-19
1.445440e+06 1.479108e+06 4.240200e+00 4.240200e+00 4.073370e+00 0.000000e+00 2.578270e-19
1.479108e+06 1.513561e+06 4.211969e+00 4.211969e+00 4.049575e+00 0.000000e+00 3.317908e-19
1.513561e+06 1.548817e+06 4.007756e+00 4.007756e+00 3.856036e+00 0.000000e+00 4.269749e-19
1.548817e+06 1.584893e+06 3.754776e+00 3.754776e+00 3.619879e+00 0.000000e+00 5.494639e-19
1.584893e+06 1.621810e+06 3.553769e+00 3.553769e+00 3.397996e+00 0.000000e+00 7.070909e-19
1.621810e+06 1.659587e+06 3.417122e+00 3.417122e+00 3.205183e+00 0.000000e+00 9.099393e-19
1.659587e+06 1.698244e+06 3.397354e+00 3.397354e+00 3.257861e+00 0.000000e+00 1.170981e-18
1.698244e+06 1.737801e+06 3.302443e+00 3.302443e+00 3.198519e+00 0.000000e+00 1.506908e-18
1.737801e+06 1.778279e+06 3.189722e+00 3.189722e+00 3.097943e+00 0.000000e+00 1.939199e-18
1.778279e+06 1.819701e+06 2.960822e+00 2.960822e+00 2.877197e+00 0.000000e+00 2.495509e-18
1.819701e+06 1.862087e+06 2.785263e+00 2.785263e+00 2.630690e+00 0.000000e+00 3.211413e-18
1.862087e+06 1.905461e+06 2.615583e+00 2.615583e+00 2.488506e+00 0.000000e+00 4.132693e-18
1.905461e+06 1.949845e+06 2.489519e+00 2.489519e+00 2.374879e+00 0.000000e+00 5.318272e-18
1.949845e+06 1.995262e+06 2.367987e+00 2.367987e+00 2.271089e+00 0.000000e+00 6.843946e-18
1.995262e+06 2.041738e+06 2.309714e+00 2.309714e+00 2.240552e+00 0.000000e+00 8.807302e-18
2.041738e+06 2.089296e+06 2.211658e+00 2.211658e+00 2.147834e+00 0.000000e+00 1.133391e-17
2.089296e+06 2.137962e+06 2.082077e+00 2.082077e+00 2.005436e+00 0.000000e+00 1.458534e-17
2.137962e+06 2.187762e+06 1.917876e+00 1.917876e+00 1.861893e+00 0.000000e+00 1.876955e-17
2.187762e+06 2.238721e+06 1.792517e+00 1.792517e+00 1.742921e+00 0.000000e+00 2.415408e-17
2.238721e+06 2.290868e+06 1.766097e+00 1.766097e+00 1.724636e+00 0.000000e+00 3.108330e-17
2.290868e+06 2.344229e+06 1.684878e+00 1.684878e+00 1.652083e+00 0.000000e+00 4.000039e-17
2.344229e+06 2.398833e+06 1.581301e+00 1.581301e+00 1.554073e+00 0.000000e+00 5.147552e-17
2.398833e+06 2.454709e+06 1.441529e+00 1.441529e+00 1.412952e+00 0.000000e+00 6.624260e-17
2.454709e+06 2.511886e+06 1.293514e+00 1.293514e+00 1.253390e+00 0.000000e+00 8.524593e-17
2.511886e+06 2.570396e+06 1.156566e+00 1.156566e+00 1.123366e+00 0.000000e+00 1.097010e-16
2.570396e+06 2.630268e+06 1.154864e+00 1.154864e+00 1.122253e+00 0.000000e+00 1.411717e-16
2.630268e+06 2.691535e+06 1.078316e+00 1.078316e+00 1.048981e+00 0.000000e+00 1.816705e-16
2.691535e+06 2.754229e+06 9.717007e-01 9.717007e-01 9.466010e-01 0.000000e+00 2.337876e-16
2.754229e+06 2.818383e+06 9.364175e-01 9.364175e-01 9.119830e-01 0.000000e+00 3.008556e-16
2.818383e+06 2.884032e+06 8.495246e-01 8.495246e-01 8.233936e-01 0.000000e+00 3.871640e-16
2.884032e+06 2.951209e+06 7.947503e-01 7.947503e-01 7.740657e-01 0.000000e+00 4.982318e-16
2.951209e+06 3.019952e+06 7.163895e-01 7.163895e-01 6.990553e-01 0.000000e+00 6.411624e-16
3.019952e+06 3.090295e+06 6.721415e-01 6.721415e-01 6.532192e-01 0.000000e+00 8.250963e-16
3.090295e+06 3.162278e+06 6.006810e-01 6.006810e-01 5.794171e-01 0.000000e+00 1.061797e-15
3.162278e+06 3.235937e+06 5.443773e-01 5.443773e-01 5.224504e-01 0.000000e+00 1.366403e-15
3.235937e+06 3.311311e+06 5.200117e-01 5.200117e-01 4.958207e-01 0.000000e+00 1.758390e-15
3.311311e+06 3.388442e+06 5.021344e-01 5.021344e-01 4.781520e-01 0.000000e+00 2.262830e-15
3.388442e+06 3.467369e+06 4.669850e-01 4.669850e-01 4.444425e-01 0.000000e+00 2.911985e-15
3.467369e+06 3.548134e+06 4.173707e-01 4.173707e-01 3.978904e-01 0.000000e+00 3.747362e-15
3.548134e+06 3.630781e+06 3.884951e-01 3.884951e-01 3.713748e-01 0.000000e+00 4.822391e-15
3.630781e+06 3.715352e+06 3.882326e-01 3.882326e-01 3.720617e-01 0.000000e+00 6.205816e-15
3.715352e+06 3.801894e+06 3.586098e-01 3.586098e-01 3.400151e-01 0.000000e+00 7.986111e-15
3.801894e+06 3.890451e+06 3.315261e-01 3.315261e-01 3.186032e-01 0.000000e+00 1.027713e-14
3.890451e+06 3.981072e+06 3.365087e-01 3.365087e-01 3.236487e-01 0.000000e+00 1.322540e-14
3.981072e+06 4.073803e+06 3.114436e-01 3.114436e-01 3.010974e-01 0.000000e+00 1.701947e-14
4.073803e+06 4.168694e+06 2.807972e-01 2.807972e-01 2.733153e-01 0.000000e+00 2.190195e-14
4.168694e+06 4.265795e+06 2.713356e-01 2.713356e-01 2.617282e-01 0.000000e+00 2.818508e-14
4.265795e+06 4.365158e+06 2.571136e-01 2.571136e-01 2.467931e-01 0.000000e+00 3.627068e-14
4.365158e+06 4.466836e+06 2.321062e-01 2.321062e-01 2.240041e-01 0.000000e+00 4.667589e-14
4.466836e+06 4.570882e+06 2.177783e-01 2.177783e-01 2.110477e-01 0.000000e+00 6.006613e-14
4.570882e+06 4.677351e+06 2.127929e-01 2.127929e-01 2.066946e-01 0.000000e+00 7.729762e-14
4.677351e+06 4.786301e+06 2.095932e-01 2.095932e-01 2.037877e-01 0.000000e+00 9.947246e-14
4.786301e+06 4.897788e+06 2.121205e-01 2.121205e-01 2.052953e-01 0.000000e+00 1.280088e-13
4.897788e+06 5.011872e+06 1.930464e-01 1.930464e-01 1.881172e-01 0.000000e+00 1.647314e-13
5.011872e+06 5.128614e+06 1.831098e-01 1.831098e-01 1.770522e-01 0.000000e+00 2.119889e-13
5.128614e+06 5.248075e+06 1.806645e-01 1.806645e-01 1.749468e-01 0.000000e+00 2.728037e-13
5.248075e+06 5.370318e+06 1.775669e-01 1.775669e-01 1.734336e-01 0.000000e+00 3.510646e-13
5.370318e+06 5.495409e+06 1.632045e-01 1.632045e-01 1.596496e-01 0.000000e+00 4.517765e-13
5.495409e+06 5.623413e+06 1.488309e-01 1.488309e-01 1.448467e-01 0.000000e+00 5.813803e-13
5.623413e+06 5.754399e+06 1.485383e-01 1.485383e-01 1.437411e-01 0.000000e+00 7.481640e-13
5.754399e+06 5.888437e+06 1.464412e-01 1.464412e-01 1.424896e-01 0.000000e+00 9.627950e-13
5.888437e+06 6.025596e+06 1.355862e-01 1.355862e-01 1.319690e-01 0.000000e+00 1.238999e-12
6.025596e+06 6.165950e+06 1.372229e-01 1.372229e-01 1.339444e-01 0.000000e+00 1.594437e-12
6.165950e+06 6.309573e+06 1.285122e-01 1.285122e-01 1.253695e-01 0.000000e+00 2.051842e-12
6.309573e+06 6.456542e+06 1.240688e-01 1.240688e-01 1.209585e-01 0.000000e+00 2.640466e-12
6.456542e+06 6.606934e+06 1.245606e-01 1.245606e-01 1.223564e-01 0.000000e+00 3.397952e-12
6.606934e+06 6.760830e+06 1.192021e-01 1.192021e-01 1.163295e-01 0.000000e+00 4.372746e-12
6.760830e+06 6.918310e+06 1.165735e-01 1.165735e-01 1.137779e-01 0.000000e+00 5.627186e-12
6.918310e+06 7.079458e+06 1.148113e-01 1.148113e-01 1.123663e-01 0.000000e+00 7.241491e-12
7.079458e+06 7.244360e+06 1.050283e-01 1.050283e-01 1.025032e-01 0.000000e+00 9.318902e-12
7.244360e+06 7.413102e+06 9.445536e-02 9.445536e-02 9.194725e-02 0.000000e+00 1.199227e-11
7.413102e+06 7.585776e+06 9.409656e-02 9.409656e-02 9.181732e-02 0.000000e+00 1.543256e-11
7.585776e+06 7.762471e+06 9.083150e-02 9.083150e-02 8.855908e-02 0.000000e+00 1.985980e-11
7.762471e+06 7.943282e+06 8.646056e-02 8.646056e-02 8.411534e-02 0.000000e+00 2.555709e-11
7.943282e+06 8.128305e+06 8.204055e-02 8.204055e-02 8.029129e-02 0.000000e+00 3.288881e-11
8.128305e+06 8.317638e+06 8.078997e-02 8.078997e-02 7.880647e-02 0.000000e+00 4.232385e-11
8.317638e+06 8.511380e+06 7.446331e-02 7.446331e-02 7.262439e-02 0.000000e+00 5.446554e-11
8.511380e+06 8.709636e+06 7.525596e-02 7.525596e-02 7.345494e-02 0.000000e+00 7.009040e-11
8.709636e+06 8.912509e+06 7.169312e-02 7.169312e-02 6.996937e-02 0.000000e+00 9.019766e-11
8.912509e+06 9.120108e+06 6.981092e-02 6.981092e-02 6.809726e-02 0.000000e+00 1.160732e-10
9.120108e+06 9.332543e+06 6.707186e-02 6.707186e-02 6.560478e-02 0.000000e+00 1.493718e-10
9.332543e+06 9.549926e+06 6.516462e-02 6.516462e-02 6.364191e-02 0.000000e+00 1.922231e-10
9.549926e+06 9.772372e+06 6.130429e-02 6.130429e-02 5.990272e-02 0.000000e+00 2.473673e-10
9.772372e+06 1.000000e+07 6.243039e-02 6.243039e-02 6.093278e-02 0.000000e+00 3.183311e-10
1.000000e+07 1.023293e+07 6.059115e-02 6.059115e-02 5.907888e-02 0.000000e+00 4.096528e-10
1.023293e+07 1.047129e+07 5.854015e-02 5.854015e-02 5.713024e-02 0.000000e+00 5.271736e-10
1.047129e+07 1.071519e+07 5.964981e-02 5.964981e-02 5.831817e-02 0.000000e+00 6.784060e-10
1.071519e+07 1.096478e+07 6.062621e-02 6.062621e-02 5.917683e-02 0.000000e+00 8.730217e-10
1.096478e+07 1.122018e+07 5.751722e-02 5.751722e-02 5.596093e-02 0.000000e+00 1.123470e-09
1.122018e+07 1.148154e+07 5.115506e-02 5.115506e-02 4.975659e-02 0.000000e+00 1.445771e-09
1.148154e+07 1.174898e+07 5.093875e-02 5.093875e-02 4.949742e-02 0.000000e+00 1.860536e-09
1.174898e+07 1.202264e+07 4.931615e-02 4.931615e-02 4.794969e-02 0.000000e+00 2.394270e-09
1.202264e+07 1.230269e+07 5.031842e-02 5.031842e-02 4.898964e-02 0.000000e+00 3.081126e-09
1.230269e+07 1.258925e+07 4.646883e-02 4.646883e-02 4.524165e-02 0.000000e+00 3.965028e-09
1.258925e+07 1.288250e+07 4.361877e-02 4.361877e-02 4.242520e-02 0.000000e+00 5.102505e-09
1.288250e+07 1.318257e+07 4.114438e-02 4.114438e-02 4.000859e-02 0.000000e+00 6.566311e-09
1.318257e+07 1.348963e+07 4.022643e-02 4.022643e-02 3.913569e-02 0.000000e+00 8.450017e-09
1.348963e+07 1.380384e+07 4.113131e-02 4.113131e-02 4.000429e-02 0.000000e+00 1.087410e-08
1.380384e+07 1.412538e+07 4.047777e-02 4.047777e-02 3.936809e-02 0.000000e+00 1.399364e-08
1.412538e+07 1.445440e+07 4.157004e-02 4.157004e-02 4.042284e-02 0.000000e+00 1.800812e-08
1.445440e+07 1.479108e+07 3.493530e-02 3.493530e-02 3.396340e-02 0.000000e+00 2.317414e-08
1.479108e+07 1.513561e+07 3.873066e-02 3.873066e-02 3.762586e-02 0.000000e+00 2.982220e-08
1.513561e+07 1.548817e+07 3.829969e-02 3.829969e-02 3.725314e-02 0.000000e+00 3.837758e-08
1.548817e+07 1.584893e+07 3.964824e-02 3.964824e-02 3.857494e-02 0.000000e+00 4.938720e-08
1.584893e+07 1.621810e+07 3.801548e-02 3.801548e-02 3.698301e-02 0.000000e+00 4.955122e-08
1.621810e+07 1.659587e+07 3.996155e-02 3.996155e-02 3.887600e-02 0.000000e+00 7.638918e-08
1.659587e+07 1.698244e+07 3.690302e-02 3.690302e-02 3.588816e-02 0.000000e+00 1.177632e-07
1.698244e+07 1.737801e+07 3.385012e-02 3.385012e-02 3.289151e-02 0.000000e+00 1.673000e-07
1.737801e+07 1.778279e+07 3.424543e-02 3.424543e-02 3.328237e-02 0.000000e+00 2.157645e-07
1.778279e+07 1.819701e+07 3.346529e-02 3.346529e-02 3.252687e-02 0.000000e+00 2.782690e-07
1.819701e+07 1.862087e+07 3.098107e-02 3.098107e-02 3.012490e-02 0.000000e+00 3.336287e-07
1.862087e+07 1.905461e+07 3.076944e-02 3.076944e-02 2.988328e-02 0.000000e+00 3.992733e-07
1.905461e+07 1.949845e+07 3.051505e-02 3.051505e-02 2.964559e-02 0.000000e+00 4.659809e-07
1.949845e+07 1.995262e+07 3.074637e-02 3.074637e-02 2.988013e-02 0.000000e+00 5.357842e-07
1.995262e+07 2.041738e+07 2.777035e-02 2.777035e-02 2.697741e-02 0.000000e+00 6.108211e-07
2.041738e+07 2.089296e+07 2.832185e-02 2.832185e-02 2.750165e-02 0.000000e+00 6.854015e-07
2.089296e+07 2.137962e+07 2.817833e-02 2.817833e-02 2.736359e-02 0.000000e+00 7.610526e-07
2.137962e+07 2.187762e+07 2.553784e-02 2.553784e-02 2.480144e-02 0.000000e+00 8.309384e-07
2.187762e+07 2.238721e+07 2.957059e-02 2.957059e-02 2.871961e-02 0.000000e+00 8.897475e-07
2.238721e+07 2.290868e+07 2.884745e-02 2.884745e-02 2.801834e-02 0.000000e+00 9.482630e-07
2.290868e+07 2.344229e+07 2.639393e-02 2.639393e-02 2.563619e-02 0.000000e+00 1.001236e-06
2.344229e+07 2.398833e+07 2.809750e-02 2.809750e-02 2.729199e-02 0.000000e+00 1.037328e-06
2.398833e+07 2.454709e+07 2.628062e-02 2.628062e-02 2.552830e-02 0.000000e+00 1.074721e-06
2.454709e+07 2.511886e+07 2.470767e-02 2.470767e-02 2.400116e-02 0.000000e+00 1.113461e-06
2.511886e+07 2.570396e+07 2.374984e-02 2.374984e-02 2.306972e-02 0.000000e+00 1.207299e-06
2.570396e+07 2.630268e+07 2.489556e-02 2.489556e-02 2.418186e-02 0.000000e+00 1.333732e-06
2.630268e+07 2.691535e+07 2.455675e-02 2.455675e-02 2.385499e-02 0.000000e+00 1.472622e-06
2.691535e+07 2.754229e+07 2.519621e-02 2.519621e-02 2.447876e-02 0.000000e+00 1.622140e-06
2.754229e+07 2.818383e+07 2.127034e-02 2.127034e-02 2.066772e-02 0.000000e+00 1.779558e-06
2.818383e+07 2.884032e+07 2.142121e-02 2.142121e-02 2.081707e-02 0.000000e+00 1.982353e-06
2.884032e+07 2.951209e+07 2.279528e-02 2.279528e-02 2.215468e-02 0.000000e+00 2.212838e-06
2.951209e+07 3.019952e+07 2.244122e-02 2.244122e-02 2.181039e-02 0.000000e+00 2.455864e-06
3.019952e+07 3.090295e+07 2.119558e-02 2.119558e-02 2.060014e-02 0.000000e+00 2.690850e-06
3.090295e+07 3.162278e+07 2.026216e-02 2.026216e-02 1.969525e-02 0.000000e+00 2.938333e-06
3.162278e+07 3.235937e+07 2.253350e-02 2.253350e-02 2.190668e-02 0.000000e+00 3.208578e-06
3.235937e+07 3.311311e+07 2.070946e-02 2.070946e-02 2.013690e-02 0.000000e+00 4.578746e-06
3.311311e+07 3.388442e+07 2.193502e-02 2.193502e-02 2.133220e-02 0.000000e+00 6.555508e-06
3.388442e+07 3.467369e+07 2.226912e-02 2.226912e-02 2.166094e-02 0.000000e+00 9.996625e-06
3.467369e+07 3.548134e+07 2.130130e-02 2.130130e-02 2.072309e-02 0.000000e+00 1.709463e-05
3.548134e+07 3.630781e+07 2.095564e-02 2.095564e-02 2.039014e-02 0.000000e+00 2.923254e-05
3.630781e+07 3.715352e+07 2.034832e-02 2.034832e-02 1.980305e-02 0.000000e+00 4.439183e-05
3.715352e+07 3.801894e+07 1.877031e-02 1.877031e-02 1.827040e-02 0.000000e+00 6.625404e-05
3.801894e+07 3.890451e+07 1.952998e-02 1.952998e-02 1.901353e-02 0.000000e+00 9.419225e-05
3.890451e+07 3.981072e+07 1.941932e-02 1.941932e-02 1.890969e-02 0.000000e+00 1.281399e-04
3.981072e+07 4.073803e+07 1.937233e-02 1.937233e-02 1.886788e-02 0.000000e+00 1.699257e-04
4.073803e+07 4.168694e+07 1.814862e-02 1.814862e-02 1.767996e-02 0.000000e+00 2.121075e-04
4.168694e+07 4.265795e+07 1.786106e-02 1.786106e-02 1.740409e-02 0.000000e+00 2.647604e-04
4.265795e+07 4.365158e+07 1.730544e-02 1.730544e-02 1.686761e-02 0.000000e+00 3.304835e-04
4.365158e+07 4.466836e+07 1.871617e-02 1.871617e-02 1.824785e-02 0.000000e+00 4.125219e-04
4.466836e+07 4.570882e+07 1.820021e-02 1.820021e-02 1.774988e-02 0.000000e+00 5.056201e-04
4.570882e+07 4.677351e+07 1.564596e-02 1.564596e-02 1.526412e-02 0.000000e+00 5.708414e-04
4.677351e+07 4.786301e+07 1.839833e-02 1.839833e-02 1.795466e-02 0.000000e+00 6.444759e-04
4.786301e+07 4.897788e+07 1.776937e-02 1.776937e-02 1.734624e-02 0.000000e+00 7.276089e-04
4.897788e+07 5.011872e+07 1.659635e-02 1.659635e-02 1.620712e-02 0.000000e+00 8.214652e-04
5.011872e+07 5.128614e+07 1.546957e-02 1.546957e-02 1.511139e-02 0.000000e+00 9.139174e-04
5.128614e+07 5.248075e+07 1.635771e-02 1.635771e-02 1.598483e-02 0.000000e+00 1.007114e-03
5.248075e+07 5.370318e+07 1.513177e-02 1.513177e-02 1.479090e-02 0.000000e+00 1.109814e-03
5.370318e+07 5.495409e+07 1.655835e-02 1.655835e-02 1.619214e-02 0.000000e+00 1.222987e-03
5.495409e+07 5.623413e+07 1.617319e-02 1.617319e-02 1.581958e-02 0.000000e+00 1.331739e-03
5.623413e+07 5.754399e+07 1.456024e-02 1.456024e-02 1.424798e-02 0.000000e+00 1.430546e-03
5.754399e+07 5.888437e+07 1.378902e-02 1.378902e-02 1.349738e-02 0.000000e+00 1.536684e-03
5.888437e+07 6.025596e+07 1.451919e-02 1.451919e-02 1.421783e-02 0.000000e+00 1.650696e-03
6.025596e+07 6.165950e+07 1.426139e-02 1.426139e-02 1.396980e-02 0.000000e+00 1.732125e-03
6.165950e+07 6.309573e+07 1.385633e-02 1.385633e-02 1.357857e-02 0.000000e+00 1.798348e-03
6.309573e+07 6.456542e+07 1.391049e-02 1.391049e-02 1.363633e-02 0.000000e+00 1.867103e-03
6.456542e+07 6.606934e+07 1.459645e-02 1.459645e-02 1.431447e-02 0.000000e+00 1.938487e-03
6.606934e+07 6.760830e+07 1.312539e-02 1.312539e-02 1.287603e-02 0.000000e+00 2.012601e-03
6.760830e+07 6.918310e+07 1.309425e-02 1.309425e-02 1.285065e-02 0.000000e+00 2.089548e-03
6.918310e+07 7.079458e+07 1.206424e-02 1.206424e-02 1.184370e-02 0.000000e+00 2.169436e-03
7.079458e+07 7.244360e+07 1.213016e-02 1.213016e-02 1.191288e-02 0.000000e+00 2.222089e-03
7.244360e+07 7.413102e+07 1.252128e-02 1.252128e-02 1.230129e-02 0.000000e+00 2.275805e-03
7.413102e+07 7.585776e+07 1.200102e-02 1.200102e-02 1.179428e-02 0.000000e+00 2.330819e-03
7.585776e+07 7.762471e+07 1.241676e-02 1.241676e-02 1.220727e-02 0.000000e+00 2.394499e-03
7.762471e+07 7.943282e+07 1.086079e-02 1.086079e-02 1.068109e-02 0.000000e+00 2.459944e-03
7.943282e+07 8.128305e+07 1.072018e-02 1.072018e-02 1.054647e-02 0.000000e+00 2.531949e-03
8.128305e+07 8.317638e+07 1.020604e-02 1.020604e-02 1.004377e-02 0.000000e+00 2.626582e-03
8.317638e+07 8.511380e+07 9.702068e-03 9.702068e-03 9.551619e-03 0.000000e+00 2.724751e-03
8.511380e+07 8.709636e+07 9.402635e-03 9.402635e-03 9.259431e-03 0.000000e+00 2.842636e-03
8.709636e+07 8.912509e+07 9.601025e-03 9.601025e-03 9.457994e-03 0.000000e+00 2.978788e-03
8.912509e+07 9.120108e+07 9.814286e-03 9.814286e-03 9.671083e-03 0.000000e+00 3.118990e-03
9.120108e+07 9.332543e+07 9.131693e-03 9.131693e-03 9.002575e-03 0.000000e+00 3.235627e-03
9.332543e+07 9.549926e+07 8.662107e-03 8.662107e-03 8.542211e-03 0.000000e+00 3.356626e-03
9.549926e+07 9.772372e+07 8.152818e-03 8.152818e-03 8.042696e-03 0.000000e+00 3.465962e-03
9.772372e+07 1.000000e+08 8.325085e-03 8.325085e-03 8.215499e-03 0.000000e+00 3.572714e-03
