#target material  : SiO2 Quartz
#total xs file    : data/SiO2.ntot
#prod xs file     : data/Be10.rip
#sample mass  [g] : 1.5000
#sample diam [mm] : 13.0
#target precision : 0.50%
#########################################################################################################
#Energy (eV)      Weighted Prim   Weighted Multi  F_ms        Uncertainty   Rel Err   Histories 
#########################################################################################################
1.000000e-05      0.00            0.00            1.00000     0.00000       0.00  %   10000     
1.364106e-05      0.00            0.00            1.00000     0.00000       0.00  %   10000     
1.859726e-05      0.00            0.00            1.00000     0.00000       0.00  %   10000     
2.536863e-05      0.00            0.00            1.00000     0.00000       0.00  %   10000     
3.458580e-05      0.00            0.00            1.00000     0.00000       0.00  %   10000     
4.717869e-05      0.00            0.00            1.00000     0.00000       0.00  %   10000     
6.432010e-05      0.00            0.00            1.00000     0.00000       0.00  %   10000     
8.773944e-05      0.00            0.00            1.00000     0.00000       0.00  %   10000     
1.196178e-04      0.00            0.00            1.00000     0.00000       0.00  %   10000     
1.631713e-04      0.00            0.00            1.00000     0.00000       0.00  %   10000     
1.670643e-04      0.00            0.00            1.00000     0.00000       0.00  %   10000     
2.278933e-04      0.00            0.00            1.00000     0.00000       0.00  %   10000     
2.333304e-04      0.00            0.00            1.00000     0.00000       0.00  %   10000     
3.182874e-04      0.00            0.00            1.00000     0.00000       0.00  %   10000     
3.258812e-04      0.00            0.00            1.00000     0.00000       0.00  %   10000     
4.445365e-04      0.00            0.00            1.00000     0.00000       0.00  %   10000     
4.551423e-04      0.00            0.00            1.00000     0.00000       0.00  %   10000     
6.208623e-04      0.00            0.00            1.00000     0.00000       0.00  %   10000     
6.356749e-04      0.00            0.00            1.00000     0.00000       0.00  %   10000     
6.512116e-04      0.00            0.00            1.00000     0.00000       0.00  %   10000     
8.671278e-04      0.00            0.00            1.00000     0.00000       0.00  %   10000     
8.878159e-04      0.00            0.00            1.00000     0.00000       0.00  %   10000     
9.095152e-04      0.00            0.00            1.00000     0.00000       0.00  %   10000     
9.312146e-04      0.00            0.00            1.00000     0.00000       0.00  %   10000     
1.239969e-03      0.00            0.00            1.00000     0.00000       0.00  %   10000     
1.270275e-03      0.00            0.00            1.00000     0.00000       0.00  %   10000     
1.332370e-03      0.00            0.00            1.00000     0.00000       0.00  %   10000     
1.364157e-03      0.00            0.00            1.00000     0.00000       0.00  %   10000     
1.816459e-03      0.00            0.00            1.00000     0.00000       0.00  %   10000     
1.860855e-03      0.00            0.00            1.00000     0.00000       0.00  %   10000     
1.998385e-03      0.00            0.00            1.00000     0.00000       0.00  %   10000     
2.096071e-03      0.00            0.00            1.00000     0.00000       0.00  %   10000     
2.726009e-03      0.00            0.00            1.00000     0.00000       0.00  %   10000     
2.791046e-03      0.00            0.00            1.00000     0.00000       0.00  %   10000     
2.859263e-03      0.00            0.00            1.00000     0.00000       0.00  %   10000     
3.070582e-03      0.00            0.00            1.00000     0.00000       0.00  %   10000     
3.378115e-03      0.00            0.00            1.00000     0.00000       0.00  %   10000     
4.288532e-03      0.00            0.00            1.00000     0.00000       0.00  %   10000     
4.498166e-03      0.00            0.00            1.00000     0.00000       0.00  %   10000     
4.718047e-03      0.00            0.00            1.00000     0.00000       0.00  %   10000     
5.069629e-03      0.00            0.00            1.00000     0.00000       0.00  %   10000     
5.989582e-03      0.00            0.00            1.00000     0.00000       0.00  %   10000     
6.135975e-03      0.00            0.00            1.00000     0.00000       0.00  %   10000     
7.080502e-03      0.00            0.00            1.00000     0.00000       0.00  %   10000     
7.975493e-03      0.00            0.00            1.00000     0.00000       0.00  %   10000     
8.774274e-03      0.00            0.00            1.00000     0.00000       0.00  %   10000     
9.203183e-03      0.00            0.00            1.00000     0.00000       0.00  %   10000     
1.255412e-02      0.00            0.00            1.00000     0.00000       0.00  %   10000     
1.316779e-02      0.00            0.00            1.00000     0.00000       0.00  %   10000     
1.711540e-02      0.00            0.00            1.00000     0.00000       0.00  %   10000     
1.882958e-02      0.00            0.00            1.00000     0.00000       0.00  %   10000     
2.071545e-02      0.00            0.00            1.00000     0.00000       0.00  %   10000     
2.518637e-02      0.00            0.00            1.00000     0.00000       0.00  %   10000     
2.530000e-02      0.00            0.00            1.00000     0.00000       0.00  %   10000     
7.229545e-02      0.00            0.00            1.00000     0.00000       0.00  %   10000     
7.406245e-02      0.00            0.00            1.00000     0.00000       0.00  %   10000     
1.034394e-01      0.00            0.00            1.00000     0.00000       0.00  %   10000     
1.059072e-01      0.00            0.00            1.00000     0.00000       0.00  %   10000     
1.281838e-01      0.00            0.00            1.00000     0.00000       0.00  %   10000     
1.515307e-01      0.00            0.00            1.00000     0.00000       0.00  %   10000     
3.251847e-01      0.00            0.00            1.00000     0.00000       0.00  %   10000     
4.128234e-01      0.00            0.00            1.00000     0.00000       0.00  %   10000     
1.647565e+00      0.00            0.00            1.00000     0.00000       0.00  %   10000     
1.769332e+00      0.00            0.00            1.00000     0.00000       0.00  %   10000     
4.707963e+00      0.00            0.00            1.00000     0.00000       0.00  %   10000     
2.328405e+01      0.00            0.00            1.00000     0.00000       0.00  %   10000     
4.570793e+03      0.00            0.00            1.00000     0.00000       0.00  %   10000     
4.914762e+03      0.00            0.00            1.00000     0.00000       0.00  %   10000     
4.946150e+03      0.00            0.00            1.00000     0.00000       0.00  %   10000     
4.957621e+03      0.00            0.00            1.00000     0.00000       0.00  %   10000     
4.962736e+03      0.00            0.00            1.00000     0.00000       0.00  %   10000     
4.965881e+03      0.00            0.00            1.00000     0.00000       0.00  %   10000     
4.968231e+03      0.00            0.00            1.00000     0.00000       0.00  %   10000     
4.969619e+03      0.00            0.00            1.00000     0.00000       0.00  %   10000     
4.970545e+03      0.00            0.00            1.00000     0.00000       0.00  %   10000     
4.971239e+03      0.00            0.00            1.00000     0.00000       0.00  %   10000     
4.971968e+03      0.00            0.00            1.00000     0.00000       0.00  %   10000     
4.972631e+03      0.00            0.00            1.00000     0.00000       0.00  %   10000     
4.973211e+03      0.00            0.00            1.00000     0.00000       0.00  %   10000     
4.973791e+03      0.00            0.00            1.00000     0.00000       0.00  %   10000     
4.974343e+03      0.00            0.00            1.00000     0.00000       0.00  %   10000     
4.974931e+03      0.00            0.00            1.00000     0.00000       0.00  %   10000     
4.975518e+03      0.00            0.00            1.00000     0.00000       0.00  %   10000     
4.976252e+03      0.00            0.00            1.00000     0.00000       0.00  %   10000     
4.977154e+03      0.00            0.00            1.00000     0.00000       0.00  %   10000     
4.979328e+03      0.00            0.00            1.00000     0.00000       0.00  %   10000     
4.980268e+03      0.00            0.00            1.00000     0.00000       0.00  %   10000     
4.981190e+03      0.00            0.00            1.00000     0.00000       0.00  %   10000     
4.981231e+03      0.00            0.00            1.00000     0.00000       0.00  %   10000     
4.982113e+03      0.00            0.00            1.00000     0.00000       0.00  %   10000     
4.982959e+03      0.00            0.00            1.00000     0.00000       0.00  %   10000     
4.984369e+03      0.00            0.00            1.00000     0.00000       0.00  %   10000     
4.985697e+03      0.00            0.00            1.00000     0.00000       0.00  %   10000     
4.986505e+03      0.00            0.00            1.00000     0.00000       0.00  %   10000     
4.987166e+03      0.00            0.00            1.00000     0.00000       0.00  %   10000     
4.987744e+03      0.00            0.00            1.00000     0.00000       0.00  %   10000     
4.988346e+03      0.00            0.00            1.00000     0.00000       0.00  %   10000     
4.988897e+03      0.00            0.00            1.00000     0.00000       0.00  %   10000     
4.989413e+03      0.00            0.00            1.00000     0.00000       0.00  %   10000     
4.990032e+03      0.00            0.00            1.00000     0.00000       0.00  %   10000     
4.990651e+03      0.00            0.00            1.00000     0.00000       0.00  %   10000     
4.991373e+03      0.00            0.00            1.00000     0.00000       0.00  %   10000     
4.992245e+03      0.00            0.00            1.00000     0.00000       0.00  %   10000     
4.993511e+03      0.00            0.00            1.00000     0.00000       0.00  %   10000     
4.995030e+03      0.00            0.00            1.00000     0.00000       0.00  %   10000     
4.997417e+03      0.00            0.00            1.00000     0.00000       0.00  %   10000     
5.001539e+03      0.00            0.00            1.00000     0.00000       0.00  %   10000     
5.009204e+03      0.00            0.00            1.00000     0.00000       0.00  %   10000     
5.025723e+03      0.00            0.00            1.00000     0.00000       0.00  %   10000     
5.099439e+03      0.00            0.00            1.00000     0.00000       0.00  %   10000     
1.420894e+04      0.00            0.00            1.00000     0.00000       0.00  %   10000     
1.485883e+04      0.00            0.00            1.00000     0.00000       0.00  %   10000     
1.500727e+04      0.00            0.00            1.00000     0.00000       0.00  %   10000     
1.510039e+04      0.00            0.00            1.00000     0.00000       0.00  %   10000     
1.511679e+04      0.00            0.00            1.00000     0.00000       0.00  %   10000     
1.512446e+04      0.00            0.00            1.00000     0.00000       0.00  %   10000     
1.512690e+04      0.00            0.00            1.00000     0.00000       0.00  %   10000     
1.512891e+04      0.00            0.00            1.00000     0.00000       0.00  %   10000     
1.513040e+04      0.00            0.00            1.00000     0.00000       0.00  %   10000     
1.513159e+04      0.00            0.00            1.00000     0.00000       0.00  %   10000     
1.513269e+04      0.00            0.00            1.00000     0.00000       0.00  %   10000     
1.513352e+04      0.00            0.00            1.00000     0.00000       0.00  %   10000     
1.513373e+04      0.00            0.00            1.00000     0.00000       0.00  %   10000     
1.513477e+04      0.00            0.00            1.00000     0.00000       0.00  %   10000     
1.513606e+04      0.00            0.00            1.00000     0.00000       0.00  %   10000     
1.513761e+04      0.00            0.00            1.00000     0.00000       0.00  %   10000     
1.514182e+04      0.00            0.00            1.00000     0.00000       0.00  %   10000     
1.514350e+04      0.00            0.00            1.00000     0.00000       0.00  %   10000     
1.514486e+04      0.00            0.00            1.00000     0.00000       0.00  %   10000     
1.514628e+04      0.00            0.00            1.00000     0.00000       0.00  %   10000     
1.514797e+04      0.00            0.00            1.00000     0.00000       0.00  %   10000     
1.515243e+04      0.00            0.00            1.00000     0.00000       0.00  %   10000     
1.515393e+04      0.00            0.00            1.00000     0.00000       0.00  %   10000     
1.515503e+04      0.00            0.00            1.00000     0.00000       0.00  %   10000     
1.515612e+04      0.00            0.00            1.00000     0.00000       0.00  %   10000     
1.515711e+04      0.00            0.00            1.00000     0.00000       0.00  %   10000     
1.515820e+04      0.00            0.00            1.00000     0.00000       0.00  %   10000     
1.515957e+04      0.00            0.00            1.00000     0.00000       0.00  %   10000     
1.516094e+04      0.00            0.00            1.00000     0.00000       0.00  %   10000     
1.516316e+04      0.00            0.00            1.00000     0.00000       0.00  %   10000     
1.516686e+04      0.00            0.00            1.00000     0.00000       0.00  %   10000     
1.517535e+04      0.00            0.00            1.00000     0.00000       0.00  %   10000     
1.520614e+04      0.00            0.00            1.00000     0.00000       0.00  %   10000     
1.522394e+04      0.00            0.00            1.00000     0.00000       0.00  %   10000     
1.523005e+04      0.00            0.00            1.00000     0.00000       0.00  %   10000     
1.524750e+04      0.00            0.00            1.00000     0.00000       0.00  %   10000     
1.525655e+04      0.00            0.00            1.00000     0.00000       0.00  %   10000     
1.526335e+04      0.00            0.00            1.00000     0.00000       0.00  %   10000     
1.526806e+04      0.00            0.00            1.00000     0.00000       0.00  %   10000     
1.527120e+04      0.00            0.00            1.00000     0.00000       0.00  %   10000     
1.527355e+04      0.00            0.00            1.00000     0.00000       0.00  %   10000     
1.527549e+04      0.00            0.00            1.00000     0.00000       0.00  %   10000     
1.527741e+04      0.00            0.00            1.00000     0.00000       0.00  %   10000     
1.527898e+04      0.00            0.00            1.00000     0.00000       0.00  %   10000     
1.528055e+04      0.00            0.00            1.00000     0.00000       0.00  %   10000     
1.528212e+04      0.00            0.00            1.00000     0.00000       0.00  %   10000     
1.528369e+04      0.00            0.00            1.00000     0.00000       0.00  %   10000     
1.528551e+04      0.00            0.00            1.00000     0.00000       0.00  %   10000     
1.529047e+04      0.00            0.00            1.00000     0.00000       0.00  %   10000     
1.529198e+04      0.00            0.00            1.00000     0.00000       0.00  %   10000     
1.529388e+04      0.00            0.00            1.00000     0.00000       0.00  %   10000     
1.529411e+04      0.00            0.00            1.00000     0.00000       0.00  %   10000     
1.529581e+04      0.00            0.00            1.00000     0.00000       0.00  %   10000     
1.529806e+04      0.00            0.00            1.00000     0.00000       0.00  %   10000     
1.530315e+04      0.00            0.00            1.00000     0.00000       0.00  %   10000     
1.530503e+04      0.00            0.00            1.00000     0.00000       0.00  %   10000     
1.530660e+04      0.00            0.00            1.00000     0.00000       0.00  %   10000     
1.530817e+04      0.00            0.00            1.00000     0.00000       0.00  %   10000     
1.530974e+04      0.00            0.00            1.00000     0.00000       0.00  %   10000     
1.531131e+04      0.00            0.00            1.00000     0.00000       0.00  %   10000     
1.531326e+04      0.00            0.00            1.00000     0.00000       0.00  %   10000     
1.531558e+04      0.00            0.00            1.00000     0.00000       0.00  %   10000     
1.531829e+04      0.00            0.00            1.00000     0.00000       0.00  %   10000     
1.532220e+04      0.00            0.00            1.00000     0.00000       0.00  %   10000     
1.532691e+04      0.00            0.00            1.00000     0.00000       0.00  %   10000     
1.533161e+04      0.00            0.00            1.00000     0.00000       0.00  %   10000     
1.533971e+04      0.00            0.00            1.00000     0.00000       0.00  %   10000     
1.534781e+04      0.00            0.00            1.00000     0.00000       0.00  %   10000     
1.536834e+04      0.00            0.00            1.00000     0.00000       0.00  %   10000     
1.541524e+04      0.00            0.00            1.00000     0.00000       0.00  %   10000     
1.566129e+04      0.00            0.00            1.00000     0.00000       0.00  %   10000     
1.673734e+04      0.00            0.00            1.00000     0.00000       0.00  %   10000     
1.676221e+04      0.00            0.00            1.00000     0.00000       0.00  %   10000     
3.171492e+04      0.00            0.00            1.00000     0.00000       0.00  %   10000     
3.173434e+04      0.00            0.00            1.00000     0.00000       0.00  %   10000     
3.174248e+04      0.00            0.00            1.00000     0.00000       0.00  %   10000     
3.175018e+04      0.00            0.00            1.00000     0.00000       0.00  %   10000     
3.175142e+04      0.00            0.00            1.00000     0.00000       0.00  %   10000     
3.175734e+04      0.00            0.00            1.00000     0.00000       0.00  %   10000     
3.176477e+04      0.00            0.00            1.00000     0.00000       0.00  %   10000     
3.177269e+04      0.00            0.00            1.00000     0.00000       0.00  %   10000     
3.343870e+04      0.00            0.00            1.00000     0.00000       0.00  %   10000     
3.727784e+04      0.00            0.00            1.00000     0.00000       0.00  %   10000     
3.790102e+04      0.00            0.00            1.00000     0.00000       0.00  %   10000     
3.815601e+04      0.00            0.00            1.00000     0.00000       0.00  %   10000     
3.829829e+04      0.00            0.00            1.00000     0.00000       0.00  %   10000     
3.839279e+04      0.00            0.00            1.00000     0.00000       0.00  %   10000     
3.847154e+04      0.00            0.00            1.00000     0.00000       0.00  %   10000     
3.853453e+04      0.00            0.00            1.00000     0.00000       0.00  %   10000     
3.857233e+04      0.00            0.00            1.00000     0.00000       0.00  %   10000     
3.860338e+04      0.00            0.00            1.00000     0.00000       0.00  %   10000     
3.863488e+04      0.00            0.00            1.00000     0.00000       0.00  %   10000     
3.866188e+04      0.00            0.00            1.00000     0.00000       0.00  %   10000     
3.868438e+04      0.00            0.00            1.00000     0.00000       0.00  %   10000     
3.870463e+04      0.00            0.00            1.00000     0.00000       0.00  %   10000     
3.872038e+04      0.00            0.00            1.00000     0.00000       0.00  %   10000     
3.873612e+04      0.00            0.00            1.00000     0.00000       0.00  %   10000     
3.874940e+04      0.00            0.00            1.00000     0.00000       0.00  %   10000     
3.876200e+04      0.00            0.00            1.00000     0.00000       0.00  %   10000     
3.877437e+04      0.00            0.00            1.00000     0.00000       0.00  %   10000     
3.878652e+04      0.00            0.00            1.00000     0.00000       0.00  %   10000     
3.880272e+04      0.00            0.00            1.00000     0.00000       0.00  %   10000     
3.881902e+04      0.00            0.00            1.00000     0.00000       0.00  %   10000     
3.882820e+04      0.00            0.00            1.00000     0.00000       0.00  %   10000     
3.883383e+04      0.00            0.00            1.00000     0.00000       0.00  %   10000     
3.884120e+04      0.00            0.00            1.00000     0.00000       0.00  %   10000     
3.885157e+04      0.00            0.00            1.00000     0.00000       0.00  %   10000     
3.887832e+04      0.00            0.00            1.00000     0.00000       0.00  %   10000     
3.889047e+04      0.00            0.00            1.00000     0.00000       0.00  %   10000     
3.890307e+04      0.00            0.00            1.00000     0.00000       0.00  %   10000     
3.891567e+04      0.00            0.00            1.00000     0.00000       0.00  %   10000     
3.892827e+04      0.00            0.00            1.00000     0.00000       0.00  %   10000     
3.894267e+04      0.00            0.00            1.00000     0.00000       0.00  %   10000     
3.896021e+04      0.00            0.00            1.00000     0.00000       0.00  %   10000     
3.898046e+04      0.00            0.00            1.00000     0.00000       0.00  %   10000     
3.900296e+04      0.00            0.00            1.00000     0.00000       0.00  %   10000     
3.902996e+04      0.00            0.00            1.00000     0.00000       0.00  %   10000     
3.906146e+04      0.00            0.00            1.00000     0.00000       0.00  %   10000     
3.909684e+04      0.00            0.00            1.00000     0.00000       0.00  %   10000     
3.913874e+04      0.00            0.00            1.00000     0.00000       0.00  %   10000     
3.920275e+04      0.00            0.00            1.00000     0.00000       0.00  %   10000     
3.928150e+04      0.00            0.00            1.00000     0.00000       0.00  %   10000     
3.940501e+04      0.00            0.00            1.00000     0.00000       0.00  %   10000     
3.959142e+04      0.00            0.00            1.00000     0.00000       0.00  %   10000     
3.996803e+04      0.00            0.00            1.00000     0.00000       0.00  %   10000     
4.104027e+04      0.00            0.00            1.00000     0.00000       0.00  %   10000     
4.108902e+04      0.00            0.00            1.00000     0.00000       0.00  %   10000     
4.532414e+04      0.00            0.00            1.00000     0.00000       0.00  %   10000     
4.764331e+04      0.00            0.00            1.00000     0.00000       0.00  %   10000     
4.949389e+04      0.00            0.00            1.00000     0.00000       0.00  %   10000     
5.075372e+04      0.00            0.00            1.00000     0.00000       0.00  %   10000     
5.166338e+04      0.00            0.00            1.00000     0.00000       0.00  %   10000     
5.239482e+04      0.00            0.00            1.00000     0.00000       0.00  %   10000     
5.327125e+04      0.00            0.00            1.00000     0.00000       0.00  %   10000     
5.344489e+04      0.00            0.00            1.00000     0.00000       0.00  %   10000     
5.354824e+04      0.00            0.00            1.00000     0.00000       0.00  %   10000     
5.361852e+04      0.00            0.00            1.00000     0.00000       0.00  %   10000     
5.367229e+04      0.00            0.00            1.00000     0.00000       0.00  %   10000     
5.371340e+04      0.00            0.00            1.00000     0.00000       0.00  %   10000     
5.374539e+04      0.00            0.00            1.00000     0.00000       0.00  %   10000     
5.377148e+04      0.00            0.00            1.00000     0.00000       0.00  %   10000     
5.379215e+04      0.00            0.00            1.00000     0.00000       0.00  %   10000     
5.380972e+04      0.00            0.00            1.00000     0.00000       0.00  %   10000     
5.382522e+04      0.00            0.00            1.00000     0.00000       0.00  %   10000     
5.383763e+04      0.00            0.00            1.00000     0.00000       0.00  %   10000     
5.385168e+04      0.00            0.00            1.00000     0.00000       0.00  %   10000     
5.386491e+04      0.00            0.00            1.00000     0.00000       0.00  %   10000     
5.387938e+04      0.00            0.00            1.00000     0.00000       0.00  %   10000     
5.389385e+04      0.00            0.00            1.00000     0.00000       0.00  %   10000     
5.390894e+04      0.00            0.00            1.00000     0.00000       0.00  %   10000     
5.392568e+04      0.00            0.00            1.00000     0.00000       0.00  %   10000     
5.394429e+04      0.00            0.00            1.00000     0.00000       0.00  %   10000     
5.396599e+04      0.00            0.00            1.00000     0.00000       0.00  %   10000     
5.399100e+04      0.00            0.00            1.00000     0.00000       0.00  %   10000     
5.401788e+04      0.00            0.00            1.00000     0.00000       0.00  %   10000     
5.404971e+04      0.00            0.00            1.00000     0.00000       0.00  %   10000     
5.408485e+04      0.00            0.00            1.00000     0.00000       0.00  %   10000     
5.412454e+04      0.00            0.00            1.00000     0.00000       0.00  %   10000     
5.416753e+04      0.00            0.00            1.00000     0.00000       0.00  %   10000     
5.421301e+04      0.00            0.00            1.00000     0.00000       0.00  %   10000     
5.426261e+04      0.00            0.00            1.00000     0.00000       0.00  %   10000     
5.431636e+04      0.00            0.00            1.00000     0.00000       0.00  %   10000     
5.437589e+04      0.00            0.00            1.00000     0.00000       0.00  %   10000     
5.443542e+04      0.00            0.00            1.00000     0.00000       0.00  %   10000     
5.449495e+04      0.00            0.00            1.00000     0.00000       0.00  %   10000     
5.455448e+04      0.00            0.00            1.00000     0.00000       0.00  %   10000     
5.462394e+04      0.00            0.00            1.00000     0.00000       0.00  %   10000     
5.469339e+04      0.00            0.00            1.00000     0.00000       0.00  %   10000     
5.476284e+04      0.00            0.00            1.00000     0.00000       0.00  %   10000     
5.483230e+04      0.00            0.00            1.00000     0.00000       0.00  %   10000     
5.490175e+04      0.00            0.00            1.00000     0.00000       0.00  %   10000     
5.497120e+04      0.00            0.00            1.00000     0.00000       0.00  %   10000     
5.504066e+04      0.00            0.00            1.00000     0.00000       0.00  %   10000     
5.510019e+04      0.00            0.00            1.00000     0.00000       0.00  %   10000     
5.515972e+04      0.00            0.00            1.00000     0.00000       0.00  %   10000     
5.521925e+04      0.00            0.00            1.00000     0.00000       0.00  %   10000     
5.527878e+04      0.00            0.00            1.00000     0.00000       0.00  %   10000     
5.533831e+04      0.00            0.00            1.00000     0.00000       0.00  %   10000     
5.539785e+04      0.00            0.00            1.00000     0.00000       0.00  %   10000     
5.545738e+04      0.00            0.00            1.00000     0.00000       0.00  %   10000     
5.553675e+04      0.00            0.00            1.00000     0.00000       0.00  %   10000     
5.567568e+04      0.00            0.00            1.00000     0.00000       0.00  %   10000     
5.574430e+04      0.00            0.00            1.00000     0.00000       0.00  %   10000     
5.580795e+04      0.00            0.00            1.00000     0.00000       0.00  %   10000     
5.586748e+04      0.00            0.00            1.00000     0.00000       0.00  %   10000     
5.598654e+04      0.00            0.00            1.00000     0.00000       0.00  %   10000     
5.612545e+04      0.00            0.00            1.00000     0.00000       0.00  %   10000     
5.624451e+04      0.00            0.00            1.00000     0.00000       0.00  %   10000     
5.636358e+04      0.00            0.00            1.00000     0.00000       0.00  %   10000     
5.648264e+04      0.00            0.00            1.00000     0.00000       0.00  %   10000     
5.662155e+04      0.00            0.00            1.00000     0.00000       0.00  %   10000     
5.676045e+04      0.00            0.00            1.00000     0.00000       0.00  %   10000     
5.695889e+04      0.00            0.00            1.00000     0.00000       0.00  %   10000     
5.719702e+04      0.00            0.00            1.00000     0.00000       0.00  %   10000     
5.747483e+04      0.00            0.00            1.00000     0.00000       0.00  %   10000     
5.783532e+04      0.00            0.00            1.00000     0.00000       0.00  %   10000     
5.823220e+04      0.00            0.00            1.00000     0.00000       0.00  %   10000     
5.833678e+04      0.00            0.00            1.00000     0.00000       0.00  %   10000     
5.876137e+04      0.00            0.00            1.00000     0.00000       0.00  %   10000     
5.948897e+04      0.00            0.00            1.00000     0.00000       0.00  %   10000     
6.047422e+04      0.00            0.00            1.00000     0.00000       0.00  %   10000     
6.163675e+04      0.00            0.00            1.00000     0.00000       0.00  %   10000     
6.308097e+04      0.00            0.00            1.00000     0.00000       0.00  %   10000     
6.568177e+04      0.00            0.00            1.00000     0.00000       0.00  %   10000     
6.763803e+04      0.00            0.00            1.00000     0.00000       0.00  %   10000     
6.770516e+04      0.00            0.00            1.00000     0.00000       0.00  %   10000     
6.771396e+04      0.00            0.00            1.00000     0.00000       0.00  %   10000     
6.771870e+04      0.00            0.00            1.00000     0.00000       0.00  %   10000     
6.772280e+04      0.00            0.00            1.00000     0.00000       0.00  %   10000     
6.772715e+04      0.00            0.00            1.00000     0.00000       0.00  %   10000     
6.773287e+04      0.00            0.00            1.00000     0.00000       0.00  %   10000     
6.774003e+04      0.00            0.00            1.00000     0.00000       0.00  %   10000     
6.774468e+04      0.00            0.00            1.00000     0.00000       0.00  %   10000     
6.774636e+04      0.00            0.00            1.00000     0.00000       0.00  %   10000     
6.775069e+04      0.00            0.00            1.00000     0.00000       0.00  %   10000     
6.775964e+04      0.00            0.00            1.00000     0.00000       0.00  %   10000     
6.776203e+04      0.00            0.00            1.00000     0.00000       0.00  %   10000     
6.776428e+04      0.00            0.00            1.00000     0.00000       0.00  %   10000     
6.776654e+04      0.00            0.00            1.00000     0.00000       0.00  %   10000     
6.776936e+04      0.00            0.00            1.00000     0.00000       0.00  %   10000     
6.777223e+04      0.00            0.00            1.00000     0.00000       0.00  %   10000     
6.777638e+04      0.00            0.00            1.00000     0.00000       0.00  %   10000     
6.778306e+04      0.00            0.00            1.00000     0.00000       0.00  %   10000     
6.778674e+04      0.00            0.00            1.00000     0.00000       0.00  %   10000     
6.778971e+04      0.00            0.00            1.00000     0.00000       0.00  %   10000     
6.779310e+04      0.00            0.00            1.00000     0.00000       0.00  %   10000     
6.779658e+04      0.00            0.00            1.00000     0.00000       0.00  %   10000     
6.780630e+04      0.00            0.00            1.00000     0.00000       0.00  %   10000     
6.780949e+04      0.00            0.00            1.00000     0.00000       0.00  %   10000     
6.781248e+04      0.00            0.00            1.00000     0.00000       0.00  %   10000     
6.781536e+04      0.00            0.00            1.00000     0.00000       0.00  %   10000     
6.781824e+04      0.00            0.00            1.00000     0.00000       0.00  %   10000     
6.782099e+04      0.00            0.00            1.00000     0.00000       0.00  %   10000     
6.782374e+04      0.00            0.00            1.00000     0.00000       0.00  %   10000     
6.782924e+04      0.00            0.00            1.00000     0.00000       0.00  %   10000     
6.784423e+04      0.00            0.00            1.00000     0.00000       0.00  %   10000     
6.813701e+04      0.00            0.00            1.00000     0.00000       0.00  %   10000     
7.079744e+04      0.00            0.00            1.00000     0.00000       0.00  %   10000     
7.082689e+04      0.00            0.00            1.00000     0.00000       0.00  %   10000     
7.084074e+04      0.00            0.00            1.00000     0.00000       0.00  %   10000     
7.087464e+04      0.00            0.00            1.00000     0.00000       0.00  %   10000     
7.886327e+04      0.00            0.00            1.00000     0.00000       0.00  %   10000     
8.692111e+04      0.00            0.00            1.00000     0.00000       0.00  %   10000     
8.695061e+04      0.00            0.00            1.00000     0.00000       0.00  %   10000     
8.695761e+04      0.00            0.00            1.00000     0.00000       0.00  %   10000     
8.696251e+04      0.00            0.00            1.00000     0.00000       0.00  %   10000     
8.696618e+04      0.00            0.00            1.00000     0.00000       0.00  %   10000     
8.697011e+04      0.00            0.00            1.00000     0.00000       0.00  %   10000     
8.697462e+04      0.00            0.00            1.00000     0.00000       0.00  %   10000     
8.698188e+04      0.00            0.00            1.00000     0.00000       0.00  %   10000     
8.698823e+04      0.00            0.00            1.00000     0.00000       0.00  %   10000     
8.699283e+04      0.00            0.00            1.00000     0.00000       0.00  %   10000     
8.699404e+04      0.00            0.00            1.00000     0.00000       0.00  %   10000     
8.699856e+04      0.00            0.00            1.00000     0.00000       0.00  %   10000     
8.700374e+04      0.00            0.00            1.00000     0.00000       0.00  %   10000     
8.701246e+04      0.00            0.00            1.00000     0.00000       0.00  %   10000     
8.701715e+04      0.00            0.00            1.00000     0.00000       0.00  %   10000     
8.702163e+04      0.00            0.00            1.00000     0.00000       0.00  %   10000     
8.702611e+04      0.00            0.00            1.00000     0.00000       0.00  %   10000     
8.703221e+04      0.00            0.00            1.00000     0.00000       0.00  %   10000     
8.704660e+04      0.00            0.00            1.00000     0.00000       0.00  %   10000     
8.707270e+04      0.00            0.00            1.00000     0.00000       0.00  %   10000     
1.009115e+05      0.00            0.00            1.00000     0.00000       0.00  %   10000     
1.024441e+05      0.00            0.00            1.00000     0.00000       0.00  %   10000     
1.157380e+05      0.00            0.00            1.00000     0.00000       0.00  %   10000     
1.201995e+05      0.00            0.00            1.00000     0.00000       0.00  %   10000     
1.318008e+05      0.00            0.00            1.00000     0.00000       0.00  %   10000     
1.332593e+05      0.00            0.00            1.00000     0.00000       0.00  %   10000     
1.357310e+05      0.00            0.00            1.00000     0.00000       0.00  %   10000     
1.380168e+05      0.00            0.00            1.00000     0.00000       0.00  %   10000     
1.396063e+05      0.00            0.00            1.00000     0.00000       0.00  %   10000     
1.407580e+05      0.00            0.00            1.00000     0.00000       0.00  %   10000     
1.417145e+05      0.00            0.00            1.00000     0.00000       0.00  %   10000     
1.420458e+05      0.00            0.00            1.00000     0.00000       0.00  %   10000     
1.424941e+05      0.00            0.00            1.00000     0.00000       0.00  %   10000     
1.431284e+05      0.00            0.00            1.00000     0.00000       0.00  %   10000     
1.436650e+05      0.00            0.00            1.00000     0.00000       0.00  %   10000     
1.441042e+05      0.00            0.00            1.00000     0.00000       0.00  %   10000     
1.444214e+05      0.00            0.00            1.00000     0.00000       0.00  %   10000     
1.445197e+05      0.00            0.00            1.00000     0.00000       0.00  %   10000     
1.447275e+05      0.00            0.00            1.00000     0.00000       0.00  %   10000     
1.451530e+05      0.00            0.00            1.00000     0.00000       0.00  %   10000     
1.455992e+05      0.00            0.00            1.00000     0.00000       0.00  %   10000     
1.459728e+05      0.00            0.00            1.00000     0.00000       0.00  %   10000     
1.464331e+05      0.00            0.00            1.00000     0.00000       0.00  %   10000     
1.468883e+05      0.00            0.00            1.00000     0.00000       0.00  %   10000     
1.474728e+05      0.00            0.00            1.00000     0.00000       0.00  %   10000     
1.476160e+05      0.00            0.00            1.00000     0.00000       0.00  %   10000     
1.476327e+05      0.00            0.00            1.00000     0.00000       0.00  %   10000     
1.476394e+05      0.00            0.00            1.00000     0.00000       0.00  %   10000     
1.476444e+05      0.00            0.00            1.00000     0.00000       0.00  %   10000     
1.476503e+05      0.00            0.00            1.00000     0.00000       0.00  %   10000     
1.476561e+05      0.00            0.00            1.00000     0.00000       0.00  %   10000     
1.476644e+05      0.00            0.00            1.00000     0.00000       0.00  %   10000     
1.476726e+05      0.00            0.00            1.00000     0.00000       0.00  %   10000     
1.476788e+05      0.00            0.00            1.00000     0.00000       0.00  %   10000     
1.476818e+05      0.00            0.00            1.00000     0.00000       0.00  %   10000     
1.476876e+05      0.00            0.00            1.00000     0.00000       0.00  %   10000     
1.476939e+05      0.00            0.00            1.00000     0.00000       0.00  %   10000     
1.477063e+05      0.00            0.00            1.00000     0.00000       0.00  %   10000     
1.477116e+05      0.00            0.00            1.00000     0.00000       0.00  %   10000     
1.477170e+05      0.00            0.00            1.00000     0.00000       0.00  %   10000     
1.477237e+05      0.00            0.00            1.00000     0.00000       0.00  %   10000     
1.477306e+05      0.00            0.00            1.00000     0.00000       0.00  %   10000     
1.477435e+05      0.00            0.00            1.00000     0.00000       0.00  %   10000     
1.480867e+05      0.00            0.00            1.00000     0.00000       0.00  %   10000     
1.487733e+05      0.00            0.00            1.00000     0.00000       0.00  %   10000     
1.495646e+05      0.00            0.00            1.00000     0.00000       0.00  %   10000     
1.504625e+05      0.00            0.00            1.00000     0.00000       0.00  %   10000     
1.513164e+05      0.00            0.00            1.00000     0.00000       0.00  %   10000     
1.521842e+05      0.00            0.00            1.00000     0.00000       0.00  %   10000     
1.523251e+05      0.00            0.00            1.00000     0.00000       0.00  %   10000     
1.530088e+05      0.00            0.00            1.00000     0.00000       0.00  %   10000     
1.534241e+05      0.00            0.00            1.00000     0.00000       0.00  %   10000     
1.546032e+05      0.00            0.00            1.00000     0.00000       0.00  %   10000     
1.555995e+05      0.00            0.00            1.00000     0.00000       0.00  %   10000     
1.559093e+05      0.00            0.00            1.00000     0.00000       0.00  %   10000     
1.568165e+05      0.00            0.00            1.00000     0.00000       0.00  %   10000     
1.573306e+05      0.00            0.00            1.00000     0.00000       0.00  %   10000     
1.575395e+05      0.00            0.00            1.00000     0.00000       0.00  %   10000     
1.579733e+05      0.00            0.00            1.00000     0.00000       0.00  %   10000     
1.581204e+05      0.00            0.00            1.00000     0.00000       0.00  %   10000     
1.583348e+05      0.00            0.00            1.00000     0.00000       0.00  %   10000     
1.586240e+05      0.00            0.00            1.00000     0.00000       0.00  %   10000     
1.588083e+05      0.00            0.00            1.00000     0.00000       0.00  %   10000     
1.588409e+05      0.00            0.00            1.00000     0.00000       0.00  %   10000     
1.590217e+05      0.00            0.00            1.00000     0.00000       0.00  %   10000     
1.592024e+05      0.00            0.00            1.00000     0.00000       0.00  %   10000     
1.593831e+05      0.00            0.00            1.00000     0.00000       0.00  %   10000     
1.597085e+05      0.00            0.00            1.00000     0.00000       0.00  %   10000     
1.598339e+05      0.00            0.00            1.00000     0.00000       0.00  %   10000     
1.598849e+05      0.00            0.00            1.00000     0.00000       0.00  %   10000     
1.599542e+05      0.00            0.00            1.00000     0.00000       0.00  %   10000     
1.601061e+05      0.00            0.00            1.00000     0.00000       0.00  %   10000     
1.604315e+05      0.00            0.00            1.00000     0.00000       0.00  %   10000     
1.604824e+05      0.00            0.00            1.00000     0.00000       0.00  %   10000     
1.606122e+05      0.00            0.00            1.00000     0.00000       0.00  %   10000     
1.607930e+05      0.00            0.00            1.00000     0.00000       0.00  %   10000     
1.610099e+05      0.00            0.00            1.00000     0.00000       0.00  %   10000     
1.612629e+05      0.00            0.00            1.00000     0.00000       0.00  %   10000     
1.615521e+05      0.00            0.00            1.00000     0.00000       0.00  %   10000     
1.619136e+05      0.00            0.00            1.00000     0.00000       0.00  %   10000     
1.622334e+05      0.00            0.00            1.00000     0.00000       0.00  %   10000     
1.624197e+05      0.00            0.00            1.00000     0.00000       0.00  %   10000     
1.627882e+05      0.00            0.00            1.00000     0.00000       0.00  %   10000     
1.632150e+05      0.00            0.00            1.00000     0.00000       0.00  %   10000     
1.641594e+05      0.00            0.00            1.00000     0.00000       0.00  %   10000     
1.646670e+05      0.00            0.00            1.00000     0.00000       0.00  %   10000     
1.661658e+05      0.00            0.00            1.00000     0.00000       0.00  %   10000     
1.678539e+05      0.00            0.00            1.00000     0.00000       0.00  %   10000     
1.680648e+05      0.00            0.00            1.00000     0.00000       0.00  %   10000     
1.683617e+05      0.00            0.00            1.00000     0.00000       0.00  %   10000     
1.691810e+05      0.00            0.00            1.00000     0.00000       0.00  %   10000     
1.698913e+05      0.00            0.00            1.00000     0.00000       0.00  %   10000     
1.703733e+05      0.00            0.00            1.00000     0.00000       0.00  %   10000     
1.707158e+05      0.00            0.00            1.00000     0.00000       0.00  %   10000     
1.709222e+05      0.00            0.00            1.00000     0.00000       0.00  %   10000     
1.709822e+05      0.00            0.00            1.00000     0.00000       0.00  %   10000     
1.712105e+05      0.00            0.00            1.00000     0.00000       0.00  %   10000     
1.714008e+05      0.00            0.00            1.00000     0.00000       0.00  %   10000     
1.715656e+05      0.00            0.00            1.00000     0.00000       0.00  %   10000     
1.717179e+05      0.00            0.00            1.00000     0.00000       0.00  %   10000     
1.718701e+05      0.00            0.00            1.00000     0.00000       0.00  %   10000     
1.720223e+05      0.00            0.00            1.00000     0.00000       0.00  %   10000     
1.721745e+05      0.00            0.00            1.00000     0.00000       0.00  %   10000     
1.723267e+05      0.00            0.00            1.00000     0.00000       0.00  %   10000     
1.724979e+05      0.00            0.00            1.00000     0.00000       0.00  %   10000     
1.726692e+05      0.00            0.00            1.00000     0.00000       0.00  %   10000     
1.728594e+05      0.00            0.00            1.00000     0.00000       0.00  %   10000     
1.730687e+05      0.00            0.00            1.00000     0.00000       0.00  %   10000     
1.733161e+05      0.00            0.00            1.00000     0.00000       0.00  %   10000     
1.735824e+05      0.00            0.00            1.00000     0.00000       0.00  %   10000     
1.738869e+05      0.00            0.00            1.00000     0.00000       0.00  %   10000     
1.741399e+05      0.00            0.00            1.00000     0.00000       0.00  %   10000     
1.741913e+05      0.00            0.00            1.00000     0.00000       0.00  %   10000     
1.745591e+05      0.00            0.00            1.00000     0.00000       0.00  %   10000     
1.749143e+05      0.00            0.00            1.00000     0.00000       0.00  %   10000     
1.753202e+05      0.00            0.00            1.00000     0.00000       0.00  %   10000     
1.757768e+05      0.00            0.00            1.00000     0.00000       0.00  %   10000     
1.762334e+05      0.00            0.00            1.00000     0.00000       0.00  %   10000     
1.767408e+05      0.00            0.00            1.00000     0.00000       0.00  %   10000     
1.772482e+05      0.00            0.00            1.00000     0.00000       0.00  %   10000     
1.778063e+05      0.00            0.00            1.00000     0.00000       0.00  %   10000     
1.784151e+05      0.00            0.00            1.00000     0.00000       0.00  %   10000     
1.789986e+05      0.00            0.00            1.00000     0.00000       0.00  %   10000     
1.796328e+05      0.00            0.00            1.00000     0.00000       0.00  %   10000     
1.803431e+05      0.00            0.00            1.00000     0.00000       0.00  %   10000     
1.804453e+05      0.00            0.00            1.00000     0.00000       0.00  %   10000     
1.813579e+05      0.00            0.00            1.00000     0.00000       0.00  %   10000     
1.830461e+05      0.00            0.00            1.00000     0.00000       0.00  %   10000     
1.832064e+05      0.00            0.00            1.00000     0.00000       0.00  %   10000     
1.838863e+05      0.00            0.00            1.00000     0.00000       0.00  %   10000     
1.839311e+05      0.00            0.00            1.00000     0.00000       0.00  %   10000     
1.841299e+05      0.00            0.00            1.00000     0.00000       0.00  %   10000     
1.842318e+05      0.00            0.00            1.00000     0.00000       0.00  %   10000     
1.842450e+05      0.00            0.00            1.00000     0.00000       0.00  %   10000     
1.843287e+05      0.00            0.00            1.00000     0.00000       0.00  %   10000     
1.843845e+05      0.00            0.00            1.00000     0.00000       0.00  %   10000     
1.844264e+05      0.00            0.00            1.00000     0.00000       0.00  %   10000     
1.844543e+05      0.00            0.00            1.00000     0.00000       0.00  %   10000     
1.844745e+05      0.00            0.00            1.00000     0.00000       0.00  %   10000     
1.844965e+05      0.00            0.00            1.00000     0.00000       0.00  %   10000     
1.845185e+05      0.00            0.00            1.00000     0.00000       0.00  %   10000     
1.845478e+05      0.00            0.00            1.00000     0.00000       0.00  %   10000     
1.845742e+05      0.00            0.00            1.00000     0.00000       0.00  %   10000     
1.845922e+05      0.00            0.00            1.00000     0.00000       0.00  %   10000     
1.845950e+05      0.00            0.00            1.00000     0.00000       0.00  %   10000     
1.846121e+05      0.00            0.00            1.00000     0.00000       0.00  %   10000     
1.846357e+05      0.00            0.00            1.00000     0.00000       0.00  %   10000     
1.846719e+05      0.00            0.00            1.00000     0.00000       0.00  %   10000     
1.846970e+05      0.00            0.00            1.00000     0.00000       0.00  %   10000     
1.847235e+05      0.00            0.00            1.00000     0.00000       0.00  %   10000     
1.847515e+05      0.00            0.00            1.00000     0.00000       0.00  %   10000     
1.847863e+05      0.00            0.00            1.00000     0.00000       0.00  %   10000     
1.848352e+05      0.00            0.00            1.00000     0.00000       0.00  %   10000     
1.849049e+05      0.00            0.00            1.00000     0.00000       0.00  %   10000     
1.849886e+05      0.00            0.00            1.00000     0.00000       0.00  %   10000     
1.851623e+05      0.00            0.00            1.00000     0.00000       0.00  %   10000     
1.852924e+05      0.00            0.00            1.00000     0.00000       0.00  %   10000     
1.854168e+05      0.00            0.00            1.00000     0.00000       0.00  %   10000     
1.855174e+05      0.00            0.00            1.00000     0.00000       0.00  %   10000     
1.867948e+05      0.00            0.00            1.00000     0.00000       0.00  %   10000     
1.868374e+05      0.00            0.00            1.00000     0.00000       0.00  %   10000     
1.870971e+05      0.00            0.00            1.00000     0.00000       0.00  %   10000     
1.887455e+05      0.00            0.00            1.00000     0.00000       0.00  %   10000     
1.901172e+05      0.00            0.00            1.00000     0.00000       0.00  %   10000     
1.901668e+05      0.00            0.00            1.00000     0.00000       0.00  %   10000     
1.901777e+05      0.00            0.00            1.00000     0.00000       0.00  %   10000     
1.901886e+05      0.00            0.00            1.00000     0.00000       0.00  %   10000     
1.902003e+05      0.00            0.00            1.00000     0.00000       0.00  %   10000     
1.902177e+05      0.00            0.00            1.00000     0.00000       0.00  %   10000     
1.902266e+05      0.00            0.00            1.00000     0.00000       0.00  %   10000     
1.902352e+05      0.00            0.00            1.00000     0.00000       0.00  %   10000     
1.902570e+05      0.00            0.00            1.00000     0.00000       0.00  %   10000     
1.902652e+05      0.00            0.00            1.00000     0.00000       0.00  %   10000     
1.902761e+05      0.00            0.00            1.00000     0.00000       0.00  %   10000     
1.902971e+05      0.00            0.00            1.00000     0.00000       0.00  %   10000     
1.904446e+05      0.00            0.00            1.00000     0.00000       0.00  %   10000     
1.928995e+05      0.00            0.00            1.00000     0.00000       0.00  %   10000     
1.941010e+05      0.00            0.00            1.00000     0.00000       0.00  %   10000     
1.958150e+05      0.00            0.00            1.00000     0.00000       0.00  %   10000     
1.992210e+05      0.00            0.00            1.00000     0.00000       0.00  %   10000     
2.000000e+05      0.00            0.00            1.00000     0.00000       0.00  %   10000     
2.037396e+05      0.00            0.00            1.00000     0.00000       0.00  %   10000     
2.048882e+05      0.00            0.00            1.00000     0.00000       0.00  %   10000     
2.088091e+05      0.00            0.00            1.00000     0.00000       0.00  %   10000     
2.094037e+05      0.00            0.00            1.00000     0.00000       0.00  %   10000     
2.098778e+05      0.00            0.00            1.00000     0.00000       0.00  %   10000     
2.179956e+05      0.00            0.00            1.00000     0.00000       0.00  %   10000     
2.186146e+05      0.00            0.00            1.00000     0.00000       0.00  %   10000     
2.213071e+05      0.00            0.00            1.00000     0.00000       0.00  %   10000     
2.298069e+05      0.00            0.00            1.00000     0.00000       0.00  %   10000     
2.298208e+05      0.00            0.00            1.00000     0.00000       0.00  %   10000     
2.333744e+05      0.00            0.00            1.00000     0.00000       0.00  %   10000     
2.344274e+05      0.00            0.00            1.00000     0.00000       0.00  %   10000     
2.346873e+05      0.00            0.00            1.00000     0.00000       0.00  %   10000     
2.348425e+05      0.00            0.00            1.00000     0.00000       0.00  %   10000     
2.349280e+05      0.00            0.00            1.00000     0.00000       0.00  %   10000     
2.349862e+05      0.00            0.00            1.00000     0.00000       0.00  %   10000     
2.350269e+05      0.00            0.00            1.00000     0.00000       0.00  %   10000     
2.350559e+05      0.00            0.00            1.00000     0.00000       0.00  %   10000     
2.350792e+05      0.00            0.00            1.00000     0.00000       0.00  %   10000     
2.350995e+05      0.00            0.00            1.00000     0.00000       0.00  %   10000     
2.351187e+05      0.00            0.00            1.00000     0.00000       0.00  %   10000     
2.351374e+05      0.00            0.00            1.00000     0.00000       0.00  %   10000     
2.351839e+05      0.00            0.00            1.00000     0.00000       0.00  %   10000     
2.351961e+05      0.00            0.00            1.00000     0.00000       0.00  %   10000     
2.352048e+05      0.00            0.00            1.00000     0.00000       0.00  %   10000     
2.352176e+05      0.00            0.00            1.00000     0.00000       0.00  %   10000     
2.352362e+05      0.00            0.00            1.00000     0.00000       0.00  %   10000     
2.352711e+05      0.00            0.00            1.00000     0.00000       0.00  %   10000     
2.352903e+05      0.00            0.00            1.00000     0.00000       0.00  %   10000     
2.353106e+05      0.00            0.00            1.00000     0.00000       0.00  %   10000     
2.353281e+05      0.00            0.00            1.00000     0.00000       0.00  %   10000     
2.353513e+05      0.00            0.00            1.00000     0.00000       0.00  %   10000     
2.353804e+05      0.00            0.00            1.00000     0.00000       0.00  %   10000     
2.354153e+05      0.00            0.00            1.00000     0.00000       0.00  %   10000     
2.354618e+05      0.00            0.00            1.00000     0.00000       0.00  %   10000     
2.355200e+05      0.00            0.00            1.00000     0.00000       0.00  %   10000     
2.355857e+05      0.00            0.00            1.00000     0.00000       0.00  %   10000     
2.357601e+05      0.00            0.00            1.00000     0.00000       0.00  %   10000     
2.361330e+05      0.00            0.00            1.00000     0.00000       0.00  %   10000     
2.382651e+05      0.00            0.00            1.00000     0.00000       0.00  %   10000     
2.445290e+05      0.00            0.00            1.00000     0.00000       0.00  %   10000     
2.594549e+05      0.00            0.00            1.00000     0.00000       0.00  %   10000     
2.600000e+05      0.00            0.00            1.00000     0.00000       0.00  %   10000     
2.634394e+05      0.00            0.00            1.00000     0.00000       0.00  %   10000     
2.737550e+05      0.00            0.00            1.00000     0.00000       0.00  %   10000     
2.894663e+05      0.00            0.00            1.00000     0.00000       0.00  %   10000     
2.986608e+05      0.00            0.00            1.00000     0.00000       0.00  %   10000     
2.987395e+05      0.00            0.00            1.00000     0.00000       0.00  %   10000     
2.987562e+05      0.00            0.00            1.00000     0.00000       0.00  %   10000     
2.987957e+05      0.00            0.00            1.00000     0.00000       0.00  %   10000     
2.988004e+05      0.00            0.00            1.00000     0.00000       0.00  %   10000     
2.988161e+05      0.00            0.00            1.00000     0.00000       0.00  %   10000     
2.988414e+05      0.00            0.00            1.00000     0.00000       0.00  %   10000     
2.988568e+05      0.00            0.00            1.00000     0.00000       0.00  %   10000     
2.989277e+05      0.00            0.00            1.00000     0.00000       0.00  %   10000     
2.992602e+05      0.00            0.00            1.00000     0.00000       0.00  %   10000     
3.013103e+05      0.00            0.00            1.00000     0.00000       0.00  %   10000     
3.018047e+05      0.00            0.00            1.00000     0.00000       0.00  %   10000     
3.020326e+05      0.00            0.00            1.00000     0.00000       0.00  %   10000     
3.021974e+05      0.00            0.00            1.00000     0.00000       0.00  %   10000     
3.023073e+05      0.00            0.00            1.00000     0.00000       0.00  %   10000     
3.023897e+05      0.00            0.00            1.00000     0.00000       0.00  %   10000     
3.024583e+05      0.00            0.00            1.00000     0.00000       0.00  %   10000     
3.025132e+05      0.00            0.00            1.00000     0.00000       0.00  %   10000     
3.025640e+05      0.00            0.00            1.00000     0.00000       0.00  %   10000     
3.026073e+05      0.00            0.00            1.00000     0.00000       0.00  %   10000     
3.026499e+05      0.00            0.00            1.00000     0.00000       0.00  %   10000     
3.026931e+05      0.00            0.00            1.00000     0.00000       0.00  %   10000     
3.027600e+05      0.00            0.00            1.00000     0.00000       0.00  %   10000     
3.027943e+05      0.00            0.00            1.00000     0.00000       0.00  %   10000     
3.028120e+05      0.00            0.00            1.00000     0.00000       0.00  %   10000     
3.028411e+05      0.00            0.00            1.00000     0.00000       0.00  %   10000     
3.028867e+05      0.00            0.00            1.00000     0.00000       0.00  %   10000     
3.029472e+05      0.00            0.00            1.00000     0.00000       0.00  %   10000     
3.029890e+05      0.00            0.00            1.00000     0.00000       0.00  %   10000     
3.030323e+05      0.00            0.00            1.00000     0.00000       0.00  %   10000     
3.030708e+05      0.00            0.00            1.00000     0.00000       0.00  %   10000     
3.031257e+05      0.00            0.00            1.00000     0.00000       0.00  %   10000     
3.031943e+05      0.00            0.00            1.00000     0.00000       0.00  %   10000     
3.032767e+05      0.00            0.00            1.00000     0.00000       0.00  %   10000     
3.033866e+05      0.00            0.00            1.00000     0.00000       0.00  %   10000     
3.035513e+05      0.00            0.00            1.00000     0.00000       0.00  %   10000     
3.037889e+05      0.00            0.00            1.00000     0.00000       0.00  %   10000     
3.042009e+05      0.00            0.00            1.00000     0.00000       0.00  %   10000     
3.051878e+05      0.00            0.00            1.00000     0.00000       0.00  %   10000     
3.052392e+05      0.00            0.00            1.00000     0.00000       0.00  %   10000     
3.098042e+05      0.00            0.00            1.00000     0.00000       0.00  %   10000     
3.146648e+05      0.00            0.00            1.00000     0.00000       0.00  %   10000     
3.173324e+05      0.00            0.00            1.00000     0.00000       0.00  %   10000     
3.291086e+05      0.00            0.00            1.00000     0.00000       0.00  %   10000     
3.328852e+05      0.00            0.00            1.00000     0.00000       0.00  %   10000     
3.341548e+05      0.00            0.00            1.00000     0.00000       0.00  %   10000     
3.348320e+05      0.00            0.00            1.00000     0.00000       0.00  %   10000     
3.353157e+05      0.00            0.00            1.00000     0.00000       0.00  %   10000     
3.356542e+05      0.00            0.00            1.00000     0.00000       0.00  %   10000     
3.358961e+05      0.00            0.00            1.00000     0.00000       0.00  %   10000     
3.360896e+05      0.00            0.00            1.00000     0.00000       0.00  %   10000     
3.362830e+05      0.00            0.00            1.00000     0.00000       0.00  %   10000     
3.364765e+05      0.00            0.00            1.00000     0.00000       0.00  %   10000     
3.367667e+05      0.00            0.00            1.00000     0.00000       0.00  %   10000     
3.368846e+05      0.00            0.00            1.00000     0.00000       0.00  %   10000     
3.369575e+05      0.00            0.00            1.00000     0.00000       0.00  %   10000     
3.370616e+05      0.00            0.00            1.00000     0.00000       0.00  %   10000     
3.372141e+05      0.00            0.00            1.00000     0.00000       0.00  %   10000     
3.375527e+05      0.00            0.00            1.00000     0.00000       0.00  %   10000     
3.377462e+05      0.00            0.00            1.00000     0.00000       0.00  %   10000     
3.379880e+05      0.00            0.00            1.00000     0.00000       0.00  %   10000     
3.382298e+05      0.00            0.00            1.00000     0.00000       0.00  %   10000     
3.385201e+05      0.00            0.00            1.00000     0.00000       0.00  %   10000     
3.390037e+05      0.00            0.00            1.00000     0.00000       0.00  %   10000     
3.396809e+05      0.00            0.00            1.00000     0.00000       0.00  %   10000     
3.400000e+05      0.00            0.00            1.00000     0.00000       0.00  %   10000     
3.408961e+05      0.00            0.00            1.00000     0.00000       0.00  %   10000     
3.409641e+05      0.00            0.00            1.00000     0.00000       0.00  %   10000     
3.436773e+05      0.00            0.00            1.00000     0.00000       0.00  %   10000     
3.476444e+05      0.00            0.00            1.00000     0.00000       0.00  %   10000     
3.504426e+05      0.00            0.00            1.00000     0.00000       0.00  %   10000     
3.537671e+05      0.00            0.00            1.00000     0.00000       0.00  %   10000     
3.543757e+05      0.00            0.00            1.00000     0.00000       0.00  %   10000     
3.544082e+05      0.00            0.00            1.00000     0.00000       0.00  %   10000     
3.544270e+05      0.00            0.00            1.00000     0.00000       0.00  %   10000     
3.544369e+05      0.00            0.00            1.00000     0.00000       0.00  %   10000     
3.544484e+05      0.00            0.00            1.00000     0.00000       0.00  %   10000     
3.544616e+05      0.00            0.00            1.00000     0.00000       0.00  %   10000     
3.544806e+05      0.00            0.00            1.00000     0.00000       0.00  %   10000     
3.544918e+05      0.00            0.00            1.00000     0.00000       0.00  %   10000     
3.544950e+05      0.00            0.00            1.00000     0.00000       0.00  %   10000     
3.545059e+05      0.00            0.00            1.00000     0.00000       0.00  %   10000     
3.545225e+05      0.00            0.00            1.00000     0.00000       0.00  %   10000     
3.545375e+05      0.00            0.00            1.00000     0.00000       0.00  %   10000     
3.545481e+05      0.00            0.00            1.00000     0.00000       0.00  %   10000     
3.545573e+05      0.00            0.00            1.00000     0.00000       0.00  %   10000     
3.545642e+05      0.00            0.00            1.00000     0.00000       0.00  %   10000     
3.545746e+05      0.00            0.00            1.00000     0.00000       0.00  %   10000     
3.545852e+05      0.00            0.00            1.00000     0.00000       0.00  %   10000     
3.545958e+05      0.00            0.00            1.00000     0.00000       0.00  %   10000     
3.546073e+05      0.00            0.00            1.00000     0.00000       0.00  %   10000     
3.546336e+05      0.00            0.00            1.00000     0.00000       0.00  %   10000     
3.546419e+05      0.00            0.00            1.00000     0.00000       0.00  %   10000     
3.546484e+05      0.00            0.00            1.00000     0.00000       0.00  %   10000     
3.546592e+05      0.00            0.00            1.00000     0.00000       0.00  %   10000     
3.546722e+05      0.00            0.00            1.00000     0.00000       0.00  %   10000     
3.546929e+05      0.00            0.00            1.00000     0.00000       0.00  %   10000     
3.547045e+05      0.00            0.00            1.00000     0.00000       0.00  %   10000     
3.547137e+05      0.00            0.00            1.00000     0.00000       0.00  %   10000     
3.547243e+05      0.00            0.00            1.00000     0.00000       0.00  %   10000     
3.547424e+05      0.00            0.00            1.00000     0.00000       0.00  %   10000     
3.547770e+05      0.00            0.00            1.00000     0.00000       0.00  %   10000     
3.549302e+05      0.00            0.00            1.00000     0.00000       0.00  %   10000     
3.600000e+05      0.00            0.00            1.00000     0.00000       0.00  %   10000     
3.622373e+05      0.00            0.00            1.00000     0.00000       0.00  %   10000     
3.693716e+05      0.00            0.00            1.00000     0.00000       0.00  %   10000     
3.701786e+05      0.00            0.00            1.00000     0.00000       0.00  %   10000     
3.767029e+05      0.00            0.00            1.00000     0.00000       0.00  %   10000     
3.772126e+05      0.00            0.00            1.00000     0.00000       0.00  %   10000     
3.788726e+05      0.00            0.00            1.00000     0.00000       0.00  %   10000     
3.799424e+05      0.00            0.00            1.00000     0.00000       0.00  %   10000     
3.800000e+05      0.00            0.00            1.00000     0.00000       0.00  %   10000     
3.808340e+05      0.00            0.00            1.00000     0.00000       0.00  %   10000     
3.817255e+05      0.00            0.00            1.00000     0.00000       0.00  %   10000     
3.827497e+05      0.00            0.00            1.00000     0.00000       0.00  %   10000     
3.847917e+05      0.00            0.00            1.00000     0.00000       0.00  %   10000     
3.859159e+05      0.00            0.00            1.00000     0.00000       0.00  %   10000     
3.868424e+05      0.00            0.00            1.00000     0.00000       0.00  %   10000     
3.888141e+05      0.00            0.00            1.00000     0.00000       0.00  %   10000     
3.889925e+05      0.00            0.00            1.00000     0.00000       0.00  %   10000     
3.890844e+05      0.00            0.00            1.00000     0.00000       0.00  %   10000     
3.891144e+05      0.00            0.00            1.00000     0.00000       0.00  %   10000     
3.891545e+05      0.00            0.00            1.00000     0.00000       0.00  %   10000     
3.891624e+05      0.00            0.00            1.00000     0.00000       0.00  %   10000     
3.891818e+05      0.00            0.00            1.00000     0.00000       0.00  %   10000     
3.892237e+05      0.00            0.00            1.00000     0.00000       0.00  %   10000     
3.892568e+05      0.00            0.00            1.00000     0.00000       0.00  %   10000     
3.894630e+05      0.00            0.00            1.00000     0.00000       0.00  %   10000     
3.900000e+05      0.00            0.00            1.00000     0.00000       0.00  %   10000     
3.903029e+05      0.00            0.00            1.00000     0.00000       0.00  %   10000     
3.935784e+05      0.00            0.00            1.00000     0.00000       0.00  %   10000     
3.975000e+05      0.00            0.00            1.00000     0.00000       0.00  %   10000     
3.983284e+05      0.00            0.00            1.00000     0.00000       0.00  %   10000     
3.995199e+05      0.00            0.00            1.00000     0.00000       0.00  %   10000     
3.995762e+05      0.00            0.00            1.00000     0.00000       0.00  %   10000     
3.996221e+05      0.00            0.00            1.00000     0.00000       0.00  %   10000     
3.996856e+05      0.00            0.00            1.00000     0.00000       0.00  %   10000     
4.024796e+05      0.00            0.00            1.00000     0.00000       0.00  %   10000     
4.025000e+05      0.00            0.00            1.00000     0.00000       0.00  %   10000     
4.053607e+05      0.00            0.00            1.00000     0.00000       0.00  %   10000     
4.075000e+05      0.00            0.00            1.00000     0.00000       0.00  %   10000     
4.082475e+05      0.00            0.00            1.00000     0.00000       0.00  %   10000     
4.100350e+05      0.00            0.00            1.00000     0.00000       0.00  %   10000     
4.108892e+05      0.00            0.00            1.00000     0.00000       0.00  %   10000     
4.112500e+05      0.00            0.00            1.00000     0.00000       0.00  %   10000     
4.114587e+05      0.00            0.00            1.00000     0.00000       0.00  %   10000     
4.118384e+05      0.00            0.00            1.00000     0.00000       0.00  %   10000     
4.121231e+05      0.00            0.00            1.00000     0.00000       0.00  %   10000     
4.124078e+05      0.00            0.00            1.00000     0.00000       0.00  %   10000     
4.126451e+05      0.00            0.00            1.00000     0.00000       0.00  %   10000     
4.129773e+05      0.00            0.00            1.00000     0.00000       0.00  %   10000     
4.131671e+05      0.00            0.00            1.00000     0.00000       0.00  %   10000     
4.133622e+05      0.00            0.00            1.00000     0.00000       0.00  %   10000     
4.134249e+05      0.00            0.00            1.00000     0.00000       0.00  %   10000     
4.135756e+05      0.00            0.00            1.00000     0.00000       0.00  %   10000     
4.138632e+05      0.00            0.00            1.00000     0.00000       0.00  %   10000     
4.141953e+05      0.00            0.00            1.00000     0.00000       0.00  %   10000     
4.145117e+05      0.00            0.00            1.00000     0.00000       0.00  %   10000     
4.148281e+05      0.00            0.00            1.00000     0.00000       0.00  %   10000     
4.152077e+05      0.00            0.00            1.00000     0.00000       0.00  %   10000     
4.157139e+05      0.00            0.00            1.00000     0.00000       0.00  %   10000     
4.164732e+05      0.00            0.00            1.00000     0.00000       0.00  %   10000     
4.165782e+05      0.00            0.00            1.00000     0.00000       0.00  %   10000     
4.175000e+05      0.00            0.00            1.00000     0.00000       0.00  %   10000     
4.177387e+05      0.00            0.00            1.00000     0.00000       0.00  %   10000     
4.203093e+05      0.00            0.00            1.00000     0.00000       0.00  %   10000     
4.262500e+05      0.00            0.00            1.00000     0.00000       0.00  %   10000     
4.278731e+05      0.00            0.00            1.00000     0.00000       0.00  %   10000     
4.300000e+05      0.00            0.00            1.00000     0.00000       0.00  %   10000     
4.340000e+05      0.00            0.00            1.00000     0.00000       0.00  %   10000     
4.353781e+05      0.00            0.00            1.00000     0.00000       0.00  %   10000     
4.400000e+05      0.00            0.00            1.00000     0.00000       0.00  %   10000     
4.562500e+05      0.00            0.00            1.00000     0.00000       0.00  %   10000     
4.612500e+05      0.00            0.00            1.00000     0.00000       0.00  %   10000     
4.615731e+05      0.00            0.00            1.00000     0.00000       0.00  %   10000     
4.650215e+05      0.00            0.00            1.00000     0.00000       0.00  %   10000     
4.652917e+05      0.00            0.00            1.00000     0.00000       0.00  %   10000     
4.661226e+05      0.00            0.00            1.00000     0.00000       0.00  %   10000     
4.675000e+05      0.00            0.00            1.00000     0.00000       0.00  %   10000     
4.694463e+05      0.00            0.00            1.00000     0.00000       0.00  %   10000     
4.719391e+05      0.00            0.00            1.00000     0.00000       0.00  %   10000     
4.750000e+05      0.00            0.00            1.00000     0.00000       0.00  %   10000     
4.752628e+05      0.00            0.00            1.00000     0.00000       0.00  %   10000     
4.783026e+05      0.00            0.00            1.00000     0.00000       0.00  %   10000     
4.800000e+05      0.00            0.00            1.00000     0.00000       0.00  %   10000     
4.813699e+05      0.00            0.00            1.00000     0.00000       0.00  %   10000     
4.814598e+05      0.00            0.00            1.00000     0.00000       0.00  %   10000     
4.872451e+05      0.00            0.00            1.00000     0.00000       0.00  %   10000     
4.974903e+05      0.00            0.00            1.00000     0.00000       0.00  %   10000     
5.000000e+05      0.00            0.00            1.00000     0.00000       0.00  %   10000     
5.007500e+05      0.00            0.00            1.00000     0.00000       0.00  %   10000     
5.045532e+05      0.00            0.00            1.00000     0.00000       0.00  %   10000     
5.190945e+05      0.00            0.00            1.00000     0.00000       0.00  %   10000     
5.191417e+05      0.00            0.00            1.00000     0.00000       0.00  %   10000     
5.200000e+05      0.00            0.00            1.00000     0.00000       0.00  %   10000     
5.284227e+05      0.00            0.00            1.00000     0.00000       0.00  %   10000     
5.301715e+05      0.00            0.00            1.00000     0.00000       0.00  %   10000     
5.308645e+05      0.00            0.00            1.00000     0.00000       0.00  %   10000     
5.313383e+05      0.00            0.00            1.00000     0.00000       0.00  %   10000     
5.315574e+05      0.00            0.00            1.00000     0.00000       0.00  %   10000     
5.317766e+05      0.00            0.00            1.00000     0.00000       0.00  %   10000     
5.319409e+05      0.00            0.00            1.00000     0.00000       0.00  %   10000     
5.320779e+05      0.00            0.00            1.00000     0.00000       0.00  %   10000     
5.321874e+05      0.00            0.00            1.00000     0.00000       0.00  %   10000     
5.322833e+05      0.00            0.00            1.00000     0.00000       0.00  %   10000     
5.323723e+05      0.00            0.00            1.00000     0.00000       0.00  %   10000     
5.324682e+05      0.00            0.00            1.00000     0.00000       0.00  %   10000     
5.325818e+05      0.00            0.00            1.00000     0.00000       0.00  %   10000     
5.326443e+05      0.00            0.00            1.00000     0.00000       0.00  %   10000     
5.326644e+05      0.00            0.00            1.00000     0.00000       0.00  %   10000     
5.327243e+05      0.00            0.00            1.00000     0.00000       0.00  %   10000     
5.328105e+05      0.00            0.00            1.00000     0.00000       0.00  %   10000     
5.329324e+05      0.00            0.00            1.00000     0.00000       0.00  %   10000     
5.330201e+05      0.00            0.00            1.00000     0.00000       0.00  %   10000     
5.330968e+05      0.00            0.00            1.00000     0.00000       0.00  %   10000     
5.331954e+05      0.00            0.00            1.00000     0.00000       0.00  %   10000     
5.332204e+05      0.00            0.00            1.00000     0.00000       0.00  %   10000     
5.332940e+05      0.00            0.00            1.00000     0.00000       0.00  %   10000     
5.334035e+05      0.00            0.00            1.00000     0.00000       0.00  %   10000     
5.335624e+05      0.00            0.00            1.00000     0.00000       0.00  %   10000     
5.337103e+05      0.00            0.00            1.00000     0.00000       0.00  %   10000     
5.340280e+05      0.00            0.00            1.00000     0.00000       0.00  %   10000     
5.345402e+05      0.00            0.00            1.00000     0.00000       0.00  %   10000     
5.355810e+05      0.00            0.00            1.00000     0.00000       0.00  %   10000     
5.383186e+05      0.00            0.00            1.00000     0.00000       0.00  %   10000     
5.400000e+05      0.00            0.00            1.00000     0.00000       0.00  %   10000     
5.451050e+05      0.00            0.00            1.00000     0.00000       0.00  %   10000     
5.484487e+05      0.00            0.00            1.00000     0.00000       0.00  %   10000     
5.499768e+05      0.00            0.00            1.00000     0.00000       0.00  %   10000     
5.507011e+05      0.00            0.00            1.00000     0.00000       0.00  %   10000     
5.514822e+05      0.00            0.00            1.00000     0.00000       0.00  %   10000     
5.519000e+05      0.00            0.00            1.00000     0.00000       0.00  %   10000     
5.520030e+05      0.00            0.00            1.00000     0.00000       0.00  %   10000     
5.523285e+05      0.00            0.00            1.00000     0.00000       0.00  %   10000     
5.525889e+05      0.00            0.00            1.00000     0.00000       0.00  %   10000     
5.530839e+05      0.00            0.00            1.00000     0.00000       0.00  %   10000     
5.532454e+05      0.00            0.00            1.00000     0.00000       0.00  %   10000     
5.532507e+05      0.00            0.00            1.00000     0.00000       0.00  %   10000     
5.534378e+05      0.00            0.00            1.00000     0.00000       0.00  %   10000     
5.539559e+05      0.00            0.00            1.00000     0.00000       0.00  %   10000     
5.542814e+05      0.00            0.00            1.00000     0.00000       0.00  %   10000     
5.546720e+05      0.00            0.00            1.00000     0.00000       0.00  %   10000     
5.553229e+05      0.00            0.00            1.00000     0.00000       0.00  %   10000     
5.556424e+05      0.00            0.00            1.00000     0.00000       0.00  %   10000     
5.566249e+05      0.00            0.00            1.00000     0.00000       0.00  %   10000     
5.576036e+05      0.00            0.00            1.00000     0.00000       0.00  %   10000     
5.593468e+05      0.00            0.00            1.00000     0.00000       0.00  %   10000     
5.598081e+05      0.00            0.00            1.00000     0.00000       0.00  %   10000     
5.608722e+05      0.00            0.00            1.00000     0.00000       0.00  %   10000     
5.628334e+05      0.00            0.00            1.00000     0.00000       0.00  %   10000     
5.635660e+05      0.00            0.00            1.00000     0.00000       0.00  %   10000     
5.648226e+05      0.00            0.00            1.00000     0.00000       0.00  %   10000     
5.659894e+05      0.00            0.00            1.00000     0.00000       0.00  %   10000     
5.663625e+05      0.00            0.00            1.00000     0.00000       0.00  %   10000     
5.677363e+05      0.00            0.00            1.00000     0.00000       0.00  %   10000     
5.716587e+05      0.00            0.00            1.00000     0.00000       0.00  %   10000     
5.729196e+05      0.00            0.00            1.00000     0.00000       0.00  %   10000     
5.736199e+05      0.00            0.00            1.00000     0.00000       0.00  %   10000     
5.757990e+05      0.00            0.00            1.00000     0.00000       0.00  %   10000     
5.783000e+05      0.00            0.00            1.00000     0.00000       0.00  %   10000     
5.784139e+05      0.00            0.00            1.00000     0.00000       0.00  %   10000     
5.800000e+05      0.00            0.00            1.00000     0.00000       0.00  %   10000     
5.819004e+05      0.00            0.00            1.00000     0.00000       0.00  %   10000     
5.857589e+05      0.00            0.00            1.00000     0.00000       0.00  %   10000     
5.859081e+05      0.00            0.00            1.00000     0.00000       0.00  %   10000     
5.859522e+05      0.00            0.00            1.00000     0.00000       0.00  %   10000     
5.863893e+05      0.00            0.00            1.00000     0.00000       0.00  %   10000     
5.866119e+05      0.00            0.00            1.00000     0.00000       0.00  %   10000     
5.867611e+05      0.00            0.00            1.00000     0.00000       0.00  %   10000     
5.868357e+05      0.00            0.00            1.00000     0.00000       0.00  %   10000     
5.869054e+05      0.00            0.00            1.00000     0.00000       0.00  %   10000     
5.869501e+05      0.00            0.00            1.00000     0.00000       0.00  %   10000     
5.869874e+05      0.00            0.00            1.00000     0.00000       0.00  %   10000     
5.870309e+05      0.00            0.00            1.00000     0.00000       0.00  %   10000     
5.871210e+05      0.00            0.00            1.00000     0.00000       0.00  %   10000     
5.871536e+05      0.00            0.00            1.00000     0.00000       0.00  %   10000     
5.871641e+05      0.00            0.00            1.00000     0.00000       0.00  %   10000     
5.871977e+05      0.00            0.00            1.00000     0.00000       0.00  %   10000     
5.872510e+05      0.00            0.00            1.00000     0.00000       0.00  %   10000     
5.873070e+05      0.00            0.00            1.00000     0.00000       0.00  %   10000     
5.873505e+05      0.00            0.00            1.00000     0.00000       0.00  %   10000     
5.874003e+05      0.00            0.00            1.00000     0.00000       0.00  %   10000     
5.874537e+05      0.00            0.00            1.00000     0.00000       0.00  %   10000     
5.875097e+05      0.00            0.00            1.00000     0.00000       0.00  %   10000     
5.875893e+05      0.00            0.00            1.00000     0.00000       0.00  %   10000     
5.877174e+05      0.00            0.00            1.00000     0.00000       0.00  %   10000     
5.879465e+05      0.00            0.00            1.00000     0.00000       0.00  %   10000     
5.890323e+05      0.00            0.00            1.00000     0.00000       0.00  %   10000     
5.893348e+05      0.00            0.00            1.00000     0.00000       0.00  %   10000     
5.895509e+05      0.00            0.00            1.00000     0.00000       0.00  %   10000     
5.897318e+05      0.00            0.00            1.00000     0.00000       0.00  %   10000     
5.899242e+05      0.00            0.00            1.00000     0.00000       0.00  %   10000     
5.899749e+05      0.00            0.00            1.00000     0.00000       0.00  %   10000     
5.900154e+05      0.00            0.00            1.00000     0.00000       0.00  %   10000     
5.900451e+05      0.00            0.00            1.00000     0.00000       0.00  %   10000     
5.900748e+05      0.00            0.00            1.00000     0.00000       0.00  %   10000     
5.901045e+05      0.00            0.00            1.00000     0.00000       0.00  %   10000     
5.901342e+05      0.00            0.00            1.00000     0.00000       0.00  %   10000     
5.901680e+05      0.00            0.00            1.00000     0.00000       0.00  %   10000     
5.902131e+05      0.00            0.00            1.00000     0.00000       0.00  %   10000     
5.903209e+05      0.00            0.00            1.00000     0.00000       0.00  %   10000     
5.903773e+05      0.00            0.00            1.00000     0.00000       0.00  %   10000     
5.904341e+05      0.00            0.00            1.00000     0.00000       0.00  %   10000     
5.905286e+05      0.00            0.00            1.00000     0.00000       0.00  %   10000     
5.907230e+05      0.00            0.00            1.00000     0.00000       0.00  %   10000     
5.911552e+05      0.00            0.00            1.00000     0.00000       0.00  %   10000     
5.916954e+05      0.00            0.00            1.00000     0.00000       0.00  %   10000     
5.926056e+05      0.00            0.00            1.00000     0.00000       0.00  %   10000     
5.945417e+05      0.00            0.00            1.00000     0.00000       0.00  %   10000     
5.948000e+05      0.00            0.00            1.00000     0.00000       0.00  %   10000     
5.972710e+05      0.00            0.00            1.00000     0.00000       0.00  %   10000     
5.993120e+05      0.00            0.00            1.00000     0.00000       0.00  %   10000     
6.016614e+05      0.00            0.00            1.00000     0.00000       0.00  %   10000     
6.021012e+05      0.00            0.00            1.00000     0.00000       0.00  %   10000     
6.022094e+05      0.00            0.00            1.00000     0.00000       0.00  %   10000     
6.022635e+05      0.00            0.00            1.00000     0.00000       0.00  %   10000     
6.023041e+05      0.00            0.00            1.00000     0.00000       0.00  %   10000     
6.023379e+05      0.00            0.00            1.00000     0.00000       0.00  %   10000     
6.023718e+05      0.00            0.00            1.00000     0.00000       0.00  %   10000     
6.024172e+05      0.00            0.00            1.00000     0.00000       0.00  %   10000     
6.024434e+05      0.00            0.00            1.00000     0.00000       0.00  %   10000     
6.024481e+05      0.00            0.00            1.00000     0.00000       0.00  %   10000     
6.024701e+05      0.00            0.00            1.00000     0.00000       0.00  %   10000     
6.025125e+05      0.00            0.00            1.00000     0.00000       0.00  %   10000     
6.025531e+05      0.00            0.00            1.00000     0.00000       0.00  %   10000     
6.025869e+05      0.00            0.00            1.00000     0.00000       0.00  %   10000     
6.026275e+05      0.00            0.00            1.00000     0.00000       0.00  %   10000     
6.026816e+05      0.00            0.00            1.00000     0.00000       0.00  %   10000     
6.027898e+05      0.00            0.00            1.00000     0.00000       0.00  %   10000     
6.030449e+05      0.00            0.00            1.00000     0.00000       0.00  %   10000     
6.043177e+05      0.00            0.00            1.00000     0.00000       0.00  %   10000     
6.065469e+05      0.00            0.00            1.00000     0.00000       0.00  %   10000     
6.074500e+05      0.00            0.00            1.00000     0.00000       0.00  %   10000     
6.161289e+05      0.00            0.00            1.00000     0.00000       0.00  %   10000     
6.170160e+05      0.00            0.00            1.00000     0.00000       0.00  %   10000     
6.178141e+05      0.00            0.00            1.00000     0.00000       0.00  %   10000     
6.179000e+05      0.00            0.00            1.00000     0.00000       0.00  %   10000     
6.182747e+05      0.00            0.00            1.00000     0.00000       0.00  %   10000     
6.188661e+05      0.00            0.00            1.00000     0.00000       0.00  %   10000     
6.192209e+05      0.00            0.00            1.00000     0.00000       0.00  %   10000     
6.194574e+05      0.00            0.00            1.00000     0.00000       0.00  %   10000     
6.196348e+05      0.00            0.00            1.00000     0.00000       0.00  %   10000     
6.197827e+05      0.00            0.00            1.00000     0.00000       0.00  %   10000     
6.199305e+05      0.00            0.00            1.00000     0.00000       0.00  %   10000     
6.202529e+05      0.00            0.00            1.00000     0.00000       0.00  %   10000     
6.203534e+05      0.00            0.00            1.00000     0.00000       0.00  %   10000     
6.204551e+05      0.00            0.00            1.00000     0.00000       0.00  %   10000     
6.208006e+05      0.00            0.00            1.00000     0.00000       0.00  %   10000     
6.209485e+05      0.00            0.00            1.00000     0.00000       0.00  %   10000     
6.210963e+05      0.00            0.00            1.00000     0.00000       0.00  %   10000     
6.212737e+05      0.00            0.00            1.00000     0.00000       0.00  %   10000     
6.215103e+05      0.00            0.00            1.00000     0.00000       0.00  %   10000     
6.218651e+05      0.00            0.00            1.00000     0.00000       0.00  %   10000     
6.225409e+05      0.00            0.00            1.00000     0.00000       0.00  %   10000     
6.239222e+05      0.00            0.00            1.00000     0.00000       0.00  %   10000     
6.267000e+05      0.00            0.00            1.00000     0.00000       0.00  %   10000     
6.278342e+05      0.00            0.00            1.00000     0.00000       0.00  %   10000     
6.317908e+05      0.00            0.00            1.00000     0.00000       0.00  %   10000     
6.344000e+05      0.00            0.00            1.00000     0.00000       0.00  %   10000     
6.353759e+05      0.00            0.00            1.00000     0.00000       0.00  %   10000     
6.379319e+05      0.00            0.00            1.00000     0.00000       0.00  %   10000     
6.383956e+05      0.00            0.00            1.00000     0.00000       0.00  %   10000     
6.417092e+05      0.00            0.00            1.00000     0.00000       0.00  %   10000     
6.421000e+05      0.00            0.00            1.00000     0.00000       0.00  %   10000     
6.432107e+05      0.00            0.00            1.00000     0.00000       0.00  %   10000     
6.441759e+05      0.00            0.00            1.00000     0.00000       0.00  %   10000     
6.445972e+05      0.00            0.00            1.00000     0.00000       0.00  %   10000     
6.448380e+05      0.00            0.00            1.00000     0.00000       0.00  %   10000     
6.449985e+05      0.00            0.00            1.00000     0.00000       0.00  %   10000     
6.451188e+05      0.00            0.00            1.00000     0.00000       0.00  %   10000     
6.451991e+05      0.00            0.00            1.00000     0.00000       0.00  %   10000     
6.452793e+05      0.00            0.00            1.00000     0.00000       0.00  %   10000     
6.453355e+05      0.00            0.00            1.00000     0.00000       0.00  %   10000     
6.453997e+05      0.00            0.00            1.00000     0.00000       0.00  %   10000     
6.455315e+05      0.00            0.00            1.00000     0.00000       0.00  %   10000     
6.455817e+05      0.00            0.00            1.00000     0.00000       0.00  %   10000     
6.456010e+05      0.00            0.00            1.00000     0.00000       0.00  %   10000     
6.456343e+05      0.00            0.00            1.00000     0.00000       0.00  %   10000     
6.456838e+05      0.00            0.00            1.00000     0.00000       0.00  %   10000     
6.458049e+05      0.00            0.00            1.00000     0.00000       0.00  %   10000     
6.458671e+05      0.00            0.00            1.00000     0.00000       0.00  %   10000     
6.459373e+05      0.00            0.00            1.00000     0.00000       0.00  %   10000     
6.460176e+05      0.00            0.00            1.00000     0.00000       0.00  %   10000     
6.461179e+05      0.00            0.00            1.00000     0.00000       0.00  %   10000     
6.462382e+05      0.00            0.00            1.00000     0.00000       0.00  %   10000     
6.463987e+05      0.00            0.00            1.00000     0.00000       0.00  %   10000     
6.466395e+05      0.00            0.00            1.00000     0.00000       0.00  %   10000     
6.470748e+05      0.00            0.00            1.00000     0.00000       0.00  %   10000     
6.480377e+05      0.00            0.00            1.00000     0.00000       0.00  %   10000     
6.481480e+05      0.00            0.00            1.00000     0.00000       0.00  %   10000     
6.489469e+05      0.00            0.00            1.00000     0.00000       0.00  %   10000     
6.493464e+05      0.00            0.00            1.00000     0.00000       0.00  %   10000     
6.496127e+05      0.00            0.00            1.00000     0.00000       0.00  %   10000     
6.498125e+05      0.00            0.00            1.00000     0.00000       0.00  %   10000     
6.500000e+05      0.00            0.00            1.00000     0.00000       0.00  %   10000     
6.502175e+05      0.00            0.00            1.00000     0.00000       0.00  %   10000     
6.503556e+05      0.00            0.00            1.00000     0.00000       0.00  %   10000     
6.505391e+05      0.00            0.00            1.00000     0.00000       0.00  %   10000     
6.509332e+05      0.00            0.00            1.00000     0.00000       0.00  %   10000     
6.512661e+05      0.00            0.00            1.00000     0.00000       0.00  %   10000     
6.516656e+05      0.00            0.00            1.00000     0.00000       0.00  %   10000     
6.524201e+05      0.00            0.00            1.00000     0.00000       0.00  %   10000     
6.529953e+05      0.00            0.00            1.00000     0.00000       0.00  %   10000     
6.542750e+05      0.00            0.00            1.00000     0.00000       0.00  %   10000     
6.544826e+05      0.00            0.00            1.00000     0.00000       0.00  %   10000     
6.564000e+05      0.00            0.00            1.00000     0.00000       0.00  %   10000     
6.617350e+05      0.00            0.00            1.00000     0.00000       0.00  %   10000     
6.646500e+05      0.00            0.00            1.00000     0.00000       0.00  %   10000     
6.701500e+05      0.00            0.00            1.00000     0.00000       0.00  %   10000     
6.712376e+05      0.00            0.00            1.00000     0.00000       0.00  %   10000     
6.810125e+05      0.00            0.00            1.00000     0.00000       0.00  %   10000     
6.847375e+05      0.00            0.00            1.00000     0.00000       0.00  %   10000     
6.872904e+05      0.00            0.00            1.00000     0.00000       0.00  %   10000     
6.927000e+05      0.00            0.00            1.00000     0.00000       0.00  %   10000     
7.024771e+05      0.00            0.00            1.00000     0.00000       0.00  %   10000     
7.026000e+05      0.00            0.00            1.00000     0.00000       0.00  %   10000     
7.037601e+05      0.00            0.00            1.00000     0.00000       0.00  %   10000     
7.039892e+05      0.00            0.00            1.00000     0.00000       0.00  %   10000     
7.045123e+05      0.00            0.00            1.00000     0.00000       0.00  %   10000     
7.047763e+05      0.00            0.00            1.00000     0.00000       0.00  %   10000     
7.049707e+05      0.00            0.00            1.00000     0.00000       0.00  %   10000     
7.051002e+05      0.00            0.00            1.00000     0.00000       0.00  %   10000     
7.051974e+05      0.00            0.00            1.00000     0.00000       0.00  %   10000     
7.052622e+05      0.00            0.00            1.00000     0.00000       0.00  %   10000     
7.053270e+05      0.00            0.00            1.00000     0.00000       0.00  %   10000     
7.053837e+05      0.00            0.00            1.00000     0.00000       0.00  %   10000     
7.054355e+05      0.00            0.00            1.00000     0.00000       0.00  %   10000     
7.054922e+05      0.00            0.00            1.00000     0.00000       0.00  %   10000     
7.055764e+05      0.00            0.00            1.00000     0.00000       0.00  %   10000     
7.056134e+05      0.00            0.00            1.00000     0.00000       0.00  %   10000     
7.056257e+05      0.00            0.00            1.00000     0.00000       0.00  %   10000     
7.056573e+05      0.00            0.00            1.00000     0.00000       0.00  %   10000     
7.057027e+05      0.00            0.00            1.00000     0.00000       0.00  %   10000     
7.057934e+05      0.00            0.00            1.00000     0.00000       0.00  %   10000     
7.058453e+05      0.00            0.00            1.00000     0.00000       0.00  %   10000     
7.058963e+05      0.00            0.00            1.00000     0.00000       0.00  %   10000     
7.059489e+05      0.00            0.00            1.00000     0.00000       0.00  %   10000     
7.060137e+05      0.00            0.00            1.00000     0.00000       0.00  %   10000     
7.060947e+05      0.00            0.00            1.00000     0.00000       0.00  %   10000     
7.061919e+05      0.00            0.00            1.00000     0.00000       0.00  %   10000     
7.063214e+05      0.00            0.00            1.00000     0.00000       0.00  %   10000     
7.065028e+05      0.00            0.00            1.00000     0.00000       0.00  %   10000     
7.068478e+05      0.00            0.00            1.00000     0.00000       0.00  %   10000     
7.075194e+05      0.00            0.00            1.00000     0.00000       0.00  %   10000     
7.098735e+05      0.00            0.00            1.00000     0.00000       0.00  %   10000     
7.099469e+05      0.00            0.00            1.00000     0.00000       0.00  %   10000     
7.110023e+05      0.00            0.00            1.00000     0.00000       0.00  %   10000     
7.131069e+05      0.00            0.00            1.00000     0.00000       0.00  %   10000     
7.136000e+05      0.00            0.00            1.00000     0.00000       0.00  %   10000     
7.137921e+05      0.00            0.00            1.00000     0.00000       0.00  %   10000     
7.139138e+05      0.00            0.00            1.00000     0.00000       0.00  %   10000     
7.139863e+05      0.00            0.00            1.00000     0.00000       0.00  %   10000     
7.140461e+05      0.00            0.00            1.00000     0.00000       0.00  %   10000     
7.141364e+05      0.00            0.00            1.00000     0.00000       0.00  %   10000     
7.142032e+05      0.00            0.00            1.00000     0.00000       0.00  %   10000     
7.144773e+05      0.00            0.00            1.00000     0.00000       0.00  %   10000     
7.146828e+05      0.00            0.00            1.00000     0.00000       0.00  %   10000     
7.149702e+05      0.00            0.00            1.00000     0.00000       0.00  %   10000     
7.151130e+05      0.00            0.00            1.00000     0.00000       0.00  %   10000     
7.152405e+05      0.00            0.00            1.00000     0.00000       0.00  %   10000     
7.156421e+05      0.00            0.00            1.00000     0.00000       0.00  %   10000     
7.159162e+05      0.00            0.00            1.00000     0.00000       0.00  %   10000     
7.163273e+05      0.00            0.00            1.00000     0.00000       0.00  %   10000     
7.170126e+05      0.00            0.00            1.00000     0.00000       0.00  %   10000     
7.183928e+05      0.00            0.00            1.00000     0.00000       0.00  %   10000     
7.189067e+05      0.00            0.00            1.00000     0.00000       0.00  %   10000     
7.246192e+05      0.00            0.00            1.00000     0.00000       0.00  %   10000     
7.268000e+05      0.00            0.00            1.00000     0.00000       0.00  %   10000     
7.287275e+05      0.00            0.00            1.00000     0.00000       0.00  %   10000     
7.319554e+05      0.00            0.00            1.00000     0.00000       0.00  %   10000     
7.324718e+05      0.00            0.00            1.00000     0.00000       0.00  %   10000     
7.345964e+05      0.00            0.00            1.00000     0.00000       0.00  %   10000     
7.369440e+05      0.00            0.00            1.00000     0.00000       0.00  %   10000     
7.389982e+05      0.00            0.00            1.00000     0.00000       0.00  %   10000     
7.416392e+05      0.00            0.00            1.00000     0.00000       0.00  %   10000     
7.443180e+05      0.00            0.00            1.00000     0.00000       0.00  %   10000     
7.444000e+05      0.00            0.00            1.00000     0.00000       0.00  %   10000     
7.459855e+05      0.00            0.00            1.00000     0.00000       0.00  %   10000     
7.461800e+05      0.00            0.00            1.00000     0.00000       0.00  %   10000     
7.476549e+05      0.00            0.00            1.00000     0.00000       0.00  %   10000     
7.485868e+05      0.00            0.00            1.00000     0.00000       0.00  %   10000     
7.502717e+05      0.00            0.00            1.00000     0.00000       0.00  %   10000     
7.535238e+05      0.00            0.00            1.00000     0.00000       0.00  %   10000     
7.561648e+05      0.00            0.00            1.00000     0.00000       0.00  %   10000     
7.590993e+05      0.00            0.00            1.00000     0.00000       0.00  %   10000     
7.600000e+05      0.00            0.00            1.00000     0.00000       0.00  %   10000     
7.626207e+05      0.00            0.00            1.00000     0.00000       0.00  %   10000     
7.664000e+05      0.00            0.00            1.00000     0.00000       0.00  %   10000     
7.669173e+05      0.00            0.00            1.00000     0.00000       0.00  %   10000     
7.673158e+05      0.00            0.00            1.00000     0.00000       0.00  %   10000     
7.709967e+05      0.00            0.00            1.00000     0.00000       0.00  %   10000     
7.713384e+05      0.00            0.00            1.00000     0.00000       0.00  %   10000     
7.714432e+05      0.00            0.00            1.00000     0.00000       0.00  %   10000     
7.715206e+05      0.00            0.00            1.00000     0.00000       0.00  %   10000     
7.715625e+05      0.00            0.00            1.00000     0.00000       0.00  %   10000     
7.715835e+05      0.00            0.00            1.00000     0.00000       0.00  %   10000     
7.716044e+05      0.00            0.00            1.00000     0.00000       0.00  %   10000     
7.716218e+05      0.00            0.00            1.00000     0.00000       0.00  %   10000     
7.716428e+05      0.00            0.00            1.00000     0.00000       0.00  %   10000     
7.716854e+05      0.00            0.00            1.00000     0.00000       0.00  %   10000     
7.717036e+05      0.00            0.00            1.00000     0.00000       0.00  %   10000     
7.717119e+05      0.00            0.00            1.00000     0.00000       0.00  %   10000     
7.717252e+05      0.00            0.00            1.00000     0.00000       0.00  %   10000     
7.717419e+05      0.00            0.00            1.00000     0.00000       0.00  %   10000     
7.717866e+05      0.00            0.00            1.00000     0.00000       0.00  %   10000     
7.718040e+05      0.00            0.00            1.00000     0.00000       0.00  %   10000     
7.718215e+05      0.00            0.00            1.00000     0.00000       0.00  %   10000     
7.718424e+05      0.00            0.00            1.00000     0.00000       0.00  %   10000     
7.718704e+05      0.00            0.00            1.00000     0.00000       0.00  %   10000     
7.719122e+05      0.00            0.00            1.00000     0.00000       0.00  %   10000     
7.719684e+05      0.00            0.00            1.00000     0.00000       0.00  %   10000     
7.721080e+05      0.00            0.00            1.00000     0.00000       0.00  %   10000     
7.726996e+05      0.00            0.00            1.00000     0.00000       0.00  %   10000     
7.728346e+05      0.00            0.00            1.00000     0.00000       0.00  %   10000     
7.737717e+05      0.00            0.00            1.00000     0.00000       0.00  %   10000     
7.782461e+05      0.00            0.00            1.00000     0.00000       0.00  %   10000     
7.800000e+05      0.00            0.00            1.00000     0.00000       0.00  %   10000     
7.804318e+05      0.00            0.00            1.00000     0.00000       0.00  %   10000     
7.838701e+05      0.00            0.00            1.00000     0.00000       0.00  %   10000     
7.863671e+05      0.00            0.00            1.00000     0.00000       0.00  %   10000     
7.911153e+05      0.00            0.00            1.00000     0.00000       0.00  %   10000     
7.949959e+05      0.00            0.00            1.00000     0.00000       0.00  %   10000     
7.952699e+05      0.00            0.00            1.00000     0.00000       0.00  %   10000     
7.959217e+05      0.00            0.00            1.00000     0.00000       0.00  %   10000     
7.962036e+05      0.00            0.00            1.00000     0.00000       0.00  %   10000     
7.963822e+05      0.00            0.00            1.00000     0.00000       0.00  %   10000     
7.965138e+05      0.00            0.00            1.00000     0.00000       0.00  %   10000     
7.966078e+05      0.00            0.00            1.00000     0.00000       0.00  %   10000     
7.967017e+05      0.00            0.00            1.00000     0.00000       0.00  %   10000     
7.967957e+05      0.00            0.00            1.00000     0.00000       0.00  %   10000     
7.969144e+05      0.00            0.00            1.00000     0.00000       0.00  %   10000     
7.969761e+05      0.00            0.00            1.00000     0.00000       0.00  %   10000     
7.970406e+05      0.00            0.00            1.00000     0.00000       0.00  %   10000     
7.972422e+05      0.00            0.00            1.00000     0.00000       0.00  %   10000     
7.973361e+05      0.00            0.00            1.00000     0.00000       0.00  %   10000     
7.974630e+05      0.00            0.00            1.00000     0.00000       0.00  %   10000     
7.975993e+05      0.00            0.00            1.00000     0.00000       0.00  %   10000     
7.978812e+05      0.00            0.00            1.00000     0.00000       0.00  %   10000     
7.983946e+05      0.00            0.00            1.00000     0.00000       0.00  %   10000     
7.994246e+05      0.00            0.00            1.00000     0.00000       0.00  %   10000     
7.997944e+05      0.00            0.00            1.00000     0.00000       0.00  %   10000     
8.000000e+05      0.00            0.00            1.00000     0.00000       0.00  %   10000     
8.008438e+05      0.00            0.00            1.00000     0.00000       0.00  %   10000     
8.035793e+05      0.00            0.00            1.00000     0.00000       0.00  %   10000     
8.061289e+05      0.00            0.00            1.00000     0.00000       0.00  %   10000     
8.067255e+05      0.00            0.00            1.00000     0.00000       0.00  %   10000     
8.069454e+05      0.00            0.00            1.00000     0.00000       0.00  %   10000     
8.070554e+05      0.00            0.00            1.00000     0.00000       0.00  %   10000     
8.071379e+05      0.00            0.00            1.00000     0.00000       0.00  %   10000     
8.071928e+05      0.00            0.00            1.00000     0.00000       0.00  %   10000     
8.072478e+05      0.00            0.00            1.00000     0.00000       0.00  %   10000     
8.073533e+05      0.00            0.00            1.00000     0.00000       0.00  %   10000     
8.073893e+05      0.00            0.00            1.00000     0.00000       0.00  %   10000     
8.073974e+05      0.00            0.00            1.00000     0.00000       0.00  %   10000     
8.074351e+05      0.00            0.00            1.00000     0.00000       0.00  %   10000     
8.075599e+05      0.00            0.00            1.00000     0.00000       0.00  %   10000     
8.076245e+05      0.00            0.00            1.00000     0.00000       0.00  %   10000     
8.077070e+05      0.00            0.00            1.00000     0.00000       0.00  %   10000     
8.078169e+05      0.00            0.00            1.00000     0.00000       0.00  %   10000     
8.079819e+05      0.00            0.00            1.00000     0.00000       0.00  %   10000     
8.082984e+05      0.00            0.00            1.00000     0.00000       0.00  %   10000     
8.092222e+05      0.00            0.00            1.00000     0.00000       0.00  %   10000     
8.097471e+05      0.00            0.00            1.00000     0.00000       0.00  %   10000     
8.101334e+05      0.00            0.00            1.00000     0.00000       0.00  %   10000     
8.102930e+05      0.00            0.00            1.00000     0.00000       0.00  %   10000     
8.104106e+05      0.00            0.00            1.00000     0.00000       0.00  %   10000     
8.104438e+05      0.00            0.00            1.00000     0.00000       0.00  %   10000     
8.104946e+05      0.00            0.00            1.00000     0.00000       0.00  %   10000     
8.105576e+05      0.00            0.00            1.00000     0.00000       0.00  %   10000     
8.106310e+05      0.00            0.00            1.00000     0.00000       0.00  %   10000     
8.107472e+05      0.00            0.00            1.00000     0.00000       0.00  %   10000     
8.108081e+05      0.00            0.00            1.00000     0.00000       0.00  %   10000     
8.108237e+05      0.00            0.00            1.00000     0.00000       0.00  %   10000     
8.108814e+05      0.00            0.00            1.00000     0.00000       0.00  %   10000     
8.110614e+05      0.00            0.00            1.00000     0.00000       0.00  %   10000     
8.111454e+05      0.00            0.00            1.00000     0.00000       0.00  %   10000     
8.112588e+05      0.00            0.00            1.00000     0.00000       0.00  %   10000     
8.113806e+05      0.00            0.00            1.00000     0.00000       0.00  %   10000     
8.116325e+05      0.00            0.00            1.00000     0.00000       0.00  %   10000     
8.120829e+05      0.00            0.00            1.00000     0.00000       0.00  %   10000     
8.130959e+05      0.00            0.00            1.00000     0.00000       0.00  %   10000     
8.139506e+05      0.00            0.00            1.00000     0.00000       0.00  %   10000     
8.149317e+05      0.00            0.00            1.00000     0.00000       0.00  %   10000     
8.163926e+05      0.00            0.00            1.00000     0.00000       0.00  %   10000     
8.185328e+05      0.00            0.00            1.00000     0.00000       0.00  %   10000     
8.294586e+05      0.00            0.00            1.00000     0.00000       0.00  %   10000     
8.305171e+05      0.00            0.00            1.00000     0.00000       0.00  %   10000     
8.308775e+05      0.00            0.00            1.00000     0.00000       0.00  %   10000     
8.311783e+05      0.00            0.00            1.00000     0.00000       0.00  %   10000     
8.331178e+05      0.00            0.00            1.00000     0.00000       0.00  %   10000     
8.344865e+05      0.00            0.00            1.00000     0.00000       0.00  %   10000     
8.366035e+05      0.00            0.00            1.00000     0.00000       0.00  %   10000     
8.379222e+05      0.00            0.00            1.00000     0.00000       0.00  %   10000     
8.379266e+05      0.00            0.00            1.00000     0.00000       0.00  %   10000     
8.389851e+05      0.00            0.00            1.00000     0.00000       0.00  %   10000     
8.397790e+05      0.00            0.00            1.00000     0.00000       0.00  %   10000     
8.400000e+05      0.00            0.00            1.00000     0.00000       0.00  %   10000     
8.407052e+05      0.00            0.00            1.00000     0.00000       0.00  %   10000     
8.414991e+05      0.00            0.00            1.00000     0.00000       0.00  %   10000     
8.424253e+05      0.00            0.00            1.00000     0.00000       0.00  %   10000     
8.430456e+05      0.00            0.00            1.00000     0.00000       0.00  %   10000     
8.433307e+05      0.00            0.00            1.00000     0.00000       0.00  %   10000     
8.440130e+05      0.00            0.00            1.00000     0.00000       0.00  %   10000     
8.441859e+05      0.00            0.00            1.00000     0.00000       0.00  %   10000     
8.445281e+05      0.00            0.00            1.00000     0.00000       0.00  %   10000     
8.447035e+05      0.00            0.00            1.00000     0.00000       0.00  %   10000     
8.447657e+05      0.00            0.00            1.00000     0.00000       0.00  %   10000     
8.448351e+05      0.00            0.00            1.00000     0.00000       0.00  %   10000     
8.449447e+05      0.00            0.00            1.00000     0.00000       0.00  %   10000     
8.450324e+05      0.00            0.00            1.00000     0.00000       0.00  %   10000     
8.450974e+05      0.00            0.00            1.00000     0.00000       0.00  %   10000     
8.451644e+05      0.00            0.00            1.00000     0.00000       0.00  %   10000     
8.452313e+05      0.00            0.00            1.00000     0.00000       0.00  %   10000     
8.452394e+05      0.00            0.00            1.00000     0.00000       0.00  %   10000     
8.453026e+05      0.00            0.00            1.00000     0.00000       0.00  %   10000     
8.454754e+05      0.00            0.00            1.00000     0.00000       0.00  %   10000     
8.455632e+05      0.00            0.00            1.00000     0.00000       0.00  %   10000     
8.456728e+05      0.00            0.00            1.00000     0.00000       0.00  %   10000     
8.458044e+05      0.00            0.00            1.00000     0.00000       0.00  %   10000     
8.459316e+05      0.00            0.00            1.00000     0.00000       0.00  %   10000     
8.460237e+05      0.00            0.00            1.00000     0.00000       0.00  %   10000     
8.464623e+05      0.00            0.00            1.00000     0.00000       0.00  %   10000     
8.477716e+05      0.00            0.00            1.00000     0.00000       0.00  %   10000     
8.485778e+05      0.00            0.00            1.00000     0.00000       0.00  %   10000     
8.497602e+05      0.00            0.00            1.00000     0.00000       0.00  %   10000     
8.501656e+05      0.00            0.00            1.00000     0.00000       0.00  %   10000     
8.520180e+05      0.00            0.00            1.00000     0.00000       0.00  %   10000     
8.541753e+05      0.00            0.00            1.00000     0.00000       0.00  %   10000     
8.543996e+05      0.00            0.00            1.00000     0.00000       0.00  %   10000     
8.574413e+05      0.00            0.00            1.00000     0.00000       0.00  %   10000     
8.575752e+05      0.00            0.00            1.00000     0.00000       0.00  %   10000     
8.610000e+05      0.00            0.00            1.00000     0.00000       0.00  %   10000     
8.622420e+05      0.00            0.00            1.00000     0.00000       0.00  %   10000     
8.623384e+05      0.00            0.00            1.00000     0.00000       0.00  %   10000     
8.660826e+05      0.00            0.00            1.00000     0.00000       0.00  %   10000     
8.676182e+05      0.00            0.00            1.00000     0.00000       0.00  %   10000     
8.703103e+05      0.00            0.00            1.00000     0.00000       0.00  %   10000     
8.714627e+05      0.00            0.00            1.00000     0.00000       0.00  %   10000     
8.718895e+05      0.00            0.00            1.00000     0.00000       0.00  %   10000     
8.720361e+05      0.00            0.00            1.00000     0.00000       0.00  %   10000     
8.721298e+05      0.00            0.00            1.00000     0.00000       0.00  %   10000     
8.721668e+05      0.00            0.00            1.00000     0.00000       0.00  %   10000     
8.721949e+05      0.00            0.00            1.00000     0.00000       0.00  %   10000     
8.722183e+05      0.00            0.00            1.00000     0.00000       0.00  %   10000     
8.722417e+05      0.00            0.00            1.00000     0.00000       0.00  %   10000     
8.722745e+05      0.00            0.00            1.00000     0.00000       0.00  %   10000     
8.722881e+05      0.00            0.00            1.00000     0.00000       0.00  %   10000     
8.723005e+05      0.00            0.00            1.00000     0.00000       0.00  %   10000     
8.723152e+05      0.00            0.00            1.00000     0.00000       0.00  %   10000     
8.723368e+05      0.00            0.00            1.00000     0.00000       0.00  %   10000     
8.723742e+05      0.00            0.00            1.00000     0.00000       0.00  %   10000     
8.723929e+05      0.00            0.00            1.00000     0.00000       0.00  %   10000     
8.724164e+05      0.00            0.00            1.00000     0.00000       0.00  %   10000     
8.724494e+05      0.00            0.00            1.00000     0.00000       0.00  %   10000     
8.725196e+05      0.00            0.00            1.00000     0.00000       0.00  %   10000     
8.727295e+05      0.00            0.00            1.00000     0.00000       0.00  %   10000     
8.735062e+05      0.00            0.00            1.00000     0.00000       0.00  %   10000     
8.750000e+05      0.00            0.00            1.00000     0.00000       0.00  %   10000     
8.758440e+05      0.00            0.00            1.00000     0.00000       0.00  %   10000     
8.769260e+05      0.00            0.00            1.00000     0.00000       0.00  %   10000     
8.784198e+05      0.00            0.00            1.00000     0.00000       0.00  %   10000     
8.788283e+05      0.00            0.00            1.00000     0.00000       0.00  %   10000     
8.791205e+05      0.00            0.00            1.00000     0.00000       0.00  %   10000     
8.792949e+05      0.00            0.00            1.00000     0.00000       0.00  %   10000     
8.793822e+05      0.00            0.00            1.00000     0.00000       0.00  %   10000     
8.794548e+05      0.00            0.00            1.00000     0.00000       0.00  %   10000     
8.795130e+05      0.00            0.00            1.00000     0.00000       0.00  %   10000     
8.795668e+05      0.00            0.00            1.00000     0.00000       0.00  %   10000     
8.796191e+05      0.00            0.00            1.00000     0.00000       0.00  %   10000     
8.796729e+05      0.00            0.00            1.00000     0.00000       0.00  %   10000     
8.797512e+05      0.00            0.00            1.00000     0.00000       0.00  %   10000     
8.797772e+05      0.00            0.00            1.00000     0.00000       0.00  %   10000     
8.798019e+05      0.00            0.00            1.00000     0.00000       0.00  %   10000     
8.798399e+05      0.00            0.00            1.00000     0.00000       0.00  %   10000     
8.798956e+05      0.00            0.00            1.00000     0.00000       0.00  %   10000     
8.799665e+05      0.00            0.00            1.00000     0.00000       0.00  %   10000     
8.800188e+05      0.00            0.00            1.00000     0.00000       0.00  %   10000     
8.800625e+05      0.00            0.00            1.00000     0.00000       0.00  %   10000     
8.801206e+05      0.00            0.00            1.00000     0.00000       0.00  %   10000     
8.801933e+05      0.00            0.00            1.00000     0.00000       0.00  %   10000     
8.802805e+05      0.00            0.00            1.00000     0.00000       0.00  %   10000     
8.804259e+05      0.00            0.00            1.00000     0.00000       0.00  %   10000     
8.806003e+05      0.00            0.00            1.00000     0.00000       0.00  %   10000     
8.809128e+05      0.00            0.00            1.00000     0.00000       0.00  %   10000     
8.818046e+05      0.00            0.00            1.00000     0.00000       0.00  %   10000     
8.822449e+05      0.00            0.00            1.00000     0.00000       0.00  %   10000     
8.864055e+05      0.00            0.00            1.00000     0.00000       0.00  %   10000     
8.869647e+05      0.00            0.00            1.00000     0.00000       0.00  %   10000     
8.924864e+05      0.00            0.00            1.00000     0.00000       0.00  %   10000     
8.986968e+05      0.00            0.00            1.00000     0.00000       0.00  %   10000     
9.000000e+05      0.00            0.00            1.00000     0.00000       0.00  %   10000     
9.027278e+05      0.00            0.00            1.00000     0.00000       0.00  %   10000     
9.051527e+05      0.00            0.00            1.00000     0.00000       0.00  %   10000     
9.062168e+05      0.00            0.00            1.00000     0.00000       0.00  %   10000     
9.068553e+05      0.00            0.00            1.00000     0.00000       0.00  %   10000     
9.073874e+05      0.00            0.00            1.00000     0.00000       0.00  %   10000     
9.078131e+05      0.00            0.00            1.00000     0.00000       0.00  %   10000     
9.082387e+05      0.00            0.00            1.00000     0.00000       0.00  %   10000     
9.086644e+05      0.00            0.00            1.00000     0.00000       0.00  %   10000     
9.091965e+05      0.00            0.00            1.00000     0.00000       0.00  %   10000     
9.097732e+05      0.00            0.00            1.00000     0.00000       0.00  %   10000     
9.100856e+05      0.00            0.00            1.00000     0.00000       0.00  %   10000     
9.104380e+05      0.00            0.00            1.00000     0.00000       0.00  %   10000     
9.108637e+05      0.00            0.00            1.00000     0.00000       0.00  %   10000     
9.125663e+05      0.00            0.00            1.00000     0.00000       0.00  %   10000     
9.136305e+05      0.00            0.00            1.00000     0.00000       0.00  %   10000     
9.151203e+05      0.00            0.00            1.00000     0.00000       0.00  %   10000     
9.172486e+05      0.00            0.00            1.00000     0.00000       0.00  %   10000     
9.200000e+05      0.00            0.00            1.00000     0.00000       0.00  %   10000     
9.205793e+05      0.00            0.00            1.00000     0.00000       0.00  %   10000     
9.206539e+05      0.00            0.00            1.00000     0.00000       0.00  %   10000     
9.262152e+05      0.00            0.00            1.00000     0.00000       0.00  %   10000     
9.264913e+05      0.00            0.00            1.00000     0.00000       0.00  %   10000     
9.349818e+05      0.00            0.00            1.00000     0.00000       0.00  %   10000     
9.350000e+05      0.00            0.00            1.00000     0.00000       0.00  %   10000     
9.475000e+05      0.00            0.00            1.00000     0.00000       0.00  %   10000     
9.520076e+05      0.00            0.00            1.00000     0.00000       0.00  %   10000     
9.538658e+05      0.00            0.00            1.00000     0.00000       0.00  %   10000     
9.544951e+05      0.00            0.00            1.00000     0.00000       0.00  %   10000     
9.548883e+05      0.00            0.00            1.00000     0.00000       0.00  %   10000     
9.551243e+05      0.00            0.00            1.00000     0.00000       0.00  %   10000     
9.553209e+05      0.00            0.00            1.00000     0.00000       0.00  %   10000     
9.554783e+05      0.00            0.00            1.00000     0.00000       0.00  %   10000     
9.558175e+05      0.00            0.00            1.00000     0.00000       0.00  %   10000     
9.559349e+05      0.00            0.00            1.00000     0.00000       0.00  %   10000     
9.559723e+05      0.00            0.00            1.00000     0.00000       0.00  %   10000     
9.560857e+05      0.00            0.00            1.00000     0.00000       0.00  %   10000     
9.565106e+05      0.00            0.00            1.00000     0.00000       0.00  %   10000     
9.567466e+05      0.00            0.00            1.00000     0.00000       0.00  %   10000     
9.570612e+05      0.00            0.00            1.00000     0.00000       0.00  %   10000     
9.575331e+05      0.00            0.00            1.00000     0.00000       0.00  %   10000     
9.583197e+05      0.00            0.00            1.00000     0.00000       0.00  %   10000     
9.599960e+05      0.00            0.00            1.00000     0.00000       0.00  %   10000     
9.615738e+05      0.00            0.00            1.00000     0.00000       0.00  %   10000     
9.650000e+05      0.00            0.00            1.00000     0.00000       0.00  %   10000     
9.657813e+05      0.00            0.00            1.00000     0.00000       0.00  %   10000     
9.684303e+05      0.00            0.00            1.00000     0.00000       0.00  %   10000     
9.768888e+05      0.00            0.00            1.00000     0.00000       0.00  %   10000     
9.777774e+05      0.00            0.00            1.00000     0.00000       0.00  %   10000     
9.786720e+05      0.00            0.00            1.00000     0.00000       0.00  %   10000     
9.790275e+05      0.00            0.00            1.00000     0.00000       0.00  %   10000     
9.792052e+05      0.00            0.00            1.00000     0.00000       0.00  %   10000     
9.793237e+05      0.00            0.00            1.00000     0.00000       0.00  %   10000     
9.794422e+05      0.00            0.00            1.00000     0.00000       0.00  %   10000     
9.795310e+05      0.00            0.00            1.00000     0.00000       0.00  %   10000     
9.796495e+05      0.00            0.00            1.00000     0.00000       0.00  %   10000     
9.797769e+05      0.00            0.00            1.00000     0.00000       0.00  %   10000     
9.798476e+05      0.00            0.00            1.00000     0.00000       0.00  %   10000     
9.798702e+05      0.00            0.00            1.00000     0.00000       0.00  %   10000     
9.799563e+05      0.00            0.00            1.00000     0.00000       0.00  %   10000     
9.800000e+05      0.00            0.00            1.00000     0.00000       0.00  %   10000     
9.801886e+05      0.00            0.00            1.00000     0.00000       0.00  %   10000     
9.803367e+05      0.00            0.00            1.00000     0.00000       0.00  %   10000     
9.805144e+05      0.00            0.00            1.00000     0.00000       0.00  %   10000     
9.808106e+05      0.00            0.00            1.00000     0.00000       0.00  %   10000     
9.812588e+05      0.00            0.00            1.00000     0.00000       0.00  %   10000     
9.812846e+05      0.00            0.00            1.00000     0.00000       0.00  %   10000     
9.822650e+05      0.00            0.00            1.00000     0.00000       0.00  %   10000     
9.856024e+05      0.00            0.00            1.00000     0.00000       0.00  %   10000     
9.900000e+05      0.00            0.00            1.00000     0.00000       0.00  %   10000     
1.000000e+06      0.00            0.00            1.00000     0.00000       0.00  %   10000     
1.008087e+06      0.00            0.00            1.00000     0.00000       0.00  %   10000     
1.010000e+06      0.00            0.00            1.00000     0.00000       0.00  %   10000     
1.015044e+06      0.00            0.00            1.00000     0.00000       0.00  %   10000     
1.016419e+06      0.00            0.00            1.00000     0.00000       0.00  %   10000     
1.017320e+06      0.00            0.00            1.00000     0.00000       0.00  %   10000     
1.017511e+06      0.00            0.00            1.00000     0.00000       0.00  %   10000     
1.017590e+06      0.00            0.00            1.00000     0.00000       0.00  %   10000     
1.017635e+06      0.00            0.00            1.00000     0.00000       0.00  %   10000     
1.017669e+06      0.00            0.00            1.00000     0.00000       0.00  %   10000     
1.017702e+06      0.00            0.00            1.00000     0.00000       0.00  %   10000     
1.017755e+06      0.00            0.00            1.00000     0.00000       0.00  %   10000     
1.017781e+06      0.00            0.00            1.00000     0.00000       0.00  %   10000     
1.017782e+06      0.00            0.00            1.00000     0.00000       0.00  %   10000     
1.017806e+06      0.00            0.00            1.00000     0.00000       0.00  %   10000     
1.017841e+06      0.00            0.00            1.00000     0.00000       0.00  %   10000     
1.017880e+06      0.00            0.00            1.00000     0.00000       0.00  %   10000     
1.017910e+06      0.00            0.00            1.00000     0.00000       0.00  %   10000     
1.017945e+06      0.00            0.00            1.00000     0.00000       0.00  %   10000     
1.017998e+06      0.00            0.00            1.00000     0.00000       0.00  %   10000     
1.018110e+06      0.00            0.00            1.00000     0.00000       0.00  %   10000     
1.018528e+06      0.00            0.00            1.00000     0.00000       0.00  %   10000     
1.020581e+06      0.00            0.00            1.00000     0.00000       0.00  %   10000     
1.028482e+06      0.00            0.00            1.00000     0.00000       0.00  %   10000     
1.035689e+06      0.00            0.00            1.00000     0.00000       0.00  %   10000     
1.036902e+06      0.00            0.00            1.00000     0.00000       0.00  %   10000     
1.039765e+06      0.00            0.00            1.00000     0.00000       0.00  %   10000     
1.040842e+06      0.00            0.00            1.00000     0.00000       0.00  %   10000     
1.041395e+06      0.00            0.00            1.00000     0.00000       0.00  %   10000     
1.041750e+06      0.00            0.00            1.00000     0.00000       0.00  %   10000     
1.042007e+06      0.00            0.00            1.00000     0.00000       0.00  %   10000     
1.042204e+06      0.00            0.00            1.00000     0.00000       0.00  %   10000     
1.042382e+06      0.00            0.00            1.00000     0.00000       0.00  %   10000     
1.042500e+06      0.00            0.00            1.00000     0.00000       0.00  %   10000     
1.042758e+06      0.00            0.00            1.00000     0.00000       0.00  %   10000     
1.042880e+06      0.00            0.00            1.00000     0.00000       0.00  %   10000     
1.043004e+06      0.00            0.00            1.00000     0.00000       0.00  %   10000     
1.043399e+06      0.00            0.00            1.00000     0.00000       0.00  %   10000     
1.043577e+06      0.00            0.00            1.00000     0.00000       0.00  %   10000     
1.043794e+06      0.00            0.00            1.00000     0.00000       0.00  %   10000     
1.044071e+06      0.00            0.00            1.00000     0.00000       0.00  %   10000     
1.044466e+06      0.00            0.00            1.00000     0.00000       0.00  %   10000     
1.045118e+06      0.00            0.00            1.00000     0.00000       0.00  %   10000     
1.046456e+06      0.00            0.00            1.00000     0.00000       0.00  %   10000     
1.047500e+06      0.00            0.00            1.00000     0.00000       0.00  %   10000     
1.051027e+06      0.00            0.00            1.00000     0.00000       0.00  %   10000     
1.051361e+06      0.00            0.00            1.00000     0.00000       0.00  %   10000     
1.065000e+06      0.00            0.00            1.00000     0.00000       0.00  %   10000     
1.070211e+06      0.00            0.00            1.00000     0.00000       0.00  %   10000     
1.074518e+06      0.00            0.00            1.00000     0.00000       0.00  %   10000     
1.083421e+06      0.00            0.00            1.00000     0.00000       0.00  %   10000     
1.083530e+06      0.00            0.00            1.00000     0.00000       0.00  %   10000     
1.084568e+06      0.00            0.00            1.00000     0.00000       0.00  %   10000     
1.084846e+06      0.00            0.00            1.00000     0.00000       0.00  %   10000     
1.084960e+06      0.00            0.00            1.00000     0.00000       0.00  %   10000     
1.085000e+06      0.00            0.00            1.00000     0.00000       0.00  %   10000     
1.085026e+06      0.00            0.00            1.00000     0.00000       0.00  %   10000     
1.085088e+06      0.00            0.00            1.00000     0.00000       0.00  %   10000     
1.085103e+06      0.00            0.00            1.00000     0.00000       0.00  %   10000     
1.085123e+06      0.00            0.00            1.00000     0.00000       0.00  %   10000     
1.085142e+06      0.00            0.00            1.00000     0.00000       0.00  %   10000     
1.085171e+06      0.00            0.00            1.00000     0.00000       0.00  %   10000     
1.085212e+06      0.00            0.00            1.00000     0.00000       0.00  %   10000     
1.085242e+06      0.00            0.00            1.00000     0.00000       0.00  %   10000     
1.085276e+06      0.00            0.00            1.00000     0.00000       0.00  %   10000     
1.085495e+06      0.00            0.00            1.00000     0.00000       0.00  %   10000     
1.085914e+06      0.00            0.00            1.00000     0.00000       0.00  %   10000     
1.087797e+06      0.00            0.00            1.00000     0.00000       0.00  %   10000     
1.097887e+06      0.00            0.00            1.00000     0.00000       0.00  %   10000     
1.098264e+06      0.00            0.00            1.00000     0.00000       0.00  %   10000     
1.098326e+06      0.00            0.00            1.00000     0.00000       0.00  %   10000     
1.098415e+06      0.00            0.00            1.00000     0.00000       0.00  %   10000     
1.098427e+06      0.00            0.00            1.00000     0.00000       0.00  %   10000     
1.098466e+06      0.00            0.00            1.00000     0.00000       0.00  %   10000     
1.098531e+06      0.00            0.00            1.00000     0.00000       0.00  %   10000     
1.098599e+06      0.00            0.00            1.00000     0.00000       0.00  %   10000     
1.098877e+06      0.00            0.00            1.00000     0.00000       0.00  %   10000     
1.106000e+06      0.00            0.00            1.00000     0.00000       0.00  %   10000     
1.110000e+06      0.00            0.00            1.00000     0.00000       0.00  %   10000     
1.113033e+06      0.00            0.00            1.00000     0.00000       0.00  %   10000     
1.115814e+06      0.00            0.00            1.00000     0.00000       0.00  %   10000     
1.117350e+06      0.00            0.00            1.00000     0.00000       0.00  %   10000     
1.118522e+06      0.00            0.00            1.00000     0.00000       0.00  %   10000     
1.120275e+06      0.00            0.00            1.00000     0.00000       0.00  %   10000     
1.120682e+06      0.00            0.00            1.00000     0.00000       0.00  %   10000     
1.121402e+06      0.00            0.00            1.00000     0.00000       0.00  %   10000     
1.123452e+06      0.00            0.00            1.00000     0.00000       0.00  %   10000     
1.124917e+06      0.00            0.00            1.00000     0.00000       0.00  %   10000     
1.127162e+06      0.00            0.00            1.00000     0.00000       0.00  %   10000     
1.127167e+06      0.00            0.00            1.00000     0.00000       0.00  %   10000     
1.131752e+06      0.00            0.00            1.00000     0.00000       0.00  %   10000     
1.139343e+06      0.00            0.00            1.00000     0.00000       0.00  %   10000     
1.141000e+06      0.00            0.00            1.00000     0.00000       0.00  %   10000     
1.145000e+06      0.00            0.00            1.00000     0.00000       0.00  %   10000     
1.147502e+06      0.00            0.00            1.00000     0.00000       0.00  %   10000     
1.148657e+06      0.00            0.00            1.00000     0.00000       0.00  %   10000     
1.148854e+06      0.00            0.00            1.00000     0.00000       0.00  %   10000     
1.148891e+06      0.00            0.00            1.00000     0.00000       0.00  %   10000     
1.148917e+06      0.00            0.00            1.00000     0.00000       0.00  %   10000     
1.148944e+06      0.00            0.00            1.00000     0.00000       0.00  %   10000     
1.148983e+06      0.00            0.00            1.00000     0.00000       0.00  %   10000     
1.149004e+06      0.00            0.00            1.00000     0.00000       0.00  %   10000     
1.149026e+06      0.00            0.00            1.00000     0.00000       0.00  %   10000     
1.149085e+06      0.00            0.00            1.00000     0.00000       0.00  %   10000     
1.149111e+06      0.00            0.00            1.00000     0.00000       0.00  %   10000     
1.149144e+06      0.00            0.00            1.00000     0.00000       0.00  %   10000     
1.149250e+06      0.00            0.00            1.00000     0.00000       0.00  %   10000     
1.153176e+06      0.00            0.00            1.00000     0.00000       0.00  %   10000     
1.154864e+06      0.00            0.00            1.00000     0.00000       0.00  %   10000     
1.157317e+06      0.00            0.00            1.00000     0.00000       0.00  %   10000     
1.158000e+06      0.00            0.00            1.00000     0.00000       0.00  %   10000     
1.158801e+06      0.00            0.00            1.00000     0.00000       0.00  %   10000     
1.159828e+06      0.00            0.00            1.00000     0.00000       0.00  %   10000     
1.161197e+06      0.00            0.00            1.00000     0.00000       0.00  %   10000     
1.161482e+06      0.00            0.00            1.00000     0.00000       0.00  %   10000     
1.161596e+06      0.00            0.00            1.00000     0.00000       0.00  %   10000     
1.161767e+06      0.00            0.00            1.00000     0.00000       0.00  %   10000     
1.161938e+06      0.00            0.00            1.00000     0.00000       0.00  %   10000     
1.162110e+06      0.00            0.00            1.00000     0.00000       0.00  %   10000     
1.162306e+06      0.00            0.00            1.00000     0.00000       0.00  %   10000     
1.162562e+06      0.00            0.00            1.00000     0.00000       0.00  %   10000     
1.163108e+06      0.00            0.00            1.00000     0.00000       0.00  %   10000     
1.163450e+06      0.00            0.00            1.00000     0.00000       0.00  %   10000     
1.163850e+06      0.00            0.00            1.00000     0.00000       0.00  %   10000     
1.163918e+06      0.00            0.00            1.00000     0.00000       0.00  %   10000     
1.164420e+06      0.00            0.00            1.00000     0.00000       0.00  %   10000     
1.164556e+06      0.00            0.00            1.00000     0.00000       0.00  %   10000     
1.169498e+06      0.00            0.00            1.00000     0.00000       0.00  %   10000     
1.169511e+06      0.00            0.00            1.00000     0.00000       0.00  %   10000     
1.169826e+06      0.00            0.00            1.00000     0.00000       0.00  %   10000     
1.170000e+06      0.00            0.00            1.00000     0.00000       0.00  %   10000     
1.172825e+06      0.00            0.00            1.00000     0.00000       0.00  %   10000     
1.175074e+06      0.00            0.00            1.00000     0.00000       0.00  %   10000     
1.175469e+06      0.00            0.00            1.00000     0.00000       0.00  %   10000     
1.176015e+06      0.00            0.00            1.00000     0.00000       0.00  %   10000     
1.176731e+06      0.00            0.00            1.00000     0.00000       0.00  %   10000     
1.178270e+06      0.00            0.00            1.00000     0.00000       0.00  %   10000     
1.179217e+06      0.00            0.00            1.00000     0.00000       0.00  %   10000     
1.179631e+06      0.00            0.00            1.00000     0.00000       0.00  %   10000     
1.179927e+06      0.00            0.00            1.00000     0.00000       0.00  %   10000     
1.180000e+06      0.00            0.00            1.00000     0.00000       0.00  %   10000     
1.180116e+06      0.00            0.00            1.00000     0.00000       0.00  %   10000     
1.180164e+06      0.00            0.00            1.00000     0.00000       0.00  %   10000     
1.180400e+06      0.00            0.00            1.00000     0.00000       0.00  %   10000     
1.180637e+06      0.00            0.00            1.00000     0.00000       0.00  %   10000     
1.180780e+06      0.00            0.00            1.00000     0.00000       0.00  %   10000     
1.180874e+06      0.00            0.00            1.00000     0.00000       0.00  %   10000     
1.181111e+06      0.00            0.00            1.00000     0.00000       0.00  %   10000     
1.181377e+06      0.00            0.00            1.00000     0.00000       0.00  %   10000     
1.181684e+06      0.00            0.00            1.00000     0.00000       0.00  %   10000     
1.181776e+06      0.00            0.00            1.00000     0.00000       0.00  %   10000     
1.182148e+06      0.00            0.00            1.00000     0.00000       0.00  %   10000     
1.182606e+06      0.00            0.00            1.00000     0.00000       0.00  %   10000     
1.183182e+06      0.00            0.00            1.00000     0.00000       0.00  %   10000     
1.183733e+06      0.00            0.00            1.00000     0.00000       0.00  %   10000     
1.183774e+06      0.00            0.00            1.00000     0.00000       0.00  %   10000     
1.184484e+06      0.00            0.00            1.00000     0.00000       0.00  %   10000     
1.185431e+06      0.00            0.00            1.00000     0.00000       0.00  %   10000     
1.185511e+06      0.00            0.00            1.00000     0.00000       0.00  %   10000     
1.186615e+06      0.00            0.00            1.00000     0.00000       0.00  %   10000     
1.186974e+06      0.00            0.00            1.00000     0.00000       0.00  %   10000     
1.187004e+06      0.00            0.00            1.00000     0.00000       0.00  %   10000     
1.189262e+06      0.00            0.00            1.00000     0.00000       0.00  %   10000     
1.189733e+06      0.00            0.00            1.00000     0.00000       0.00  %   10000     
1.190000e+06      0.00            0.00            1.00000     0.00000       0.00  %   10000     
1.190410e+06      0.00            0.00            1.00000     0.00000       0.00  %   10000     
1.191735e+06      0.00            0.00            1.00000     0.00000       0.00  %   10000     
1.191960e+06      0.00            0.00            1.00000     0.00000       0.00  %   10000     
1.192065e+06      0.00            0.00            1.00000     0.00000       0.00  %   10000     
1.192163e+06      0.00            0.00            1.00000     0.00000       0.00  %   10000     
1.192266e+06      0.00            0.00            1.00000     0.00000       0.00  %   10000     
1.192320e+06      0.00            0.00            1.00000     0.00000       0.00  %   10000     
1.192452e+06      0.00            0.00            1.00000     0.00000       0.00  %   10000     
1.192493e+06      0.00            0.00            1.00000     0.00000       0.00  %   10000     
1.192662e+06      0.00            0.00            1.00000     0.00000       0.00  %   10000     
1.193008e+06      0.00            0.00            1.00000     0.00000       0.00  %   10000     
1.193948e+06      0.00            0.00            1.00000     0.00000       0.00  %   10000     
1.194135e+06      0.00            0.00            1.00000     0.00000       0.00  %   10000     
1.194945e+06      0.00            0.00            1.00000     0.00000       0.00  %   10000     
1.196500e+06      0.00            0.00            1.00000     0.00000       0.00  %   10000     
1.196938e+06      0.00            0.00            1.00000     0.00000       0.00  %   10000     
1.197575e+06      0.00            0.00            1.00000     0.00000       0.00  %   10000     
1.197705e+06      0.00            0.00            1.00000     0.00000       0.00  %   10000     
1.198318e+06      0.00            0.00            1.00000     0.00000       0.00  %   10000     
1.199545e+06      0.00            0.00            1.00000     0.00000       0.00  %   10000     
1.200171e+06      0.00            0.00            1.00000     0.00000       0.00  %   10000     
1.200609e+06      0.00            0.00            1.00000     0.00000       0.00  %   10000     
1.201051e+06      0.00            0.00            1.00000     0.00000       0.00  %   10000     
1.202008e+06      0.00            0.00            1.00000     0.00000       0.00  %   10000     
1.202635e+06      0.00            0.00            1.00000     0.00000       0.00  %   10000     
1.203250e+06      0.00            0.00            1.00000     0.00000       0.00  %   10000     
1.203334e+06      0.00            0.00            1.00000     0.00000       0.00  %   10000     
1.203471e+06      0.00            0.00            1.00000     0.00000       0.00  %   10000     
1.203540e+06      0.00            0.00            1.00000     0.00000       0.00  %   10000     
1.205925e+06      0.00            0.00            1.00000     0.00000       0.00  %   10000     
1.206899e+06      0.00            0.00            1.00000     0.00000       0.00  %   10000     
1.208366e+06      0.00            0.00            1.00000     0.00000       0.00  %   10000     
1.209964e+06      0.00            0.00            1.00000     0.00000       0.00  %   10000     
1.211028e+06      0.00            0.00            1.00000     0.00000       0.00  %   10000     
1.211453e+06      0.00            0.00            1.00000     0.00000       0.00  %   10000     
1.211500e+06      0.00            0.00            1.00000     0.00000       0.00  %   10000     
1.212680e+06      0.00            0.00            1.00000     0.00000       0.00  %   10000     
1.213874e+06      0.00            0.00            1.00000     0.00000       0.00  %   10000     
1.214792e+06      0.00            0.00            1.00000     0.00000       0.00  %   10000     
1.215618e+06      0.00            0.00            1.00000     0.00000       0.00  %   10000     
1.217270e+06      0.00            0.00            1.00000     0.00000       0.00  %   10000     
1.217841e+06      0.00            0.00            1.00000     0.00000       0.00  %   10000     
1.217850e+06      0.00            0.00            1.00000     0.00000       0.00  %   10000     
1.217972e+06      0.00            0.00            1.00000     0.00000       0.00  %   10000     
1.218418e+06      0.00            0.00            1.00000     0.00000       0.00  %   10000     
1.220000e+06      0.00            0.00            1.00000     0.00000       0.00  %   10000     
1.220162e+06      0.00            0.00            1.00000     0.00000       0.00  %   10000     
1.220988e+06      0.00            0.00            1.00000     0.00000       0.00  %   10000     
1.221998e+06      0.00            0.00            1.00000     0.00000       0.00  %   10000     
1.223283e+06      0.00            0.00            1.00000     0.00000       0.00  %   10000     
1.225119e+06      0.00            0.00            1.00000     0.00000       0.00  %   10000     
1.228056e+06      0.00            0.00            1.00000     0.00000       0.00  %   10000     
1.229083e+06      0.00            0.00            1.00000     0.00000       0.00  %   10000     
1.231714e+06      0.00            0.00            1.00000     0.00000       0.00  %   10000     
1.232000e+06      0.00            0.00            1.00000     0.00000       0.00  %   10000     
1.233053e+06      0.00            0.00            1.00000     0.00000       0.00  %   10000     
1.233356e+06      0.00            0.00            1.00000     0.00000       0.00  %   10000     
1.233541e+06      0.00            0.00            1.00000     0.00000       0.00  %   10000     
1.235236e+06      0.00            0.00            1.00000     0.00000       0.00  %   10000     
1.237023e+06      0.00            0.00            1.00000     0.00000       0.00  %   10000     
1.239472e+06      0.00            0.00            1.00000     0.00000       0.00  %   10000     
1.239966e+06      0.00            0.00            1.00000     0.00000       0.00  %   10000     
1.240819e+06      0.00            0.00            1.00000     0.00000       0.00  %   10000     
1.244069e+06      0.00            0.00            1.00000     0.00000       0.00  %   10000     
1.245000e+06      0.00            0.00            1.00000     0.00000       0.00  %   10000     
1.245124e+06      0.00            0.00            1.00000     0.00000       0.00  %   10000     
1.247743e+06      0.00            0.00            1.00000     0.00000       0.00  %   10000     
1.249612e+06      0.00            0.00            1.00000     0.00000       0.00  %   10000     
1.249825e+06      0.00            0.00            1.00000     0.00000       0.00  %   10000     
1.249875e+06      0.00            0.00            1.00000     0.00000       0.00  %   10000     
1.251314e+06      0.00            0.00            1.00000     0.00000       0.00  %   10000     
1.251657e+06      0.00            0.00            1.00000     0.00000       0.00  %   10000     
1.251889e+06      0.00            0.00            1.00000     0.00000       0.00  %   10000     
1.252689e+06      0.00            0.00            1.00000     0.00000       0.00  %   10000     
1.252976e+06      0.00            0.00            1.00000     0.00000       0.00  %   10000     
1.253696e+06      0.00            0.00            1.00000     0.00000       0.00  %   10000     
1.253720e+06      0.00            0.00            1.00000     0.00000       0.00  %   10000     
1.254272e+06      0.00            0.00            1.00000     0.00000       0.00  %   10000     
1.254752e+06      0.00            0.00            1.00000     0.00000       0.00  %   10000     
1.254848e+06      0.00            0.00            1.00000     0.00000       0.00  %   10000     
1.255892e+06      0.00            0.00            1.00000     0.00000       0.00  %   10000     
1.256324e+06      0.00            0.00            1.00000     0.00000       0.00  %   10000     
1.256451e+06      0.00            0.00            1.00000     0.00000       0.00  %   10000     
1.256468e+06      0.00            0.00            1.00000     0.00000       0.00  %   10000     
1.257008e+06      0.00            0.00            1.00000     0.00000       0.00  %   10000     
1.258162e+06      0.00            0.00            1.00000     0.00000       0.00  %   10000     
1.258640e+06      0.00            0.00            1.00000     0.00000       0.00  %   10000     
1.259698e+06      0.00            0.00            1.00000     0.00000       0.00  %   10000     
1.260000e+06      0.00            0.00            1.00000     0.00000       0.00  %   10000     
1.261108e+06      0.00            0.00            1.00000     0.00000       0.00  %   10000     
1.262058e+06      0.00            0.00            1.00000     0.00000       0.00  %   10000     
1.262825e+06      0.00            0.00            1.00000     0.00000       0.00  %   10000     
1.263144e+06      0.00            0.00            1.00000     0.00000       0.00  %   10000     
1.263255e+06      0.00            0.00            1.00000     0.00000       0.00  %   10000     
1.263554e+06      0.00            0.00            1.00000     0.00000       0.00  %   10000     
1.263779e+06      0.00            0.00            1.00000     0.00000       0.00  %   10000     
1.263966e+06      0.00            0.00            1.00000     0.00000       0.00  %   10000     
1.264172e+06      0.00            0.00            1.00000     0.00000       0.00  %   10000     
1.264359e+06      0.00            0.00            1.00000     0.00000       0.00  %   10000     
1.264477e+06      0.00            0.00            1.00000     0.00000       0.00  %   10000     
1.264593e+06      0.00            0.00            1.00000     0.00000       0.00  %   10000     
1.264817e+06      0.00            0.00            1.00000     0.00000       0.00  %   10000     
1.265004e+06      0.00            0.00            1.00000     0.00000       0.00  %   10000     
1.265173e+06      0.00            0.00            1.00000     0.00000       0.00  %   10000     
1.265378e+06      0.00            0.00            1.00000     0.00000       0.00  %   10000     
1.265659e+06      0.00            0.00            1.00000     0.00000       0.00  %   10000     
1.266070e+06      0.00            0.00            1.00000     0.00000       0.00  %   10000     
1.266819e+06      0.00            0.00            1.00000     0.00000       0.00  %   10000     
1.266904e+06      0.00            0.00            1.00000     0.00000       0.00  %   10000     
1.266968e+06      0.00            0.00            1.00000     0.00000       0.00  %   10000     
1.268891e+06      0.00            0.00            1.00000     0.00000       0.00  %   10000     
1.270000e+06      0.00            0.00            1.00000     0.00000       0.00  %   10000     
1.270908e+06      0.00            0.00            1.00000     0.00000       0.00  %   10000     
1.272289e+06      0.00            0.00            1.00000     0.00000       0.00  %   10000     
1.272999e+06      0.00            0.00            1.00000     0.00000       0.00  %   10000     
1.273046e+06      0.00            0.00            1.00000     0.00000       0.00  %   10000     
1.273580e+06      0.00            0.00            1.00000     0.00000       0.00  %   10000     
1.274025e+06      0.00            0.00            1.00000     0.00000       0.00  %   10000     
1.274125e+06      0.00            0.00            1.00000     0.00000       0.00  %   10000     
1.274871e+06      0.00            0.00            1.00000     0.00000       0.00  %   10000     
1.275116e+06      0.00            0.00            1.00000     0.00000       0.00  %   10000     
1.275428e+06      0.00            0.00            1.00000     0.00000       0.00  %   10000     
1.276318e+06      0.00            0.00            1.00000     0.00000       0.00  %   10000     
1.276897e+06      0.00            0.00            1.00000     0.00000       0.00  %   10000     
1.277500e+06      0.00            0.00            1.00000     0.00000       0.00  %   10000     
1.277654e+06      0.00            0.00            1.00000     0.00000       0.00  %   10000     
1.278856e+06      0.00            0.00            1.00000     0.00000       0.00  %   10000     
1.281215e+06      0.00            0.00            1.00000     0.00000       0.00  %   10000     
1.283313e+06      0.00            0.00            1.00000     0.00000       0.00  %   10000     
1.285000e+06      0.00            0.00            1.00000     0.00000       0.00  %   10000     
1.287949e+06      0.00            0.00            1.00000     0.00000       0.00  %   10000     
1.291250e+06      0.00            0.00            1.00000     0.00000       0.00  %   10000     
1.298750e+06      0.00            0.00            1.00000     0.00000       0.00  %   10000     
1.299912e+06      0.00            0.00            1.00000     0.00000       0.00  %   10000     
1.299926e+06      0.00            0.00            1.00000     0.00000       0.00  %   10000     
1.300135e+06      0.00            0.00            1.00000     0.00000       0.00  %   10000     
1.301070e+06      0.00            0.00            1.00000     0.00000       0.00  %   10000     
1.301404e+06      0.00            0.00            1.00000     0.00000       0.00  %   10000     
1.301568e+06      0.00            0.00            1.00000     0.00000       0.00  %   10000     
1.301672e+06      0.00            0.00            1.00000     0.00000       0.00  %   10000     
1.301746e+06      0.00            0.00            1.00000     0.00000       0.00  %   10000     
1.301807e+06      0.00            0.00            1.00000     0.00000       0.00  %   10000     
1.301862e+06      0.00            0.00            1.00000     0.00000       0.00  %   10000     
1.301984e+06      0.00            0.00            1.00000     0.00000       0.00  %   10000     
1.302030e+06      0.00            0.00            1.00000     0.00000       0.00  %   10000     
1.302038e+06      0.00            0.00            1.00000     0.00000       0.00  %   10000     
1.302079e+06      0.00            0.00            1.00000     0.00000       0.00  %   10000     
1.302146e+06      0.00            0.00            1.00000     0.00000       0.00  %   10000     
1.302226e+06      0.00            0.00            1.00000     0.00000       0.00  %   10000     
1.302293e+06      0.00            0.00            1.00000     0.00000       0.00  %   10000     
1.302366e+06      0.00            0.00            1.00000     0.00000       0.00  %   10000     
1.302464e+06      0.00            0.00            1.00000     0.00000       0.00  %   10000     
1.302611e+06      0.00            0.00            1.00000     0.00000       0.00  %   10000     
1.302861e+06      0.00            0.00            1.00000     0.00000       0.00  %   10000     
1.303385e+06      0.00            0.00            1.00000     0.00000       0.00  %   10000     
1.305102e+06      0.00            0.00            1.00000     0.00000       0.00  %   10000     
1.306500e+06      0.00            0.00            1.00000     0.00000       0.00  %   10000     
1.307000e+06      0.00            0.00            1.00000     0.00000       0.00  %   10000     
1.309534e+06      0.00            0.00            1.00000     0.00000       0.00  %   10000     
1.310068e+06      0.00            0.00            1.00000     0.00000       0.00  %   10000     
1.310272e+06      0.00            0.00            1.00000     0.00000       0.00  %   10000     
1.310394e+06      0.00            0.00            1.00000     0.00000       0.00  %   10000     
1.310476e+06      0.00            0.00            1.00000     0.00000       0.00  %   10000     
1.310537e+06      0.00            0.00            1.00000     0.00000       0.00  %   10000     
1.310591e+06      0.00            0.00            1.00000     0.00000       0.00  %   10000     
1.310646e+06      0.00            0.00            1.00000     0.00000       0.00  %   10000     
1.310757e+06      0.00            0.00            1.00000     0.00000       0.00  %   10000     
1.310803e+06      0.00            0.00            1.00000     0.00000       0.00  %   10000     
1.310812e+06      0.00            0.00            1.00000     0.00000       0.00  %   10000     
1.310860e+06      0.00            0.00            1.00000     0.00000       0.00  %   10000     
1.310948e+06      0.00            0.00            1.00000     0.00000       0.00  %   10000     
1.311030e+06      0.00            0.00            1.00000     0.00000       0.00  %   10000     
1.311112e+06      0.00            0.00            1.00000     0.00000       0.00  %   10000     
1.311207e+06      0.00            0.00            1.00000     0.00000       0.00  %   10000     
1.311336e+06      0.00            0.00            1.00000     0.00000       0.00  %   10000     
1.311533e+06      0.00            0.00            1.00000     0.00000       0.00  %   10000     
1.311872e+06      0.00            0.00            1.00000     0.00000       0.00  %   10000     
1.312000e+06      0.00            0.00            1.00000     0.00000       0.00  %   10000     
1.312569e+06      0.00            0.00            1.00000     0.00000       0.00  %   10000     
1.313000e+06      0.00            0.00            1.00000     0.00000       0.00  %   10000     
1.314559e+06      0.00            0.00            1.00000     0.00000       0.00  %   10000     
1.318000e+06      0.00            0.00            1.00000     0.00000       0.00  %   10000     
1.320571e+06      0.00            0.00            1.00000     0.00000       0.00  %   10000     
1.321331e+06      0.00            0.00            1.00000     0.00000       0.00  %   10000     
1.326418e+06      0.00            0.00            1.00000     0.00000       0.00  %   10000     
1.328823e+06      0.00            0.00            1.00000     0.00000       0.00  %   10000     
1.330303e+06      0.00            0.00            1.00000     0.00000       0.00  %   10000     
1.331413e+06      0.00            0.00            1.00000     0.00000       0.00  %   10000     
1.332338e+06      0.00            0.00            1.00000     0.00000       0.00  %   10000     
1.333750e+06      0.00            0.00            1.00000     0.00000       0.00  %   10000     
1.333959e+06      0.00            0.00            1.00000     0.00000       0.00  %   10000     
1.334419e+06      0.00            0.00            1.00000     0.00000       0.00  %   10000     
1.334974e+06      0.00            0.00            1.00000     0.00000       0.00  %   10000     
1.336731e+06      0.00            0.00            1.00000     0.00000       0.00  %   10000     
1.337683e+06      0.00            0.00            1.00000     0.00000       0.00  %   10000     
1.338000e+06      0.00            0.00            1.00000     0.00000       0.00  %   10000     
1.338858e+06      0.00            0.00            1.00000     0.00000       0.00  %   10000     
1.340000e+06      0.00            0.00            1.00000     0.00000       0.00  %   10000     
1.340543e+06      0.00            0.00            1.00000     0.00000       0.00  %   10000     
1.342488e+06      0.00            0.00            1.00000     0.00000       0.00  %   10000     
1.344981e+06      0.00            0.00            1.00000     0.00000       0.00  %   10000     
1.347090e+06      0.00            0.00            1.00000     0.00000       0.00  %   10000     
1.347500e+06      0.00            0.00            1.00000     0.00000       0.00  %   10000     
1.348908e+06      0.00            0.00            1.00000     0.00000       0.00  %   10000     
1.350443e+06      0.00            0.00            1.00000     0.00000       0.00  %   10000     
1.352073e+06      0.00            0.00            1.00000     0.00000       0.00  %   10000     
1.355493e+06      0.00            0.00            1.00000     0.00000       0.00  %   10000     
1.356924e+06      0.00            0.00            1.00000     0.00000       0.00  %   10000     
1.357375e+06      0.00            0.00            1.00000     0.00000       0.00  %   10000     
1.359093e+06      0.00            0.00            1.00000     0.00000       0.00  %   10000     
1.360000e+06      0.00            0.00            1.00000     0.00000       0.00  %   10000     
1.364247e+06      0.00            0.00            1.00000     0.00000       0.00  %   10000     
1.367192e+06      0.00            0.00            1.00000     0.00000       0.00  %   10000     
1.370000e+06      0.00            0.00            1.00000     0.00000       0.00  %   10000     
1.370628e+06      0.00            0.00            1.00000     0.00000       0.00  %   10000     
1.371943e+06      0.00            0.00            1.00000     0.00000       0.00  %   10000     
1.375000e+06      0.00            0.00            1.00000     0.00000       0.00  %   10000     
1.375767e+06      0.00            0.00            1.00000     0.00000       0.00  %   10000     
1.376500e+06      0.00            0.00            1.00000     0.00000       0.00  %   10000     
1.378191e+06      0.00            0.00            1.00000     0.00000       0.00  %   10000     
1.379621e+06      0.00            0.00            1.00000     0.00000       0.00  %   10000     
1.379831e+06      0.00            0.00            1.00000     0.00000       0.00  %   10000     
1.379901e+06      0.00            0.00            1.00000     0.00000       0.00  %   10000     
1.379940e+06      0.00            0.00            1.00000     0.00000       0.00  %   10000     
1.379972e+06      0.00            0.00            1.00000     0.00000       0.00  %   10000     
1.380010e+06      0.00            0.00            1.00000     0.00000       0.00  %   10000     
1.380049e+06      0.00            0.00            1.00000     0.00000       0.00  %   10000     
1.380074e+06      0.00            0.00            1.00000     0.00000       0.00  %   10000     
1.380099e+06      0.00            0.00            1.00000     0.00000       0.00  %   10000     
1.380134e+06      0.00            0.00            1.00000     0.00000       0.00  %   10000     
1.380172e+06      0.00            0.00            1.00000     0.00000       0.00  %   10000     
1.380200e+06      0.00            0.00            1.00000     0.00000       0.00  %   10000     
1.380233e+06      0.00            0.00            1.00000     0.00000       0.00  %   10000     
1.380284e+06      0.00            0.00            1.00000     0.00000       0.00  %   10000     
1.380442e+06      0.00            0.00            1.00000     0.00000       0.00  %   10000     
1.381375e+06      0.00            0.00            1.00000     0.00000       0.00  %   10000     
1.383000e+06      0.00            0.00            1.00000     0.00000       0.00  %   10000     
1.383695e+06      0.00            0.00            1.00000     0.00000       0.00  %   10000     
1.385000e+06      0.00            0.00            1.00000     0.00000       0.00  %   10000     
1.385689e+06      0.00            0.00            1.00000     0.00000       0.00  %   10000     
1.386400e+06      0.00            0.00            1.00000     0.00000       0.00  %   10000     
1.388600e+06      0.00            0.00            1.00000     0.00000       0.00  %   10000     
1.388900e+06      0.00            0.00            1.00000     0.00000       0.00  %   10000     
1.389600e+06      0.00            0.00            1.00000     0.00000       0.00  %   10000     
1.390439e+06      0.00            0.00            1.00000     0.00000       0.00  %   10000     
1.391400e+06      0.00            0.00            1.00000     0.00000       0.00  %   10000     
1.393000e+06      0.00            0.00            1.00000     0.00000       0.00  %   10000     
1.395000e+06      0.00            0.00            1.00000     0.00000       0.00  %   10000     
1.398016e+06      0.00            0.00            1.00000     0.00000       0.00  %   10000     
1.398299e+06      0.00            0.00            1.00000     0.00000       0.00  %   10000     
1.399368e+06      0.00            0.00            1.00000     0.00000       0.00  %   10000     
1.399872e+06      0.00            0.00            1.00000     0.00000       0.00  %   10000     
1.400000e+06      0.00            0.00            1.00000     0.00000       0.00  %   10000     
1.400174e+06      0.00            0.00            1.00000     0.00000       0.00  %   10000     
1.400360e+06      0.00            0.00            1.00000     0.00000       0.00  %   10000     
1.400396e+06      0.00            0.00            1.00000     0.00000       0.00  %   10000     
1.400618e+06      0.00            0.00            1.00000     0.00000       0.00  %   10000     
1.400880e+06      0.00            0.00            1.00000     0.00000       0.00  %   10000     
1.400989e+06      0.00            0.00            1.00000     0.00000       0.00  %   10000     
1.401132e+06      0.00            0.00            1.00000     0.00000       0.00  %   10000     
1.401536e+06      0.00            0.00            1.00000     0.00000       0.00  %   10000     
1.401778e+06      0.00            0.00            1.00000     0.00000       0.00  %   10000     
1.402100e+06      0.00            0.00            1.00000     0.00000       0.00  %   10000     
1.402604e+06      0.00            0.00            1.00000     0.00000       0.00  %   10000     
1.402898e+06      0.00            0.00            1.00000     0.00000       0.00  %   10000     
1.403552e+06      0.00            0.00            1.00000     0.00000       0.00  %   10000     
1.404284e+06      0.00            0.00            1.00000     0.00000       0.00  %   10000     
1.405224e+06      0.00            0.00            1.00000     0.00000       0.00  %   10000     
1.405964e+06      0.00            0.00            1.00000     0.00000       0.00  %   10000     
1.406200e+06      0.00            0.00            1.00000     0.00000       0.00  %   10000     
1.406704e+06      0.00            0.00            1.00000     0.00000       0.00  %   10000     
1.407762e+06      0.00            0.00            1.00000     0.00000       0.00  %   10000     
1.408599e+06      0.00            0.00            1.00000     0.00000       0.00  %   10000     
1.409189e+06      0.00            0.00            1.00000     0.00000       0.00  %   10000     
1.409400e+06      0.00            0.00            1.00000     0.00000       0.00  %   10000     
1.409766e+06      0.00            0.00            1.00000     0.00000       0.00  %   10000     
1.410246e+06      0.00            0.00            1.00000     0.00000       0.00  %   10000     
1.411283e+06      0.00            0.00            1.00000     0.00000       0.00  %   10000     
1.411492e+06      0.00            0.00            1.00000     0.00000       0.00  %   10000     
1.411626e+06      0.00            0.00            1.00000     0.00000       0.00  %   10000     
1.411726e+06      0.00            0.00            1.00000     0.00000       0.00  %   10000     
1.411814e+06      0.00            0.00            1.00000     0.00000       0.00  %   10000     
1.411907e+06      0.00            0.00            1.00000     0.00000       0.00  %   10000     
1.412072e+06      0.00            0.00            1.00000     0.00000       0.00  %   10000     
1.412157e+06      0.00            0.00            1.00000     0.00000       0.00  %   10000     
1.412208e+06      0.00            0.00            1.00000     0.00000       0.00  %   10000     
1.412342e+06      0.00            0.00            1.00000     0.00000       0.00  %   10000     
1.412467e+06      0.00            0.00            1.00000     0.00000       0.00  %   10000     
1.412636e+06      0.00            0.00            1.00000     0.00000       0.00  %   10000     
1.412904e+06      0.00            0.00            1.00000     0.00000       0.00  %   10000     
1.413292e+06      0.00            0.00            1.00000     0.00000       0.00  %   10000     
1.413934e+06      0.00            0.00            1.00000     0.00000       0.00  %   10000     
1.414159e+06      0.00            0.00            1.00000     0.00000       0.00  %   10000     
1.415202e+06      0.00            0.00            1.00000     0.00000       0.00  %   10000     
1.416485e+06      0.00            0.00            1.00000     0.00000       0.00  %   10000     
1.418234e+06      0.00            0.00            1.00000     0.00000       0.00  %   10000     
1.420000e+06      0.00            0.00            1.00000     0.00000       0.00  %   10000     
1.420080e+06      0.00            0.00            1.00000     0.00000       0.00  %   10000     
1.425500e+06      0.00            0.00            1.00000     0.00000       0.00  %   10000     
1.426239e+06      0.00            0.00            1.00000     0.00000       0.00  %   10000     
1.426606e+06      0.00            0.00            1.00000     0.00000       0.00  %   10000     
1.430000e+06      0.00            0.00            1.00000     0.00000       0.00  %   10000     
1.439192e+06      0.00            0.00            1.00000     0.00000       0.00  %   10000     
1.445211e+06      0.00            0.00            1.00000     0.00000       0.00  %   10000     
1.459928e+06      0.00            0.00            1.00000     0.00000       0.00  %   10000     
1.460500e+06      0.00            0.00            1.00000     0.00000       0.00  %   10000     
1.469862e+06      0.00            0.00            1.00000     0.00000       0.00  %   10000     
1.473535e+06      0.00            0.00            1.00000     0.00000       0.00  %   10000     
1.475484e+06      0.00            0.00            1.00000     0.00000       0.00  %   10000     
1.476684e+06      0.00            0.00            1.00000     0.00000       0.00  %   10000     
1.477583e+06      0.00            0.00            1.00000     0.00000       0.00  %   10000     
1.478408e+06      0.00            0.00            1.00000     0.00000       0.00  %   10000     
1.479607e+06      0.00            0.00            1.00000     0.00000       0.00  %   10000     
1.480013e+06      0.00            0.00            1.00000     0.00000       0.00  %   10000     
1.480469e+06      0.00            0.00            1.00000     0.00000       0.00  %   10000     
1.481956e+06      0.00            0.00            1.00000     0.00000       0.00  %   10000     
1.482640e+06      0.00            0.00            1.00000     0.00000       0.00  %   10000     
1.483531e+06      0.00            0.00            1.00000     0.00000       0.00  %   10000     
1.484704e+06      0.00            0.00            1.00000     0.00000       0.00  %   10000     
1.486625e+06      0.00            0.00            1.00000     0.00000       0.00  %   10000     
1.487572e+06      0.00            0.00            1.00000     0.00000       0.00  %   10000     
1.490599e+06      0.00            0.00            1.00000     0.00000       0.00  %   10000     
1.495000e+06      0.00            0.00            1.00000     0.00000       0.00  %   10000     
1.500000e+06      0.00            0.00            1.00000     0.00000       0.00  %   10000     
1.504600e+06      0.00            0.00            1.00000     0.00000       0.00  %   10000     
1.508967e+06      0.00            0.00            1.00000     0.00000       0.00  %   10000     
1.511589e+06      0.00            0.00            1.00000     0.00000       0.00  %   10000     
1.511855e+06      0.00            0.00            1.00000     0.00000       0.00  %   10000     
1.511954e+06      0.00            0.00            1.00000     0.00000       0.00  %   10000     
1.512007e+06      0.00            0.00            1.00000     0.00000       0.00  %   10000     
1.512042e+06      0.00            0.00            1.00000     0.00000       0.00  %   10000     
1.512073e+06      0.00            0.00            1.00000     0.00000       0.00  %   10000     
1.512109e+06      0.00            0.00            1.00000     0.00000       0.00  %   10000     
1.512160e+06      0.00            0.00            1.00000     0.00000       0.00  %   10000     
1.512187e+06      0.00            0.00            1.00000     0.00000       0.00  %   10000     
1.512194e+06      0.00            0.00            1.00000     0.00000       0.00  %   10000     
1.512220e+06      0.00            0.00            1.00000     0.00000       0.00  %   10000     
1.512255e+06      0.00            0.00            1.00000     0.00000       0.00  %   10000     
1.512302e+06      0.00            0.00            1.00000     0.00000       0.00  %   10000     
1.512333e+06      0.00            0.00            1.00000     0.00000       0.00  %   10000     
1.512367e+06      0.00            0.00            1.00000     0.00000       0.00  %   10000     
1.512412e+06      0.00            0.00            1.00000     0.00000       0.00  %   10000     
1.512490e+06      0.00            0.00            1.00000     0.00000       0.00  %   10000     
1.512671e+06      0.00            0.00            1.00000     0.00000       0.00  %   10000     
1.513417e+06      0.00            0.00            1.00000     0.00000       0.00  %   10000     
1.514688e+06      0.00            0.00            1.00000     0.00000       0.00  %   10000     
1.516500e+06      0.00            0.00            1.00000     0.00000       0.00  %   10000     
1.521523e+06      0.00            0.00            1.00000     0.00000       0.00  %   10000     
1.524083e+06      0.00            0.00            1.00000     0.00000       0.00  %   10000     
1.525421e+06      0.00            0.00            1.00000     0.00000       0.00  %   10000     
1.526294e+06      0.00            0.00            1.00000     0.00000       0.00  %   10000     
1.526934e+06      0.00            0.00            1.00000     0.00000       0.00  %   10000     
1.527515e+06      0.00            0.00            1.00000     0.00000       0.00  %   10000     
1.528504e+06      0.00            0.00            1.00000     0.00000       0.00  %   10000     
1.528822e+06      0.00            0.00            1.00000     0.00000       0.00  %   10000     
1.529173e+06      0.00            0.00            1.00000     0.00000       0.00  %   10000     
1.530337e+06      0.00            0.00            1.00000     0.00000       0.00  %   10000     
1.530976e+06      0.00            0.00            1.00000     0.00000       0.00  %   10000     
1.531733e+06      0.00            0.00            1.00000     0.00000       0.00  %   10000     
1.532838e+06      0.00            0.00            1.00000     0.00000       0.00  %   10000     
1.534700e+06      0.00            0.00            1.00000     0.00000       0.00  %   10000     
1.538612e+06      0.00            0.00            1.00000     0.00000       0.00  %   10000     
1.552803e+06      0.00            0.00            1.00000     0.00000       0.00  %   10000     
1.555726e+06      0.00            0.00            1.00000     0.00000       0.00  %   10000     
1.564750e+06      0.00            0.00            1.00000     0.00000       0.00  %   10000     
1.568500e+06      0.00            0.00            1.00000     0.00000       0.00  %   10000     
1.572738e+06      0.00            0.00            1.00000     0.00000       0.00  %   10000     
1.576799e+06      0.00            0.00            1.00000     0.00000       0.00  %   10000     
1.578355e+06      0.00            0.00            1.00000     0.00000       0.00  %   10000     
1.579145e+06      0.00            0.00            1.00000     0.00000       0.00  %   10000     
1.579610e+06      0.00            0.00            1.00000     0.00000       0.00  %   10000     
1.579958e+06      0.00            0.00            1.00000     0.00000       0.00  %   10000     
1.580237e+06      0.00            0.00            1.00000     0.00000       0.00  %   10000     
1.580645e+06      0.00            0.00            1.00000     0.00000       0.00  %   10000     
1.580758e+06      0.00            0.00            1.00000     0.00000       0.00  %   10000     
1.580899e+06      0.00            0.00            1.00000     0.00000       0.00  %   10000     
1.581131e+06      0.00            0.00            1.00000     0.00000       0.00  %   10000     
1.581364e+06      0.00            0.00            1.00000     0.00000       0.00  %   10000     
1.581573e+06      0.00            0.00            1.00000     0.00000       0.00  %   10000     
1.581828e+06      0.00            0.00            1.00000     0.00000       0.00  %   10000     
1.582177e+06      0.00            0.00            1.00000     0.00000       0.00  %   10000     
1.582757e+06      0.00            0.00            1.00000     0.00000       0.00  %   10000     
1.583710e+06      0.00            0.00            1.00000     0.00000       0.00  %   10000     
1.586004e+06      0.00            0.00            1.00000     0.00000       0.00  %   10000     
1.586875e+06      0.00            0.00            1.00000     0.00000       0.00  %   10000     
1.587161e+06      0.00            0.00            1.00000     0.00000       0.00  %   10000     
1.587280e+06      0.00            0.00            1.00000     0.00000       0.00  %   10000     
1.587342e+06      0.00            0.00            1.00000     0.00000       0.00  %   10000     
1.587389e+06      0.00            0.00            1.00000     0.00000       0.00  %   10000     
1.587456e+06      0.00            0.00            1.00000     0.00000       0.00  %   10000     
1.587477e+06      0.00            0.00            1.00000     0.00000       0.00  %   10000     
1.587505e+06      0.00            0.00            1.00000     0.00000       0.00  %   10000     
1.587535e+06      0.00            0.00            1.00000     0.00000       0.00  %   10000     
1.587584e+06      0.00            0.00            1.00000     0.00000       0.00  %   10000     
1.587609e+06      0.00            0.00            1.00000     0.00000       0.00  %   10000     
1.587635e+06      0.00            0.00            1.00000     0.00000       0.00  %   10000     
1.587669e+06      0.00            0.00            1.00000     0.00000       0.00  %   10000     
1.587681e+06      0.00            0.00            1.00000     0.00000       0.00  %   10000     
1.587978e+06      0.00            0.00            1.00000     0.00000       0.00  %   10000     
1.588732e+06      0.00            0.00            1.00000     0.00000       0.00  %   10000     
1.590496e+06      0.00            0.00            1.00000     0.00000       0.00  %   10000     
1.591723e+06      0.00            0.00            1.00000     0.00000       0.00  %   10000     
1.592838e+06      0.00            0.00            1.00000     0.00000       0.00  %   10000     
1.594890e+06      0.00            0.00            1.00000     0.00000       0.00  %   10000     
1.595791e+06      0.00            0.00            1.00000     0.00000       0.00  %   10000     
1.595978e+06      0.00            0.00            1.00000     0.00000       0.00  %   10000     
1.597000e+06      0.00            0.00            1.00000     0.00000       0.00  %   10000     
1.599490e+06      0.00            0.00            1.00000     0.00000       0.00  %   10000     
1.603273e+06      0.00            0.00            1.00000     0.00000       0.00  %   10000     
1.606116e+06      0.00            0.00            1.00000     0.00000       0.00  %   10000     
1.610224e+06      0.00            0.00            1.00000     0.00000       0.00  %   10000     
1.611417e+06      0.00            0.00            1.00000     0.00000       0.00  %   10000     
1.613000e+06      0.00            0.00            1.00000     0.00000       0.00  %   10000     
1.616000e+06      0.00            0.00            1.00000     0.00000       0.00  %   10000     
1.617513e+06      0.00            0.00            1.00000     0.00000       0.00  %   10000     
1.624026e+06      0.00            0.00            1.00000     0.00000       0.00  %   10000     
1.630329e+06      0.00            0.00            1.00000     0.00000       0.00  %   10000     
1.633000e+06      0.00            0.00            1.00000     0.00000       0.00  %   10000     
1.638000e+06      0.00            0.00            1.00000     0.00000       0.00  %   10000     
1.639106e+06      0.00            0.00            1.00000     0.00000       0.00  %   10000     
1.639401e+06      0.00            0.00            1.00000     0.00000       0.00  %   10000     
1.639978e+06      0.00            0.00            1.00000     0.00000       0.00  %   10000     
1.641232e+06      0.00            0.00            1.00000     0.00000       0.00  %   10000     
1.641500e+06      0.00            0.00            1.00000     0.00000       0.00  %   10000     
1.642008e+06      0.00            0.00            1.00000     0.00000       0.00  %   10000     
1.642566e+06      0.00            0.00            1.00000     0.00000       0.00  %   10000     
1.643052e+06      0.00            0.00            1.00000     0.00000       0.00  %   10000     
1.643500e+06      0.00            0.00            1.00000     0.00000       0.00  %   10000     
1.643722e+06      0.00            0.00            1.00000     0.00000       0.00  %   10000     
1.643958e+06      0.00            0.00            1.00000     0.00000       0.00  %   10000     
1.644145e+06      0.00            0.00            1.00000     0.00000       0.00  %   10000     
1.644332e+06      0.00            0.00            1.00000     0.00000       0.00  %   10000     
1.644505e+06      0.00            0.00            1.00000     0.00000       0.00  %   10000     
1.644713e+06      0.00            0.00            1.00000     0.00000       0.00  %   10000     
1.645000e+06      0.00            0.00            1.00000     0.00000       0.00  %   10000     
1.645091e+06      0.00            0.00            1.00000     0.00000       0.00  %   10000     
1.645964e+06      0.00            0.00            1.00000     0.00000       0.00  %   10000     
1.646250e+06      0.00            0.00            1.00000     0.00000       0.00  %   10000     
1.646676e+06      0.00            0.00            1.00000     0.00000       0.00  %   10000     
1.647000e+06      0.00            0.00            1.00000     0.00000       0.00  %   10000     
1.647625e+06      0.00            0.00            1.00000     0.00000       0.00  %   10000     
1.647683e+06      0.00            0.00            1.00000     0.00000       0.00  %   10000     
1.648125e+06      0.00            0.00            1.00000     0.00000       0.00  %   10000     
1.648750e+06      0.00            0.00            1.00000     0.00000       0.00  %   10000     
1.649146e+06      0.00            0.00            1.00000     0.00000       0.00  %   10000     
1.650000e+06      0.00            0.00            1.00000     0.00000       0.00  %   10000     
1.650500e+06      0.00            0.00            1.00000     0.00000       0.00  %   10000     
1.651000e+06      0.00            0.00            1.00000     0.00000       0.00  %   10000     
1.651095e+06      0.00            0.00            1.00000     0.00000       0.00  %   10000     
1.651875e+06      0.00            0.00            1.00000     0.00000       0.00  %   10000     
1.652625e+06      0.00            0.00            1.00000     0.00000       0.00  %   10000     
1.653125e+06      0.00            0.00            1.00000     0.00000       0.00  %   10000     
1.653750e+06      0.00            0.00            1.00000     0.00000       0.00  %   10000     
1.654098e+06      0.00            0.00            1.00000     0.00000       0.00  %   10000     
1.654250e+06      0.00            0.00            1.00000     0.00000       0.00  %   10000     
1.655000e+06      0.00            0.00            1.00000     0.00000       0.00  %   10000     
1.656000e+06      0.00            0.00            1.00000     0.00000       0.00  %   10000     
1.657500e+06      0.00            0.00            1.00000     0.00000       0.00  %   10000     
1.657547e+06      0.00            0.00            1.00000     0.00000       0.00  %   10000     
1.657978e+06      0.00            0.00            1.00000     0.00000       0.00  %   10000     
1.658690e+06      0.00            0.00            1.00000     0.00000       0.00  %   10000     
1.658871e+06      0.00            0.00            1.00000     0.00000       0.00  %   10000     
1.659500e+06      0.00            0.00            1.00000     0.00000       0.00  %   10000     
1.660949e+06      0.00            0.00            1.00000     0.00000       0.00  %   10000     
1.663000e+06      0.00            0.00            1.00000     0.00000       0.00  %   10000     
1.663963e+06      0.00            0.00            1.00000     0.00000       0.00  %   10000     
1.664289e+06      0.00            0.00            1.00000     0.00000       0.00  %   10000     
1.664584e+06      0.00            0.00            1.00000     0.00000       0.00  %   10000     
1.664708e+06      0.00            0.00            1.00000     0.00000       0.00  %   10000     
1.664792e+06      0.00            0.00            1.00000     0.00000       0.00  %   10000     
1.664927e+06      0.00            0.00            1.00000     0.00000       0.00  %   10000     
1.664968e+06      0.00            0.00            1.00000     0.00000       0.00  %   10000     
1.665031e+06      0.00            0.00            1.00000     0.00000       0.00  %   10000     
1.665178e+06      0.00            0.00            1.00000     0.00000       0.00  %   10000     
1.665301e+06      0.00            0.00            1.00000     0.00000       0.00  %   10000     
1.665526e+06      0.00            0.00            1.00000     0.00000       0.00  %   10000     
1.666149e+06      0.00            0.00            1.00000     0.00000       0.00  %   10000     
1.669114e+06      0.00            0.00            1.00000     0.00000       0.00  %   10000     
1.669500e+06      0.00            0.00            1.00000     0.00000       0.00  %   10000     
1.674516e+06      0.00            0.00            1.00000     0.00000       0.00  %   10000     
1.680899e+06      0.00            0.00            1.00000     0.00000       0.00  %   10000     
1.686000e+06      0.00            0.00            1.00000     0.00000       0.00  %   10000     
1.688000e+06      0.00            0.00            1.00000     0.00000       0.00  %   10000     
1.688165e+06      0.00            0.00            1.00000     0.00000       0.00  %   10000     
1.688850e+06      0.00            0.00            1.00000     0.00000       0.00  %   10000     
1.688950e+06      0.00            0.00            1.00000     0.00000       0.00  %   10000     
1.689030e+06      0.00            0.00            1.00000     0.00000       0.00  %   10000     
1.689100e+06      0.00            0.00            1.00000     0.00000       0.00  %   10000     
1.689150e+06      0.00            0.00            1.00000     0.00000       0.00  %   10000     
1.689200e+06      0.00            0.00            1.00000     0.00000       0.00  %   10000     
1.689290e+06      0.00            0.00            1.00000     0.00000       0.00  %   10000     
1.689330e+06      0.00            0.00            1.00000     0.00000       0.00  %   10000     
1.689340e+06      0.00            0.00            1.00000     0.00000       0.00  %   10000     
1.689380e+06      0.00            0.00            1.00000     0.00000       0.00  %   10000     
1.689430e+06      0.00            0.00            1.00000     0.00000       0.00  %   10000     
1.689500e+06      0.00            0.00            1.00000     0.00000       0.00  %   10000     
1.689540e+06      0.00            0.00            1.00000     0.00000       0.00  %   10000     
1.689590e+06      0.00            0.00            1.00000     0.00000       0.00  %   10000     
1.689650e+06      0.00            0.00            1.00000     0.00000       0.00  %   10000     
1.689750e+06      0.00            0.00            1.00000     0.00000       0.00  %   10000     
1.690000e+06      0.00            0.00            1.00000     0.00000       0.00  %   10000     
1.692000e+06      0.00            0.00            1.00000     0.00000       0.00  %   10000     
1.693000e+06      0.00            0.00            1.00000     0.00000       0.00  %   10000     
1.699300e+06      0.00            0.00            1.00000     0.00000       0.00  %   10000     
1.714954e+06      0.00            0.00            1.00000     0.00000       0.00  %   10000     
1.725375e+06      0.00            0.00            1.00000     0.00000       0.00  %   10000     
1.735000e+06      0.00            0.00            1.00000     0.00000       0.00  %   10000     
1.738939e+06      0.00            0.00            1.00000     0.00000       0.00  %   10000     
1.749897e+06      0.00            0.00            1.00000     0.00000       0.00  %   10000     
1.750094e+06      0.00            0.00            1.00000     0.00000       0.00  %   10000     
1.752340e+06      0.00            0.00            1.00000     0.00000       0.00  %   10000     
1.755530e+06      0.00            0.00            1.00000     0.00000       0.00  %   10000     
1.757130e+06      0.00            0.00            1.00000     0.00000       0.00  %   10000     
1.760340e+06      0.00            0.00            1.00000     0.00000       0.00  %   10000     
1.761940e+06      0.00            0.00            1.00000     0.00000       0.00  %   10000     
1.763550e+06      0.00            0.00            1.00000     0.00000       0.00  %   10000     
1.768390e+06      0.00            0.00            1.00000     0.00000       0.00  %   10000     
1.770010e+06      0.00            0.00            1.00000     0.00000       0.00  %   10000     
1.774870e+06      0.00            0.00            1.00000     0.00000       0.00  %   10000     
1.776500e+06      0.00            0.00            1.00000     0.00000       0.00  %   10000     
1.778120e+06      0.00            0.00            1.00000     0.00000       0.00  %   10000     
1.779750e+06      0.00            0.00            1.00000     0.00000       0.00  %   10000     
1.781390e+06      0.00            0.00            1.00000     0.00000       0.00  %   10000     
1.782248e+06      0.00            0.00            1.00000     0.00000       0.00  %   10000     
1.782690e+06      0.00            0.00            1.00000     0.00000       0.00  %   10000     
1.783020e+06      0.00            0.00            1.00000     0.00000       0.00  %   10000     
1.783680e+06      0.00            0.00            1.00000     0.00000       0.00  %   10000     
1.784165e+06      0.00            0.00            1.00000     0.00000       0.00  %   10000     
1.784330e+06      0.00            0.00            1.00000     0.00000       0.00  %   10000     
1.784660e+06      0.00            0.00            1.00000     0.00000       0.00  %   10000     
1.784990e+06      0.00            0.00            1.00000     0.00000       0.00  %   10000     
1.785480e+06      0.00            0.00            1.00000     0.00000       0.00  %   10000     
1.786135e+06      0.00            0.00            1.00000     0.00000       0.00  %   10000     
1.786465e+06      0.00            0.00            1.00000     0.00000       0.00  %   10000     
1.786950e+06      0.00            0.00            1.00000     0.00000       0.00  %   10000     
1.787280e+06      0.00            0.00            1.00000     0.00000       0.00  %   10000     
1.787610e+06      0.00            0.00            1.00000     0.00000       0.00  %   10000     
1.787940e+06      0.00            0.00            1.00000     0.00000       0.00  %   10000     
1.788600e+06      0.00            0.00            1.00000     0.00000       0.00  %   10000     
1.789580e+06      0.00            0.00            1.00000     0.00000       0.00  %   10000     
1.790694e+06      0.00            0.00            1.00000     0.00000       0.00  %   10000     
1.792550e+06      0.00            0.00            1.00000     0.00000       0.00  %   10000     
1.794035e+06      0.00            0.00            1.00000     0.00000       0.00  %   10000     
1.795520e+06      0.00            0.00            1.00000     0.00000       0.00  %   10000     
1.796510e+06      0.00            0.00            1.00000     0.00000       0.00  %   10000     
1.797510e+06      0.00            0.00            1.00000     0.00000       0.00  %   10000     
1.797812e+06      0.00            0.00            1.00000     0.00000       0.00  %   10000     
1.798500e+06      0.00            0.00            1.00000     0.00000       0.00  %   10000     
1.800490e+06      0.00            0.00            1.00000     0.00000       0.00  %   10000     
1.801490e+06      0.00            0.00            1.00000     0.00000       0.00  %   10000     
1.802320e+06      0.00            0.00            1.00000     0.00000       0.00  %   10000     
1.802820e+06      0.00            0.00            1.00000     0.00000       0.00  %   10000     
1.803150e+06      0.00            0.00            1.00000     0.00000       0.00  %   10000     
1.803480e+06      0.00            0.00            1.00000     0.00000       0.00  %   10000     
1.803820e+06      0.00            0.00            1.00000     0.00000       0.00  %   10000     
1.804150e+06      0.00            0.00            1.00000     0.00000       0.00  %   10000     
1.805150e+06      0.00            0.00            1.00000     0.00000       0.00  %   10000     
1.805480e+06      0.00            0.00            1.00000     0.00000       0.00  %   10000     
1.805820e+06      0.00            0.00            1.00000     0.00000       0.00  %   10000     
1.806480e+06      0.00            0.00            1.00000     0.00000       0.00  %   10000     
1.806902e+06      0.00            0.00            1.00000     0.00000       0.00  %   10000     
1.807232e+06      0.00            0.00            1.00000     0.00000       0.00  %   10000     
1.807480e+06      0.00            0.00            1.00000     0.00000       0.00  %   10000     
1.807985e+06      0.00            0.00            1.00000     0.00000       0.00  %   10000     
1.808235e+06      0.00            0.00            1.00000     0.00000       0.00  %   10000     
1.808490e+06      0.00            0.00            1.00000     0.00000       0.00  %   10000     
1.809368e+06      0.00            0.00            1.00000     0.00000       0.00  %   10000     
1.813340e+06      0.00            0.00            1.00000     0.00000       0.00  %   10000     
1.814000e+06      0.00            0.00            1.00000     0.00000       0.00  %   10000     
1.815360e+06      0.00            0.00            1.00000     0.00000       0.00  %   10000     
1.817380e+06      0.00            0.00            1.00000     0.00000       0.00  %   10000     
1.818720e+06      0.00            0.00            1.00000     0.00000       0.00  %   10000     
1.820070e+06      0.00            0.00            1.00000     0.00000       0.00  %   10000     
1.821000e+06      0.00            0.00            1.00000     0.00000       0.00  %   10000     
1.823455e+06      0.00            0.00            1.00000     0.00000       0.00  %   10000     
1.824000e+06      0.00            0.00            1.00000     0.00000       0.00  %   10000     
1.824805e+06      0.00            0.00            1.00000     0.00000       0.00  %   10000     
1.826000e+06      0.00            0.00            1.00000     0.00000       0.00  %   10000     
1.827010e+06      0.00            0.00            1.00000     0.00000       0.00  %   10000     
1.827250e+06      0.00            0.00            1.00000     0.00000       0.00  %   10000     
1.828250e+06      0.00            0.00            1.00000     0.00000       0.00  %   10000     
1.829250e+06      0.00            0.00            1.00000     0.00000       0.00  %   10000     
1.829899e+06      0.00            0.00            1.00000     0.00000       0.00  %   10000     
1.830250e+06      0.00            0.00            1.00000     0.00000       0.00  %   10000     
1.832000e+06      0.00            0.00            1.00000     0.00000       0.00  %   10000     
1.832110e+06      0.00            0.00            1.00000     0.00000       0.00  %   10000     
1.833150e+06      0.00            0.00            1.00000     0.00000       0.00  %   10000     
1.833196e+06      0.00            0.00            1.00000     0.00000       0.00  %   10000     
1.833300e+06      0.00            0.00            1.00000     0.00000       0.00  %   10000     
1.834150e+06      0.00            0.00            1.00000     0.00000       0.00  %   10000     
1.835080e+06      0.00            0.00            1.00000     0.00000       0.00  %   10000     
1.836392e+06      0.00            0.00            1.00000     0.00000       0.00  %   10000     
1.836725e+06      0.00            0.00            1.00000     0.00000       0.00  %   10000     
1.837000e+06      0.00            0.00            1.00000     0.00000       0.00  %   10000     
1.837704e+06      0.00            0.00            1.00000     0.00000       0.00  %   10000     
1.838500e+06      0.00            0.00            1.00000     0.00000       0.00  %   10000     
1.840066e+06      0.00            0.00            1.00000     0.00000       0.00  %   10000     
1.840500e+06      0.00            0.00            1.00000     0.00000       0.00  %   10000     
1.841230e+06      0.00            0.00            1.00000     0.00000       0.00  %   10000     
1.841450e+06      0.00            0.00            1.00000     0.00000       0.00  %   10000     
1.841865e+06      0.00            0.00            1.00000     0.00000       0.00  %   10000     
1.842952e+06      0.00            0.00            1.00000     0.00000       0.00  %   10000     
1.843000e+06      0.00            0.00            1.00000     0.00000       0.00  %   10000     
1.843925e+06      0.00            0.00            1.00000     0.00000       0.00  %   10000     
1.846510e+06      0.00            0.00            1.00000     0.00000       0.00  %   10000     
1.846888e+06      0.00            0.00            1.00000     0.00000       0.00  %   10000     
1.847000e+06      0.00            0.00            1.00000     0.00000       0.00  %   10000     
1.847550e+06      0.00            0.00            1.00000     0.00000       0.00  %   10000     
1.849100e+06      0.00            0.00            1.00000     0.00000       0.00  %   10000     
1.849620e+06      0.00            0.00            1.00000     0.00000       0.00  %   10000     
1.849840e+06      0.00            0.00            1.00000     0.00000       0.00  %   10000     
1.850660e+06      0.00            0.00            1.00000     0.00000       0.00  %   10000     
1.852740e+06      0.00            0.00            1.00000     0.00000       0.00  %   10000     
1.853000e+06      0.00            0.00            1.00000     0.00000       0.00  %   10000     
1.853780e+06      0.00            0.00            1.00000     0.00000       0.00  %   10000     
1.854826e+06      0.00            0.00            1.00000     0.00000       0.00  %   10000     
1.855340e+06      0.00            0.00            1.00000     0.00000       0.00  %   10000     
1.858990e+06      0.00            0.00            1.00000     0.00000       0.00  %   10000     
1.861080e+06      0.00            0.00            1.00000     0.00000       0.00  %   10000     
1.863000e+06      0.00            0.00            1.00000     0.00000       0.00  %   10000     
1.863200e+06      0.00            0.00            1.00000     0.00000       0.00  %   10000     
1.864000e+06      0.00            0.00            1.00000     0.00000       0.00  %   10000     
1.865280e+06      0.00            0.00            1.00000     0.00000       0.00  %   10000     
1.870540e+06      0.00            0.00            1.00000     0.00000       0.00  %   10000     
1.875000e+06      0.00            0.00            1.00000     0.00000       0.00  %   10000     
1.876705e+06      0.00            0.00            1.00000     0.00000       0.00  %   10000     
1.877200e+06      0.00            0.00            1.00000     0.00000       0.00  %   10000     
1.883000e+06      0.00            0.00            1.00000     0.00000       0.00  %   10000     
1.883795e+06      0.00            0.00            1.00000     0.00000       0.00  %   10000     
1.888240e+06      0.00            0.00            1.00000     0.00000       0.00  %   10000     
1.890000e+06      0.00            0.00            1.00000     0.00000       0.00  %   10000     
1.890030e+06      0.00            0.00            1.00000     0.00000       0.00  %   10000     
1.892715e+06      0.00            0.00            1.00000     0.00000       0.00  %   10000     
1.898990e+06      0.00            0.00            1.00000     0.00000       0.00  %   10000     
1.901510e+06      0.00            0.00            1.00000     0.00000       0.00  %   10000     
1.901795e+06      0.00            0.00            1.00000     0.00000       0.00  %   10000     
1.902000e+06      0.00            0.00            1.00000     0.00000       0.00  %   10000     
1.903310e+06      0.00            0.00            1.00000     0.00000       0.00  %   10000     
1.904000e+06      0.00            0.00            1.00000     0.00000       0.00  %   10000     
1.904400e+06      0.00            0.00            1.00000     0.00000       0.00  %   10000     
1.905480e+06      0.00            0.00            1.00000     0.00000       0.00  %   10000     
1.906560e+06      0.00            0.00            1.00000     0.00000       0.00  %   10000     
1.907650e+06      0.00            0.00            1.00000     0.00000       0.00  %   10000     
1.908000e+06      0.00            0.00            1.00000     0.00000       0.00  %   10000     
1.909285e+06      0.00            0.00            1.00000     0.00000       0.00  %   10000     
1.910100e+06      0.00            0.00            1.00000     0.00000       0.00  %   10000     
1.910800e+06      0.00            0.00            1.00000     0.00000       0.00  %   10000     
1.911455e+06      0.00            0.00            1.00000     0.00000       0.00  %   10000     
1.912272e+06      0.00            0.00            1.00000     0.00000       0.00  %   10000     
1.913090e+06      0.00            0.00            1.00000     0.00000       0.00  %   10000     
1.914735e+06      0.00            0.00            1.00000     0.00000       0.00  %   10000     
1.915830e+06      0.00            0.00            1.00000     0.00000       0.00  %   10000     
1.918740e+06      0.00            0.00            1.00000     0.00000       0.00  %   10000     
1.923000e+06      0.00            0.00            1.00000     0.00000       0.00  %   10000     
1.924600e+06      0.00            0.00            1.00000     0.00000       0.00  %   10000     
1.925700e+06      0.00            0.00            1.00000     0.00000       0.00  %   10000     
1.927170e+06      0.00            0.00            1.00000     0.00000       0.00  %   10000     
1.927910e+06      0.00            0.00            1.00000     0.00000       0.00  %   10000     
1.928650e+06      0.00            0.00            1.00000     0.00000       0.00  %   10000     
1.930120e+06      0.00            0.00            1.00000     0.00000       0.00  %   10000     
1.931590e+06      0.00            0.00            1.00000     0.00000       0.00  %   10000     
1.932000e+06      0.00            0.00            1.00000     0.00000       0.00  %   10000     
1.932330e+06      0.00            0.00            1.00000     0.00000       0.00  %   10000     
1.934085e+06      0.00            0.00            1.00000     0.00000       0.00  %   10000     
1.936030e+06      0.00            0.00            1.00000     0.00000       0.00  %   10000     
1.940670e+06      0.00            0.00            1.00000     0.00000       0.00  %   10000     
1.943460e+06      0.00            0.00            1.00000     0.00000       0.00  %   10000     
1.945000e+06      0.00            0.00            1.00000     0.00000       0.00  %   10000     
1.948120e+06      0.00            0.00            1.00000     0.00000       0.00  %   10000     
1.949990e+06      0.00            0.00            1.00000     0.00000       0.00  %   10000     
1.951860e+06      0.00            0.00            1.00000     0.00000       0.00  %   10000     
1.957500e+06      0.00            0.00            1.00000     0.00000       0.00  %   10000     
1.960230e+06      0.00            0.00            1.00000     0.00000       0.00  %   10000     
1.964100e+06      0.00            0.00            1.00000     0.00000       0.00  %   10000     
1.965000e+06      0.00            0.00            1.00000     0.00000       0.00  %   10000     
1.967890e+06      0.00            0.00            1.00000     0.00000       0.00  %   10000     
1.969410e+06      0.00            0.00            1.00000     0.00000       0.00  %   10000     
1.971690e+06      0.00            0.00            1.00000     0.00000       0.00  %   10000     
1.974740e+06      0.00            0.00            1.00000     0.00000       0.00  %   10000     
1.975200e+06      0.00            0.00            1.00000     0.00000       0.00  %   10000     
1.977028e+06      0.00            0.00            1.00000     0.00000       0.00  %   10000     
1.978555e+06      0.00            0.00            1.00000     0.00000       0.00  %   10000     
1.982390e+06      0.00            0.00            1.00000     0.00000       0.00  %   10000     
1.986620e+06      0.00            0.00            1.00000     0.00000       0.00  %   10000     
1.987390e+06      0.00            0.00            1.00000     0.00000       0.00  %   10000     
1.988930e+06      0.00            0.00            1.00000     0.00000       0.00  %   10000     
1.989700e+06      0.00            0.00            1.00000     0.00000       0.00  %   10000     
1.991240e+06      0.00            0.00            1.00000     0.00000       0.00  %   10000     
1.992790e+06      0.00            0.00            1.00000     0.00000       0.00  %   10000     
1.994340e+06      0.00            0.00            1.00000     0.00000       0.00  %   10000     
1.998210e+06      0.00            0.00            1.00000     0.00000       0.00  %   10000     
1.998240e+06      0.00            0.00            1.00000     0.00000       0.00  %   10000     
2.000000e+06      0.00            0.00            1.00000     0.00000       0.00  %   10000     
2.006005e+06      0.00            0.00            1.00000     0.00000       0.00  %   10000     
2.006980e+06      0.00            0.00            1.00000     0.00000       0.00  %   10000     
2.008930e+06      0.00            0.00            1.00000     0.00000       0.00  %   10000     
2.010000e+06      0.00            0.00            1.00000     0.00000       0.00  %   10000     
2.010890e+06      0.00            0.00            1.00000     0.00000       0.00  %   10000     
2.025670e+06      0.00            0.00            1.00000     0.00000       0.00  %   10000     
2.029640e+06      0.00            0.00            1.00000     0.00000       0.00  %   10000     
2.033620e+06      0.00            0.00            1.00000     0.00000       0.00  %   10000     
2.038010e+06      0.00            0.00            1.00000     0.00000       0.00  %   10000     
2.038810e+06      0.00            0.00            1.00000     0.00000       0.00  %   10000     
2.039810e+06      0.00            0.00            1.00000     0.00000       0.00  %   10000     
2.040410e+06      0.00            0.00            1.00000     0.00000       0.00  %   10000     
2.041220e+06      0.00            0.00            1.00000     0.00000       0.00  %   10000     
2.042220e+06      0.00            0.00            1.00000     0.00000       0.00  %   10000     
2.043020e+06      0.00            0.00            1.00000     0.00000       0.00  %   10000     
2.043620e+06      0.00            0.00            1.00000     0.00000       0.00  %   10000     
2.045230e+06      0.00            0.00            1.00000     0.00000       0.00  %   10000     
2.046440e+06      0.00            0.00            1.00000     0.00000       0.00  %   10000     
2.048050e+06      0.00            0.00            1.00000     0.00000       0.00  %   10000     
2.051280e+06      0.00            0.00            1.00000     0.00000       0.00  %   10000     
2.053600e+06      0.00            0.00            1.00000     0.00000       0.00  %   10000     
2.053700e+06      0.00            0.00            1.00000     0.00000       0.00  %   10000     
2.056740e+06      0.00            0.00            1.00000     0.00000       0.00  %   10000     
2.057755e+06      0.00            0.00            1.00000     0.00000       0.00  %   10000     
2.060600e+06      0.00            0.00            1.00000     0.00000       0.00  %   10000     
2.061815e+06      0.00            0.00            1.00000     0.00000       0.00  %   10000     
2.062425e+06      0.00            0.00            1.00000     0.00000       0.00  %   10000     
2.062938e+06      0.00            0.00            1.00000     0.00000       0.00  %   10000     
2.063244e+06      0.00            0.00            1.00000     0.00000       0.00  %   10000     
2.064059e+06      0.00            0.00            1.00000     0.00000       0.00  %   10000     
2.064670e+06      0.00            0.00            1.00000     0.00000       0.00  %   10000     
2.065480e+06      0.00            0.00            1.00000     0.00000       0.00  %   10000     
2.067520e+06      0.00            0.00            1.00000     0.00000       0.00  %   10000     
2.072440e+06      0.00            0.00            1.00000     0.00000       0.00  %   10000     
2.073200e+06      0.00            0.00            1.00000     0.00000       0.00  %   10000     
2.074080e+06      0.00            0.00            1.00000     0.00000       0.00  %   10000     
2.075720e+06      0.00            0.00            1.00000     0.00000       0.00  %   10000     
2.079020e+06      0.00            0.00            1.00000     0.00000       0.00  %   10000     
2.080250e+06      0.00            0.00            1.00000     0.00000       0.00  %   10000     
2.081900e+06      0.00            0.00            1.00000     0.00000       0.00  %   10000     
2.082938e+06      0.00            0.00            1.00000     0.00000       0.00  %   10000     
2.083560e+06      0.00            0.00            1.00000     0.00000       0.00  %   10000     
2.084380e+06      0.00            0.00            1.00000     0.00000       0.00  %   10000     
2.085210e+06      0.00            0.00            1.00000     0.00000       0.00  %   10000     
2.086040e+06      0.00            0.00            1.00000     0.00000       0.00  %   10000     
2.086870e+06      0.00            0.00            1.00000     0.00000       0.00  %   10000     
2.087700e+06      0.00            0.00            1.00000     0.00000       0.00  %   10000     
2.088945e+06      0.00            0.00            1.00000     0.00000       0.00  %   10000     
2.090190e+06      0.00            0.00            1.00000     0.00000       0.00  %   10000     
2.091020e+06      0.00            0.00            1.00000     0.00000       0.00  %   10000     
2.092265e+06      0.00            0.00            1.00000     0.00000       0.00  %   10000     
2.093095e+06      0.00            0.00            1.00000     0.00000       0.00  %   10000     
2.094350e+06      0.00            0.00            1.00000     0.00000       0.00  %   10000     
2.095180e+06      0.00            0.00            1.00000     0.00000       0.00  %   10000     
2.106480e+06      0.00            0.00            1.00000     0.00000       0.00  %   10000     
2.109010e+06      0.00            0.00            1.00000     0.00000       0.00  %   10000     
2.110270e+06      0.00            0.00            1.00000     0.00000       0.00  %   10000     
2.111110e+06      0.00            0.00            1.00000     0.00000       0.00  %   10000     
2.112375e+06      0.00            0.00            1.00000     0.00000       0.00  %   10000     
2.113640e+06      0.00            0.00            1.00000     0.00000       0.00  %   10000     
2.115550e+06      0.00            0.00            1.00000     0.00000       0.00  %   10000     
2.116180e+06      0.00            0.00            1.00000     0.00000       0.00  %   10000     
2.117030e+06      0.00            0.00            1.00000     0.00000       0.00  %   10000     
2.117875e+06      0.00            0.00            1.00000     0.00000       0.00  %   10000     
2.119782e+06      0.00            0.00            1.00000     0.00000       0.00  %   10000     
2.120420e+06      0.00            0.00            1.00000     0.00000       0.00  %   10000     
2.121695e+06      0.00            0.00            1.00000     0.00000       0.00  %   10000     
2.123820e+06      0.00            0.00            1.00000     0.00000       0.00  %   10000     
2.124670e+06      0.00            0.00            1.00000     0.00000       0.00  %   10000     
2.126400e+06      0.00            0.00            1.00000     0.00000       0.00  %   10000     
2.127010e+06      0.00            0.00            1.00000     0.00000       0.00  %   10000     
2.128290e+06      0.00            0.00            1.00000     0.00000       0.00  %   10000     
2.130000e+06      0.00            0.00            1.00000     0.00000       0.00  %   10000     
2.135355e+06      0.00            0.00            1.00000     0.00000       0.00  %   10000     
2.143960e+06      0.00            0.00            1.00000     0.00000       0.00  %   10000     
2.145040e+06      0.00            0.00            1.00000     0.00000       0.00  %   10000     
2.149360e+06      0.00            0.00            1.00000     0.00000       0.00  %   10000     
2.154250e+06      0.00            0.00            1.00000     0.00000       0.00  %   10000     
2.155880e+06      0.00            0.00            1.00000     0.00000       0.00  %   10000     
2.158050e+06      0.00            0.00            1.00000     0.00000       0.00  %   10000     
2.162420e+06      0.00            0.00            1.00000     0.00000       0.00  %   10000     
2.164610e+06      0.00            0.00            1.00000     0.00000       0.00  %   10000     
2.165600e+06      0.00            0.00            1.00000     0.00000       0.00  %   10000     
2.166223e+06      0.00            0.00            1.00000     0.00000       0.00  %   10000     
2.168332e+06      0.00            0.00            1.00000     0.00000       0.00  %   10000     
2.171630e+06      0.00            0.00            1.00000     0.00000       0.00  %   10000     
2.172950e+06      0.00            0.00            1.00000     0.00000       0.00  %   10000     
2.174270e+06      0.00            0.00            1.00000     0.00000       0.00  %   10000     
2.178240e+06      0.00            0.00            1.00000     0.00000       0.00  %   10000     
2.179570e+06      0.00            0.00            1.00000     0.00000       0.00  %   10000     
2.180000e+06      0.00            0.00            1.00000     0.00000       0.00  %   10000     
2.181340e+06      0.00            0.00            1.00000     0.00000       0.00  %   10000     
2.190220e+06      0.00            0.00            1.00000     0.00000       0.00  %   10000     
2.192450e+06      0.00            0.00            1.00000     0.00000       0.00  %   10000     
2.194690e+06      0.00            0.00            1.00000     0.00000       0.00  %   10000     
2.199200e+06      0.00            0.00            1.00000     0.00000       0.00  %   10000     
2.200000e+06      0.00            0.00            1.00000     0.00000       0.00  %   10000     
2.203650e+06      0.00            0.00            1.00000     0.00000       0.00  %   10000     
2.207032e+06      0.00            0.00            1.00000     0.00000       0.00  %   10000     
2.208160e+06      0.00            0.00            1.00000     0.00000       0.00  %   10000     
2.210420e+06      0.00            0.00            1.00000     0.00000       0.00  %   10000     
2.213810e+06      0.00            0.00            1.00000     0.00000       0.00  %   10000     
2.220390e+06      0.00            0.00            1.00000     0.00000       0.00  %   10000     
2.224490e+06      0.00            0.00            1.00000     0.00000       0.00  %   10000     
2.225000e+06      0.00            0.00            1.00000     0.00000       0.00  %   10000     
2.225860e+06      0.00            0.00            1.00000     0.00000       0.00  %   10000     
2.227572e+06      0.00            0.00            1.00000     0.00000       0.00  %   10000     
2.228482e+06      0.00            0.00            1.00000     0.00000       0.00  %   10000     
2.228486e+06      0.00            0.00            1.00000     0.00000       0.00  %   10000     
2.228488e+06      0.00            0.00            1.00000     0.00000       0.00  %   10000     
2.230662e+06      0.00            0.00            1.00000     0.00000       0.00  %   10000     
2.232378e+06      0.00            0.00            1.00000     0.00000       0.00  %   10000     
2.235600e+06      0.00            0.00            1.00000     0.00000       0.00  %   10000     
2.236860e+06      0.00            0.00            1.00000     0.00000       0.00  %   10000     
2.242390e+06      0.00            0.00            1.00000     0.00000       0.00  %   10000     
2.249330e+06      0.00            0.00            1.00000     0.00000       0.00  %   10000     
2.251650e+06      0.00            0.00            1.00000     0.00000       0.00  %   10000     
2.253970e+06      0.00            0.00            1.00000     0.00000       0.00  %   10000     
2.255000e+06      0.00            0.00            1.00000     0.00000       0.00  %   10000     
2.258630e+06      0.00            0.00            1.00000     0.00000       0.00  %   10000     
2.260970e+06      0.00            0.00            1.00000     0.00000       0.00  %   10000     
2.263300e+06      0.00            0.00            1.00000     0.00000       0.00  %   10000     
2.267990e+06      0.00            0.00            1.00000     0.00000       0.00  %   10000     
2.271520e+06      0.00            0.00            1.00000     0.00000       0.00  %   10000     
2.275055e+06      0.00            0.00            1.00000     0.00000       0.00  %   10000     
2.277500e+06      0.00            0.00            1.00000     0.00000       0.00  %   10000     
2.278595e+06      0.00            0.00            1.00000     0.00000       0.00  %   10000     
2.280372e+06      0.00            0.00            1.00000     0.00000       0.00  %   10000     
2.282150e+06      0.00            0.00            1.00000     0.00000       0.00  %   10000     
2.284520e+06      0.00            0.00            1.00000     0.00000       0.00  %   10000     
2.286890e+06      0.00            0.00            1.00000     0.00000       0.00  %   10000     
2.291600e+06      0.00            0.00            1.00000     0.00000       0.00  %   10000     
2.291660e+06      0.00            0.00            1.00000     0.00000       0.00  %   10000     
2.295238e+06      0.00            0.00            1.00000     0.00000       0.00  %   10000     
2.296250e+06      0.00            0.00            1.00000     0.00000       0.00  %   10000     
2.298830e+06      0.00            0.00            1.00000     0.00000       0.00  %   10000     
2.313270e+06      0.00            0.00            1.00000     0.00000       0.00  %   10000     
2.315690e+06      0.00            0.00            1.00000     0.00000       0.00  %   10000     
2.322500e+06      0.00            0.00            1.00000     0.00000       0.00  %   10000     
2.327850e+06      0.00            0.00            1.00000     0.00000       0.00  %   10000     
2.330300e+06      0.00            0.00            1.00000     0.00000       0.00  %   10000     
2.330625e+06      0.00            0.00            1.00000     0.00000       0.00  %   10000     
2.330800e+06      0.00            0.00            1.00000     0.00000       0.00  %   10000     
2.332740e+06      0.00            0.00            1.00000     0.00000       0.00  %   10000     
2.335190e+06      0.00            0.00            1.00000     0.00000       0.00  %   10000     
2.335625e+06      0.00            0.00            1.00000     0.00000       0.00  %   10000     
2.339370e+06      0.00            0.00            1.00000     0.00000       0.00  %   10000     
2.340000e+06      0.00            0.00            1.00000     0.00000       0.00  %   10000     
2.341340e+06      0.00            0.00            1.00000     0.00000       0.00  %   10000     
2.343310e+06      0.00            0.00            1.00000     0.00000       0.00  %   10000     
2.345000e+06      0.00            0.00            1.00000     0.00000       0.00  %   10000     
2.347260e+06      0.00            0.00            1.00000     0.00000       0.00  %   10000     
2.349240e+06      0.00            0.00            1.00000     0.00000       0.00  %   10000     
2.350000e+06      0.00            0.00            1.00000     0.00000       0.00  %   10000     
2.351220e+06      0.00            0.00            1.00000     0.00000       0.00  %   10000     
2.355000e+06      0.00            0.00            1.00000     0.00000       0.00  %   10000     
2.355190e+06      0.00            0.00            1.00000     0.00000       0.00  %   10000     
2.360625e+06      0.00            0.00            1.00000     0.00000       0.00  %   10000     
2.361170e+06      0.00            0.00            1.00000     0.00000       0.00  %   10000     
2.363160e+06      0.00            0.00            1.00000     0.00000       0.00  %   10000     
2.365625e+06      0.00            0.00            1.00000     0.00000       0.00  %   10000     
2.365915e+06      0.00            0.00            1.00000     0.00000       0.00  %   10000     
2.368670e+06      0.00            0.00            1.00000     0.00000       0.00  %   10000     
2.370680e+06      0.00            0.00            1.00000     0.00000       0.00  %   10000     
2.371250e+06      0.00            0.00            1.00000     0.00000       0.00  %   10000     
2.372530e+06      0.00            0.00            1.00000     0.00000       0.00  %   10000     
2.372680e+06      0.00            0.00            1.00000     0.00000       0.00  %   10000     
2.373690e+06      0.00            0.00            1.00000     0.00000       0.00  %   10000     
2.374700e+06      0.00            0.00            1.00000     0.00000       0.00  %   10000     
2.375956e+06      0.00            0.00            1.00000     0.00000       0.00  %   10000     
2.377215e+06      0.00            0.00            1.00000     0.00000       0.00  %   10000     
2.378730e+06      0.00            0.00            1.00000     0.00000       0.00  %   10000     
2.381760e+06      0.00            0.00            1.00000     0.00000       0.00  %   10000     
2.383750e+06      0.00            0.00            1.00000     0.00000       0.00  %   10000     
2.386310e+06      0.00            0.00            1.00000     0.00000       0.00  %   10000     
2.387320e+06      0.00            0.00            1.00000     0.00000       0.00  %   10000     
2.389350e+06      0.00            0.00            1.00000     0.00000       0.00  %   10000     
2.391390e+06      0.00            0.00            1.00000     0.00000       0.00  %   10000     
2.393420e+06      0.00            0.00            1.00000     0.00000       0.00  %   10000     
2.395460e+06      0.00            0.00            1.00000     0.00000       0.00  %   10000     
2.399540e+06      0.00            0.00            1.00000     0.00000       0.00  %   10000     
2.401590e+06      0.00            0.00            1.00000     0.00000       0.00  %   10000     
2.403640e+06      0.00            0.00            1.00000     0.00000       0.00  %   10000     
2.405000e+06      0.00            0.00            1.00000     0.00000       0.00  %   10000     
2.405690e+06      0.00            0.00            1.00000     0.00000       0.00  %   10000     
2.407740e+06      0.00            0.00            1.00000     0.00000       0.00  %   10000     
2.409800e+06      0.00            0.00            1.00000     0.00000       0.00  %   10000     
2.411400e+06      0.00            0.00            1.00000     0.00000       0.00  %   10000     
2.413920e+06      0.00            0.00            1.00000     0.00000       0.00  %   10000     
2.420120e+06      0.00            0.00            1.00000     0.00000       0.00  %   10000     
2.422450e+06      0.00            0.00            1.00000     0.00000       0.00  %   10000     
2.422500e+06      0.00            0.00            1.00000     0.00000       0.00  %   10000     
2.423232e+06      0.00            0.00            1.00000     0.00000       0.00  %   10000     
2.424270e+06      0.00            0.00            1.00000     0.00000       0.00  %   10000     
2.428420e+06      0.00            0.00            1.00000     0.00000       0.00  %   10000     
2.429600e+06      0.00            0.00            1.00000     0.00000       0.00  %   10000     
2.430510e+06      0.00            0.00            1.00000     0.00000       0.00  %   10000     
2.432590e+06      0.00            0.00            1.00000     0.00000       0.00  %   10000     
2.434291e+06      0.00            0.00            1.00000     0.00000       0.00  %   10000     
2.434680e+06      0.00            0.00            1.00000     0.00000       0.00  %   10000     
2.436770e+06      0.00            0.00            1.00000     0.00000       0.00  %   10000     
2.438504e+06      0.00            0.00            1.00000     0.00000       0.00  %   10000     
2.440960e+06      0.00            0.00            1.00000     0.00000       0.00  %   10000     
2.443060e+06      0.00            0.00            1.00000     0.00000       0.00  %   10000     
2.443173e+06      0.00            0.00            1.00000     0.00000       0.00  %   10000     
2.444838e+06      0.00            0.00            1.00000     0.00000       0.00  %   10000     
2.445000e+06      0.00            0.00            1.00000     0.00000       0.00  %   10000     
2.445685e+06      0.00            0.00            1.00000     0.00000       0.00  %   10000     
2.447524e+06      0.00            0.00            1.00000     0.00000       0.00  %   10000     
2.447639e+06      0.00            0.00            1.00000     0.00000       0.00  %   10000     
2.449370e+06      0.00            0.00            1.00000     0.00000       0.00  %   10000     
2.451480e+06      0.00            0.00            1.00000     0.00000       0.00  %   10000     
2.454650e+06      0.00            0.00            1.00000     0.00000       0.00  %   10000     
2.455150e+06      0.00            0.00            1.00000     0.00000       0.00  %   10000     
2.456770e+06      0.00            0.00            1.00000     0.00000       0.00  %   10000     
2.459616e+06      0.00            0.00            1.00000     0.00000       0.00  %   10000     
2.459950e+06      0.00            0.00            1.00000     0.00000       0.00  %   10000     
2.463140e+06      0.00            0.00            1.00000     0.00000       0.00  %   10000     
2.465706e+06      0.00            0.00            1.00000     0.00000       0.00  %   10000     
2.470590e+06      0.00            0.00            1.00000     0.00000       0.00  %   10000     
2.472730e+06      0.00            0.00            1.00000     0.00000       0.00  %   10000     
2.474638e+06      0.00            0.00            1.00000     0.00000       0.00  %   10000     
2.474870e+06      0.00            0.00            1.00000     0.00000       0.00  %   10000     
2.475000e+06      0.00            0.00            1.00000     0.00000       0.00  %   10000     
2.481310e+06      0.00            0.00            1.00000     0.00000       0.00  %   10000     
2.487770e+06      0.00            0.00            1.00000     0.00000       0.00  %   10000     
2.489930e+06      0.00            0.00            1.00000     0.00000       0.00  %   10000     
2.490396e+06      0.00            0.00            1.00000     0.00000       0.00  %   10000     
2.493175e+06      0.00            0.00            1.00000     0.00000       0.00  %   10000     
2.494800e+06      0.00            0.00            1.00000     0.00000       0.00  %   10000     
2.495880e+06      0.00            0.00            1.00000     0.00000       0.00  %   10000     
2.498050e+06      0.00            0.00            1.00000     0.00000       0.00  %   10000     
2.500230e+06      0.00            0.00            1.00000     0.00000       0.00  %   10000     
2.502400e+06      0.00            0.00            1.00000     0.00000       0.00  %   10000     
2.505940e+06      0.00            0.00            1.00000     0.00000       0.00  %   10000     
2.507580e+06      0.00            0.00            1.00000     0.00000       0.00  %   10000     
2.510860e+06      0.00            0.00            1.00000     0.00000       0.00  %   10000     
2.512500e+06      0.00            0.00            1.00000     0.00000       0.00  %   10000     
2.514150e+06      0.00            0.00            1.00000     0.00000       0.00  %   10000     
2.515790e+06      0.00            0.00            1.00000     0.00000       0.00  %   10000     
2.518265e+06      0.00            0.00            1.00000     0.00000       0.00  %   10000     
2.519090e+06      0.00            0.00            1.00000     0.00000       0.00  %   10000     
2.520000e+06      0.00            0.00            1.00000     0.00000       0.00  %   10000     
2.520740e+06      0.00            0.00            1.00000     0.00000       0.00  %   10000     
2.522940e+06      0.00            0.00            1.00000     0.00000       0.00  %   10000     
2.523155e+06      0.00            0.00            1.00000     0.00000       0.00  %   10000     
2.525700e+06      0.00            0.00            1.00000     0.00000       0.00  %   10000     
2.528460e+06      0.00            0.00            1.00000     0.00000       0.00  %   10000     
2.532615e+06      0.00            0.00            1.00000     0.00000       0.00  %   10000     
2.534000e+06      0.00            0.00            1.00000     0.00000       0.00  %   10000     
2.536770e+06      0.00            0.00            1.00000     0.00000       0.00  %   10000     
2.539550e+06      0.00            0.00            1.00000     0.00000       0.00  %   10000     
2.542340e+06      0.00            0.00            1.00000     0.00000       0.00  %   10000     
2.545130e+06      0.00            0.00            1.00000     0.00000       0.00  %   10000     
2.547920e+06      0.00            0.00            1.00000     0.00000       0.00  %   10000     
2.553530e+06      0.00            0.00            1.00000     0.00000       0.00  %   10000     
2.559150e+06      0.00            0.00            1.00000     0.00000       0.00  %   10000     
2.561960e+06      0.00            0.00            1.00000     0.00000       0.00  %   10000     
2.567610e+06      0.00            0.00            1.00000     0.00000       0.00  %   10000     
2.570440e+06      0.00            0.00            1.00000     0.00000       0.00  %   10000     
2.573280e+06      0.00            0.00            1.00000     0.00000       0.00  %   10000     
2.581810e+06      0.00            0.00            1.00000     0.00000       0.00  %   10000     
2.584563e+06      0.00            0.00            1.00000     0.00000       0.00  %   10000     
2.584670e+06      0.00            0.00            1.00000     0.00000       0.00  %   10000     
2.590390e+06      0.00            0.00            1.00000     0.00000       0.00  %   10000     
2.597580e+06      0.00            0.00            1.00000     0.00000       0.00  %   10000     
2.601900e+06      0.00            0.00            1.00000     0.00000       0.00  %   10000     
2.605000e+06      0.00            0.00            1.00000     0.00000       0.00  %   10000     
2.607680e+06      0.00            0.00            1.00000     0.00000       0.00  %   10000     
2.611160e+06      0.00            0.00            1.00000     0.00000       0.00  %   10000     
2.612900e+06      0.00            0.00            1.00000     0.00000       0.00  %   10000     
2.614640e+06      0.00            0.00            1.00000     0.00000       0.00  %   10000     
2.618130e+06      0.00            0.00            1.00000     0.00000       0.00  %   10000     
2.622510e+06      0.00            0.00            1.00000     0.00000       0.00  %   10000     
2.623390e+06      0.00            0.00            1.00000     0.00000       0.00  %   10000     
2.625140e+06      0.00            0.00            1.00000     0.00000       0.00  %   10000     
2.627775e+06      0.00            0.00            1.00000     0.00000       0.00  %   10000     
2.628650e+06      0.00            0.00            1.00000     0.00000       0.00  %   10000     
2.630410e+06      0.00            0.00            1.00000     0.00000       0.00  %   10000     
2.632170e+06      0.00            0.00            1.00000     0.00000       0.00  %   10000     
2.635700e+06      0.00            0.00            1.00000     0.00000       0.00  %   10000     
2.637470e+06      0.00            0.00            1.00000     0.00000       0.00  %   10000     
2.639240e+06      0.00            0.00            1.00000     0.00000       0.00  %   10000     
2.641010e+06      0.00            0.00            1.00000     0.00000       0.00  %   10000     
2.644550e+06      0.00            0.00            1.00000     0.00000       0.00  %   10000     
2.646330e+06      0.00            0.00            1.00000     0.00000       0.00  %   10000     
2.648100e+06      0.00            0.00            1.00000     0.00000       0.00  %   10000     
2.649880e+06      0.00            0.00            1.00000     0.00000       0.00  %   10000     
2.651660e+06      0.00            0.00            1.00000     0.00000       0.00  %   10000     
2.653295e+06      0.00            0.00            1.00000     0.00000       0.00  %   10000     
2.654930e+06      0.00            0.00            1.00000     0.00000       0.00  %   10000     
2.656120e+06      0.00            0.00            1.00000     0.00000       0.00  %   10000     
2.657310e+06      0.00            0.00            1.00000     0.00000       0.00  %   10000     
2.659700e+06      0.00            0.00            1.00000     0.00000       0.00  %   10000     
2.660000e+06      0.00            0.00            1.00000     0.00000       0.00  %   10000     
2.660890e+06      0.00            0.00            1.00000     0.00000       0.00  %   10000     
2.662085e+06      0.00            0.00            1.00000     0.00000       0.00  %   10000     
2.663280e+06      0.00            0.00            1.00000     0.00000       0.00  %   10000     
2.664480e+06      0.00            0.00            1.00000     0.00000       0.00  %   10000     
2.666870e+06      0.00            0.00            1.00000     0.00000       0.00  %   10000     
2.668300e+06      0.00            0.00            1.00000     0.00000       0.00  %   10000     
2.669270e+06      0.00            0.00            1.00000     0.00000       0.00  %   10000     
2.670770e+06      0.00            0.00            1.00000     0.00000       0.00  %   10000     
2.672570e+06      0.00            0.00            1.00000     0.00000       0.00  %   10000     
2.674370e+06      0.00            0.00            1.00000     0.00000       0.00  %   10000     
2.676180e+06      0.00            0.00            1.00000     0.00000       0.00  %   10000     
2.677990e+06      0.00            0.00            1.00000     0.00000       0.00  %   10000     
2.683420e+06      0.00            0.00            1.00000     0.00000       0.00  %   10000     
2.685344e+06      0.00            0.00            1.00000     0.00000       0.00  %   10000     
2.686822e+06      0.00            0.00            1.00000     0.00000       0.00  %   10000     
2.688870e+06      0.00            0.00            1.00000     0.00000       0.00  %   10000     
2.690690e+06      0.00            0.00            1.00000     0.00000       0.00  %   10000     
2.693420e+06      0.00            0.00            1.00000     0.00000       0.00  %   10000     
2.697075e+06      0.00            0.00            1.00000     0.00000       0.00  %   10000     
2.697990e+06      0.00            0.00            1.00000     0.00000       0.00  %   10000     
2.703480e+06      0.00            0.00            1.00000     0.00000       0.00  %   10000     
2.708070e+06      0.00            0.00            1.00000     0.00000       0.00  %   10000     
2.709910e+06      0.00            0.00            1.00000     0.00000       0.00  %   10000     
2.710830e+06      0.00            0.00            1.00000     0.00000       0.00  %   10000     
2.712670e+06      0.00            0.00            1.00000     0.00000       0.00  %   10000     
2.714520e+06      0.00            0.00            1.00000     0.00000       0.00  %   10000     
2.716360e+06      0.00            0.00            1.00000     0.00000       0.00  %   10000     
2.718210e+06      0.00            0.00            1.00000     0.00000       0.00  %   10000     
2.721910e+06      0.00            0.00            1.00000     0.00000       0.00  %   10000     
2.723770e+06      0.00            0.00            1.00000     0.00000       0.00  %   10000     
2.729340e+06      0.00            0.00            1.00000     0.00000       0.00  %   10000     
2.731200e+06      0.00            0.00            1.00000     0.00000       0.00  %   10000     
2.736800e+06      0.00            0.00            1.00000     0.00000       0.00  %   10000     
2.740540e+06      0.00            0.00            1.00000     0.00000       0.00  %   10000     
2.742410e+06      0.00            0.00            1.00000     0.00000       0.00  %   10000     
2.744290e+06      0.00            0.00            1.00000     0.00000       0.00  %   10000     
2.746160e+06      0.00            0.00            1.00000     0.00000       0.00  %   10000     
2.749920e+06      0.00            0.00            1.00000     0.00000       0.00  %   10000     
2.754000e+06      0.00            0.00            1.00000     0.00000       0.00  %   10000     
2.756520e+06      0.00            0.00            1.00000     0.00000       0.00  %   10000     
2.759040e+06      0.00            0.00            1.00000     0.00000       0.00  %   10000     
2.760000e+06      0.00            0.00            1.00000     0.00000       0.00  %   10000     
2.762825e+06      0.00            0.00            1.00000     0.00000       0.00  %   10000     
2.764090e+06      0.00            0.00            1.00000     0.00000       0.00  %   10000     
2.771690e+06      0.00            0.00            1.00000     0.00000       0.00  %   10000     
2.775500e+06      0.00            0.00            1.00000     0.00000       0.00  %   10000     
2.779320e+06      0.00            0.00            1.00000     0.00000       0.00  %   10000     
2.781870e+06      0.00            0.00            1.00000     0.00000       0.00  %   10000     
2.789550e+06      0.00            0.00            1.00000     0.00000       0.00  %   10000     
2.792110e+06      0.00            0.00            1.00000     0.00000       0.00  %   10000     
2.794680e+06      0.00            0.00            1.00000     0.00000       0.00  %   10000     
2.802410e+06      0.00            0.00            1.00000     0.00000       0.00  %   10000     
2.807580e+06      0.00            0.00            1.00000     0.00000       0.00  %   10000     
2.810170e+06      0.00            0.00            1.00000     0.00000       0.00  %   10000     
2.812760e+06      0.00            0.00            1.00000     0.00000       0.00  %   10000     
2.815360e+06      0.00            0.00            1.00000     0.00000       0.00  %   10000     
2.816550e+06      0.00            0.00            1.00000     0.00000       0.00  %   10000     
2.818122e+06      0.00            0.00            1.00000     0.00000       0.00  %   10000     
2.820398e+06      0.00            0.00            1.00000     0.00000       0.00  %   10000     
2.825780e+06      0.00            0.00            1.00000     0.00000       0.00  %   10000     
2.828400e+06      0.00            0.00            1.00000     0.00000       0.00  %   10000     
2.836260e+06      0.00            0.00            1.00000     0.00000       0.00  %   10000     
2.838890e+06      0.00            0.00            1.00000     0.00000       0.00  %   10000     
2.841530e+06      0.00            0.00            1.00000     0.00000       0.00  %   10000     
2.845485e+06      0.00            0.00            1.00000     0.00000       0.00  %   10000     
2.854750e+06      0.00            0.00            1.00000     0.00000       0.00  %   10000     
2.857410e+06      0.00            0.00            1.00000     0.00000       0.00  %   10000     
2.865390e+06      0.00            0.00            1.00000     0.00000       0.00  %   10000     
2.870000e+06      0.00            0.00            1.00000     0.00000       0.00  %   10000     
2.870740e+06      0.00            0.00            1.00000     0.00000       0.00  %   10000     
2.874085e+06      0.00            0.00            1.00000     0.00000       0.00  %   10000     
2.877110e+06      0.00            0.00            1.00000     0.00000       0.00  %   10000     
2.882150e+06      0.00            0.00            1.00000     0.00000       0.00  %   10000     
2.883160e+06      0.00            0.00            1.00000     0.00000       0.00  %   10000     
2.884000e+06      0.00            0.00            1.00000     0.00000       0.00  %   10000     
2.885180e+06      0.00            0.00            1.00000     0.00000       0.00  %   10000     
2.886500e+06      0.00            0.00            1.00000     0.00000       0.00  %   10000     
2.887250e+06      0.00            0.00            1.00000     0.00000       0.00  %   10000     
2.887750e+06      0.00            0.00            1.00000     0.00000       0.00  %   10000     
2.888000e+06      0.00            0.00            1.00000     0.00000       0.00  %   10000     
2.888215e+06      0.00            0.00            1.00000     0.00000       0.00  %   10000     
2.888500e+06      0.00            0.00            1.00000     0.00000       0.00  %   10000     
2.888750e+06      0.00            0.00            1.00000     0.00000       0.00  %   10000     
2.888850e+06      0.00            0.00            1.00000     0.00000       0.00  %   10000     
2.889050e+06      0.00            0.00            1.00000     0.00000       0.00  %   10000     
2.889112e+06      0.00            0.00            1.00000     0.00000       0.00  %   10000     
2.889175e+06      0.00            0.00            1.00000     0.00000       0.00  %   10000     
2.889250e+06      0.00            0.00            1.00000     0.00000       0.00  %   10000     
2.889388e+06      0.00            0.00            1.00000     0.00000       0.00  %   10000     
2.889450e+06      0.00            0.00            1.00000     0.00000       0.00  %   10000     
2.889500e+06      0.00            0.00            1.00000     0.00000       0.00  %   10000     
2.889575e+06      0.00            0.00            1.00000     0.00000       0.00  %   10000     
2.889650e+06      0.00            0.00            1.00000     0.00000       0.00  %   10000     
2.889900e+06      0.00            0.00            1.00000     0.00000       0.00  %   10000     
2.890000e+06      0.00            0.00            1.00000     0.00000       0.00  %   10000     
2.891250e+06      0.00            0.00            1.00000     0.00000       0.00  %   10000     
2.892000e+06      0.00            0.00            1.00000     0.00000       0.00  %   10000     
2.893280e+06      0.00            0.00            1.00000     0.00000       0.00  %   10000     
2.895320e+06      0.00            0.00            1.00000     0.00000       0.00  %   10000     
2.896000e+06      0.00            0.00            1.00000     0.00000       0.00  %   10000     
2.897350e+06      0.00            0.00            1.00000     0.00000       0.00  %   10000     
2.899390e+06      0.00            0.00            1.00000     0.00000       0.00  %   10000     
2.901430e+06      0.00            0.00            1.00000     0.00000       0.00  %   10000     
2.903470e+06      0.00            0.00            1.00000     0.00000       0.00  %   10000     
2.908575e+06      0.00            0.00            1.00000     0.00000       0.00  %   10000     
2.913700e+06      0.00            0.00            1.00000     0.00000       0.00  %   10000     
2.915750e+06      0.00            0.00            1.00000     0.00000       0.00  %   10000     
2.920210e+06      0.00            0.00            1.00000     0.00000       0.00  %   10000     
2.922272e+06      0.00            0.00            1.00000     0.00000       0.00  %   10000     
2.923645e+06      0.00            0.00            1.00000     0.00000       0.00  %   10000     
2.925710e+06      0.00            0.00            1.00000     0.00000       0.00  %   10000     
2.927090e+06      0.00            0.00            1.00000     0.00000       0.00  %   10000     
2.930540e+06      0.00            0.00            1.00000     0.00000       0.00  %   10000     
2.932610e+06      0.00            0.00            1.00000     0.00000       0.00  %   10000     
2.936065e+06      0.00            0.00            1.00000     0.00000       0.00  %   10000     
2.937450e+06      0.00            0.00            1.00000     0.00000       0.00  %   10000     
2.938140e+06      0.00            0.00            1.00000     0.00000       0.00  %   10000     
2.939530e+06      0.00            0.00            1.00000     0.00000       0.00  %   10000     
2.940910e+06      0.00            0.00            1.00000     0.00000       0.00  %   10000     
2.942995e+06      0.00            0.00            1.00000     0.00000       0.00  %   10000     
2.944385e+06      0.00            0.00            1.00000     0.00000       0.00  %   10000     
2.946470e+06      0.00            0.00            1.00000     0.00000       0.00  %   10000     
2.947860e+06      0.00            0.00            1.00000     0.00000       0.00  %   10000     
2.950650e+06      0.00            0.00            1.00000     0.00000       0.00  %   10000     
2.954140e+06      0.00            0.00            1.00000     0.00000       0.00  %   10000     
2.964740e+06      0.00            0.00            1.00000     0.00000       0.00  %   10000     
2.966755e+06      0.00            0.00            1.00000     0.00000       0.00  %   10000     
2.969565e+06      0.00            0.00            1.00000     0.00000       0.00  %   10000     
2.972380e+06      0.00            0.00            1.00000     0.00000       0.00  %   10000     
2.973790e+06      0.00            0.00            1.00000     0.00000       0.00  %   10000     
2.976620e+06      0.00            0.00            1.00000     0.00000       0.00  %   10000     
2.980865e+06      0.00            0.00            1.00000     0.00000       0.00  %   10000     
2.982280e+06      0.00            0.00            1.00000     0.00000       0.00  %   10000     
2.985110e+06      0.00            0.00            1.00000     0.00000       0.00  %   10000     
2.987950e+06      0.00            0.00            1.00000     0.00000       0.00  %   10000     
2.991955e+06      0.00            0.00            1.00000     0.00000       0.00  %   10000     
2.995000e+06      0.00            0.00            1.00000     0.00000       0.00  %   10000     
2.995430e+06      0.00            0.00            1.00000     0.00000       0.00  %   10000     
2.998640e+06      0.00            0.00            1.00000     0.00000       0.00  %   10000     
3.001860e+06      0.00            0.00            1.00000     0.00000       0.00  %   10000     
3.003500e+06      0.00            0.00            1.00000     0.00000       0.00  %   10000     
3.005000e+06      0.00            0.00            1.00000     0.00000       0.00  %   10000     
3.006000e+06      0.00            0.00            1.00000     0.00000       0.00  %   10000     
3.006500e+06      0.00            0.00            1.00000     0.00000       0.00  %   10000     
3.006650e+06      0.00            0.00            1.00000     0.00000       0.00  %   10000     
3.006775e+06      0.00            0.00            1.00000     0.00000       0.00  %   10000     
3.006900e+06      0.00            0.00            1.00000     0.00000       0.00  %   10000     
3.007050e+06      0.00            0.00            1.00000     0.00000       0.00  %   10000     
3.007112e+06      0.00            0.00            1.00000     0.00000       0.00  %   10000     
3.007175e+06      0.00            0.00            1.00000     0.00000       0.00  %   10000     
3.007250e+06      0.00            0.00            1.00000     0.00000       0.00  %   10000     
3.007388e+06      0.00            0.00            1.00000     0.00000       0.00  %   10000     
3.007450e+06      0.00            0.00            1.00000     0.00000       0.00  %   10000     
3.007531e+06      0.00            0.00            1.00000     0.00000       0.00  %   10000     
3.007625e+06      0.00            0.00            1.00000     0.00000       0.00  %   10000     
3.008000e+06      0.00            0.00            1.00000     0.00000       0.00  %   10000     
3.008310e+06      0.00            0.00            1.00000     0.00000       0.00  %   10000     
3.010460e+06      0.00            0.00            1.00000     0.00000       0.00  %   10000     
3.012500e+06      0.00            0.00            1.00000     0.00000       0.00  %   10000     
3.012620e+06      0.00            0.00            1.00000     0.00000       0.00  %   10000     
3.014780e+06      0.00            0.00            1.00000     0.00000       0.00  %   10000     
3.016940e+06      0.00            0.00            1.00000     0.00000       0.00  %   10000     
3.019100e+06      0.00            0.00            1.00000     0.00000       0.00  %   10000     
3.023610e+06      0.00            0.00            1.00000     0.00000       0.00  %   10000     
3.026695e+06      0.00            0.00            1.00000     0.00000       0.00  %   10000     
3.029960e+06      0.00            0.00            1.00000     0.00000       0.00  %   10000     
3.030000e+06      0.00            0.00            1.00000     0.00000       0.00  %   10000     
3.031324e+06      0.00            0.00            1.00000     0.00000       0.00  %   10000     
3.032266e+06      0.00            0.00            1.00000     0.00000       0.00  %   10000     
3.034131e+06      0.00            0.00            1.00000     0.00000       0.00  %   10000     
3.034140e+06      0.00            0.00            1.00000     0.00000       0.00  %   10000     
3.035790e+06      0.00            0.00            1.00000     0.00000       0.00  %   10000     
3.036500e+06      0.00            0.00            1.00000     0.00000       0.00  %   10000     
3.038680e+06      0.00            0.00            1.00000     0.00000       0.00  %   10000     
3.039038e+06      0.00            0.00            1.00000     0.00000       0.00  %   10000     
3.041880e+06      0.00            0.00            1.00000     0.00000       0.00  %   10000     
3.041965e+06      0.00            0.00            1.00000     0.00000       0.00  %   10000     
3.043060e+06      0.00            0.00            1.00000     0.00000       0.00  %   10000     
3.044824e+06      0.00            0.00            1.00000     0.00000       0.00  %   10000     
3.045255e+06      0.00            0.00            1.00000     0.00000       0.00  %   10000     
3.049640e+06      0.00            0.00            1.00000     0.00000       0.00  %   10000     
3.049919e+06      0.00            0.00            1.00000     0.00000       0.00  %   10000     
3.052233e+06      0.00            0.00            1.00000     0.00000       0.00  %   10000     
3.052940e+06      0.00            0.00            1.00000     0.00000       0.00  %   10000     
3.053451e+06      0.00            0.00            1.00000     0.00000       0.00  %   10000     
3.054040e+06      0.00            0.00            1.00000     0.00000       0.00  %   10000     
3.055695e+06      0.00            0.00            1.00000     0.00000       0.00  %   10000     
3.056496e+06      0.00            0.00            1.00000     0.00000       0.00  %   10000     
3.058085e+06      0.00            0.00            1.00000     0.00000       0.00  %   10000     
3.058820e+06      0.00            0.00            1.00000     0.00000       0.00  %   10000     
3.060290e+06      0.00            0.00            1.00000     0.00000       0.00  %   10000     
3.062505e+06      0.00            0.00            1.00000     0.00000       0.00  %   10000     
3.063240e+06      0.00            0.00            1.00000     0.00000       0.00  %   10000     
3.065452e+06      0.00            0.00            1.00000     0.00000       0.00  %   10000     
3.066240e+06      0.00            0.00            1.00000     0.00000       0.00  %   10000     
3.067670e+06      0.00            0.00            1.00000     0.00000       0.00  %   10000     
3.069150e+06      0.00            0.00            1.00000     0.00000       0.00  %   10000     
3.073142e+06      0.00            0.00            1.00000     0.00000       0.00  %   10000     
3.078790e+06      0.00            0.00            1.00000     0.00000       0.00  %   10000     
3.080000e+06      0.00            0.00            1.00000     0.00000       0.00  %   10000     
3.081765e+06      0.00            0.00            1.00000     0.00000       0.00  %   10000     
3.083292e+06      0.00            0.00            1.00000     0.00000       0.00  %   10000     
3.086235e+06      0.00            0.00            1.00000     0.00000       0.00  %   10000     
3.089225e+06      0.00            0.00            1.00000     0.00000       0.00  %   10000     
3.092215e+06      0.00            0.00            1.00000     0.00000       0.00  %   10000     
3.093710e+06      0.00            0.00            1.00000     0.00000       0.00  %   10000     
3.095950e+06      0.00            0.00            1.00000     0.00000       0.00  %   10000     
3.096386e+06      0.00            0.00            1.00000     0.00000       0.00  %   10000     
3.097450e+06      0.00            0.00            1.00000     0.00000       0.00  %   10000     
3.100460e+06      0.00            0.00            1.00000     0.00000       0.00  %   10000     
3.102054e+06      0.00            0.00            1.00000     0.00000       0.00  %   10000     
3.102148e+06      0.00            0.00            1.00000     0.00000       0.00  %   10000     
3.103460e+06      0.00            0.00            1.00000     0.00000       0.00  %   10000     
3.104970e+06      0.00            0.00            1.00000     0.00000       0.00  %   10000     
3.106659e+06      0.00            0.00            1.00000     0.00000       0.00  %   10000     
3.107850e+06      0.00            0.00            1.00000     0.00000       0.00  %   10000     
3.107855e+06      0.00            0.00            1.00000     0.00000       0.00  %   10000     
3.107862e+06      0.00            0.00            1.00000     0.00000       0.00  %   10000     
3.110245e+06      0.00            0.00            1.00000     0.00000       0.00  %   10000     
3.111000e+06      0.00            0.00            1.00000     0.00000       0.00  %   10000     
3.112510e+06      0.00            0.00            1.00000     0.00000       0.00  %   10000     
3.115530e+06      0.00            0.00            1.00000     0.00000       0.00  %   10000     
3.117050e+06      0.00            0.00            1.00000     0.00000       0.00  %   10000     
3.119020e+06      0.00            0.00            1.00000     0.00000       0.00  %   10000     
3.121590e+06      0.00            0.00            1.00000     0.00000       0.00  %   10000     
3.123110e+06      0.00            0.00            1.00000     0.00000       0.00  %   10000     
3.125000e+06      0.00            0.00            1.00000     0.00000       0.00  %   10000     
3.125390e+06      0.00            0.00            1.00000     0.00000       0.00  %   10000     
3.127670e+06      0.00            0.00            1.00000     0.00000       0.00  %   10000     
3.129200e+06      0.00            0.00            1.00000     0.00000       0.00  %   10000     
3.130720e+06      0.00            0.00            1.00000     0.00000       0.00  %   10000     
3.135300e+06      0.00            0.00            1.00000     0.00000       0.00  %   10000     
3.136820e+06      0.00            0.00            1.00000     0.00000       0.00  %   10000     
3.138350e+06      0.00            0.00            1.00000     0.00000       0.00  %   10000     
3.139890e+06      0.00            0.00            1.00000     0.00000       0.00  %   10000     
3.141420e+06      0.00            0.00            1.00000     0.00000       0.00  %   10000     
3.142950e+06      0.00            0.00            1.00000     0.00000       0.00  %   10000     
3.144480e+06      0.00            0.00            1.00000     0.00000       0.00  %   10000     
3.146020e+06      0.00            0.00            1.00000     0.00000       0.00  %   10000     
3.147550e+06      0.00            0.00            1.00000     0.00000       0.00  %   10000     
3.149885e+06      0.00            0.00            1.00000     0.00000       0.00  %   10000     
3.150146e+06      0.00            0.00            1.00000     0.00000       0.00  %   10000     
3.152940e+06      0.00            0.00            1.00000     0.00000       0.00  %   10000     
3.153710e+06      0.00            0.00            1.00000     0.00000       0.00  %   10000     
3.155250e+06      0.00            0.00            1.00000     0.00000       0.00  %   10000     
3.156790e+06      0.00            0.00            1.00000     0.00000       0.00  %   10000     
3.161430e+06      0.00            0.00            1.00000     0.00000       0.00  %   10000     
3.162980e+06      0.00            0.00            1.00000     0.00000       0.00  %   10000     
3.164520e+06      0.00            0.00            1.00000     0.00000       0.00  %   10000     
3.166070e+06      0.00            0.00            1.00000     0.00000       0.00  %   10000     
3.169180e+06      0.00            0.00            1.00000     0.00000       0.00  %   10000     
3.170000e+06      0.00            0.00            1.00000     0.00000       0.00  %   10000     
3.173060e+06      0.00            0.00            1.00000     0.00000       0.00  %   10000     
3.173840e+06      0.00            0.00            1.00000     0.00000       0.00  %   10000     
3.175395e+06      0.00            0.00            1.00000     0.00000       0.00  %   10000     
3.176950e+06      0.00            0.00            1.00000     0.00000       0.00  %   10000     
3.178510e+06      0.00            0.00            1.00000     0.00000       0.00  %   10000     
3.180850e+06      0.00            0.00            1.00000     0.00000       0.00  %   10000     
3.199670e+06      0.00            0.00            1.00000     0.00000       0.00  %   10000     
3.202500e+06      0.00            0.00            1.00000     0.00000       0.00  %   10000     
3.202820e+06      0.00            0.00            1.00000     0.00000       0.00  %   10000     
3.205980e+06      0.00            0.00            1.00000     0.00000       0.00  %   10000     
3.207000e+06      0.00            0.00            1.00000     0.00000       0.00  %   10000     
3.208500e+06      0.00            0.00            1.00000     0.00000       0.00  %   10000     
3.209500e+06      0.00            0.00            1.00000     0.00000       0.00  %   10000     
3.210125e+06      0.00            0.00            1.00000     0.00000       0.00  %   10000     
3.210500e+06      0.00            0.00            1.00000     0.00000       0.00  %   10000     
3.211062e+06      0.00            0.00            1.00000     0.00000       0.00  %   10000     
3.211500e+06      0.00            0.00            1.00000     0.00000       0.00  %   10000     
3.211750e+06      0.00            0.00            1.00000     0.00000       0.00  %   10000     
3.211910e+06      0.00            0.00            1.00000     0.00000       0.00  %   10000     
3.212000e+06      0.00            0.00            1.00000     0.00000       0.00  %   10000     
3.212750e+06      0.00            0.00            1.00000     0.00000       0.00  %   10000     
3.213125e+06      0.00            0.00            1.00000     0.00000       0.00  %   10000     
3.213500e+06      0.00            0.00            1.00000     0.00000       0.00  %   10000     
3.214000e+06      0.00            0.00            1.00000     0.00000       0.00  %   10000     
3.214290e+06      0.00            0.00            1.00000     0.00000       0.00  %   10000     
3.215000e+06      0.00            0.00            1.00000     0.00000       0.00  %   10000     
3.216670e+06      0.00            0.00            1.00000     0.00000       0.00  %   10000     
3.217000e+06      0.00            0.00            1.00000     0.00000       0.00  %   10000     
3.218000e+06      0.00            0.00            1.00000     0.00000       0.00  %   10000     
3.219050e+06      0.00            0.00            1.00000     0.00000       0.00  %   10000     
3.221430e+06      0.00            0.00            1.00000     0.00000       0.00  %   10000     
3.226210e+06      0.00            0.00            1.00000     0.00000       0.00  %   10000     
3.228610e+06      0.00            0.00            1.00000     0.00000       0.00  %   10000     
3.231000e+06      0.00            0.00            1.00000     0.00000       0.00  %   10000     
3.233400e+06      0.00            0.00            1.00000     0.00000       0.00  %   10000     
3.235800e+06      0.00            0.00            1.00000     0.00000       0.00  %   10000     
3.238205e+06      0.00            0.00            1.00000     0.00000       0.00  %   10000     
3.243622e+06      0.00            0.00            1.00000     0.00000       0.00  %   10000     
3.245430e+06      0.00            0.00            1.00000     0.00000       0.00  %   10000     
3.247850e+06      0.00            0.00            1.00000     0.00000       0.00  %   10000     
3.250260e+06      0.00            0.00            1.00000     0.00000       0.00  %   10000     
3.255110e+06      0.00            0.00            1.00000     0.00000       0.00  %   10000     
3.257530e+06      0.00            0.00            1.00000     0.00000       0.00  %   10000     
3.261990e+06      0.00            0.00            1.00000     0.00000       0.00  %   10000     
3.263610e+06      0.00            0.00            1.00000     0.00000       0.00  %   10000     
3.266860e+06      0.00            0.00            1.00000     0.00000       0.00  %   10000     
3.270110e+06      0.00            0.00            1.00000     0.00000       0.00  %   10000     
3.273370e+06      0.00            0.00            1.00000     0.00000       0.00  %   10000     
3.275000e+06      0.00            0.00            1.00000     0.00000       0.00  %   10000     
3.276630e+06      0.00            0.00            1.00000     0.00000       0.00  %   10000     
3.279900e+06      0.00            0.00            1.00000     0.00000       0.00  %   10000     
3.286440e+06      0.00            0.00            1.00000     0.00000       0.00  %   10000     
3.289725e+06      0.00            0.00            1.00000     0.00000       0.00  %   10000     
3.293010e+06      0.00            0.00            1.00000     0.00000       0.00  %   10000     
3.296300e+06      0.00            0.00            1.00000     0.00000       0.00  %   10000     
3.300000e+06      0.00            0.00            1.00000     0.00000       0.00  %   10000     
3.302900e+06      0.00            0.00            1.00000     0.00000       0.00  %   10000     
3.306210e+06      0.00            0.00            1.00000     0.00000       0.00  %   10000     
3.309520e+06      0.00            0.00            1.00000     0.00000       0.00  %   10000     
3.316160e+06      0.00            0.00            1.00000     0.00000       0.00  %   10000     
3.320000e+06      0.00            0.00            1.00000     0.00000       0.00  %   10000     
3.324480e+06      0.00            0.00            1.00000     0.00000       0.00  %   10000     
3.326150e+06      0.00            0.00            1.00000     0.00000       0.00  %   10000     
3.329495e+06      0.00            0.00            1.00000     0.00000       0.00  %   10000     
3.332840e+06      0.00            0.00            1.00000     0.00000       0.00  %   10000     
3.339540e+06      0.00            0.00            1.00000     0.00000       0.00  %   10000     
3.342910e+06      0.00            0.00            1.00000     0.00000       0.00  %   10000     
3.346270e+06      0.00            0.00            1.00000     0.00000       0.00  %   10000     
3.353020e+06      0.00            0.00            1.00000     0.00000       0.00  %   10000     
3.356400e+06      0.00            0.00            1.00000     0.00000       0.00  %   10000     
3.363180e+06      0.00            0.00            1.00000     0.00000       0.00  %   10000     
3.369980e+06      0.00            0.00            1.00000     0.00000       0.00  %   10000     
3.374885e+06      0.00            0.00            1.00000     0.00000       0.00  %   10000     
3.376380e+06      0.00            0.00            1.00000     0.00000       0.00  %   10000     
3.378940e+06      0.00            0.00            1.00000     0.00000       0.00  %   10000     
3.381510e+06      0.00            0.00            1.00000     0.00000       0.00  %   10000     
3.384070e+06      0.00            0.00            1.00000     0.00000       0.00  %   10000     
3.386645e+06      0.00            0.00            1.00000     0.00000       0.00  %   10000     
3.389220e+06      0.00            0.00            1.00000     0.00000       0.00  %   10000     
3.391800e+06      0.00            0.00            1.00000     0.00000       0.00  %   10000     
3.394380e+06      0.00            0.00            1.00000     0.00000       0.00  %   10000     
3.396960e+06      0.00            0.00            1.00000     0.00000       0.00  %   10000     
3.399550e+06      0.00            0.00            1.00000     0.00000       0.00  %   10000     
3.402140e+06      0.00            0.00            1.00000     0.00000       0.00  %   10000     
3.404730e+06      0.00            0.00            1.00000     0.00000       0.00  %   10000     
3.407320e+06      0.00            0.00            1.00000     0.00000       0.00  %   10000     
3.412520e+06      0.00            0.00            1.00000     0.00000       0.00  %   10000     
3.419035e+06      0.00            0.00            1.00000     0.00000       0.00  %   10000     
3.420340e+06      0.00            0.00            1.00000     0.00000       0.00  %   10000     
3.424265e+06      0.00            0.00            1.00000     0.00000       0.00  %   10000     
3.425000e+06      0.00            0.00            1.00000     0.00000       0.00  %   10000     
3.425570e+06      0.00            0.00            1.00000     0.00000       0.00  %   10000     
3.428190e+06      0.00            0.00            1.00000     0.00000       0.00  %   10000     
3.430815e+06      0.00            0.00            1.00000     0.00000       0.00  %   10000     
3.432000e+06      0.00            0.00            1.00000     0.00000       0.00  %   10000     
3.433440e+06      0.00            0.00            1.00000     0.00000       0.00  %   10000     
3.436000e+06      0.00            0.00            1.00000     0.00000       0.00  %   10000     
3.436720e+06      0.00            0.00            1.00000     0.00000       0.00  %   10000     
3.438000e+06      0.00            0.00            1.00000     0.00000       0.00  %   10000     
3.438300e+06      0.00            0.00            1.00000     0.00000       0.00  %   10000     
3.438450e+06      0.00            0.00            1.00000     0.00000       0.00  %   10000     
3.438625e+06      0.00            0.00            1.00000     0.00000       0.00  %   10000     
3.438700e+06      0.00            0.00            1.00000     0.00000       0.00  %   10000     
3.438850e+06      0.00            0.00            1.00000     0.00000       0.00  %   10000     
3.438975e+06      0.00            0.00            1.00000     0.00000       0.00  %   10000     
3.439100e+06      0.00            0.00            1.00000     0.00000       0.00  %   10000     
3.439400e+06      0.00            0.00            1.00000     0.00000       0.00  %   10000     
3.439600e+06      0.00            0.00            1.00000     0.00000       0.00  %   10000     
3.439900e+06      0.00            0.00            1.00000     0.00000       0.00  %   10000     
3.440000e+06      0.00            0.00            1.00000     0.00000       0.00  %   10000     
3.440500e+06      0.00            0.00            1.00000     0.00000       0.00  %   10000     
3.441000e+06      0.00            0.00            1.00000     0.00000       0.00  %   10000     
3.441330e+06      0.00            0.00            1.00000     0.00000       0.00  %   10000     
3.441375e+06      0.00            0.00            1.00000     0.00000       0.00  %   10000     
3.441500e+06      0.00            0.00            1.00000     0.00000       0.00  %   10000     
3.441750e+06      0.00            0.00            1.00000     0.00000       0.00  %   10000     
3.442125e+06      0.00            0.00            1.00000     0.00000       0.00  %   10000     
3.442500e+06      0.00            0.00            1.00000     0.00000       0.00  %   10000     
3.443000e+06      0.00            0.00            1.00000     0.00000       0.00  %   10000     
3.443750e+06      0.00            0.00            1.00000     0.00000       0.00  %   10000     
3.445000e+06      0.00            0.00            1.00000     0.00000       0.00  %   10000     
3.447930e+06      0.00            0.00            1.00000     0.00000       0.00  %   10000     
3.450000e+06      0.00            0.00            1.00000     0.00000       0.00  %   10000     
3.451450e+06      0.00            0.00            1.00000     0.00000       0.00  %   10000     
3.454990e+06      0.00            0.00            1.00000     0.00000       0.00  %   10000     
3.461630e+06      0.00            0.00            1.00000     0.00000       0.00  %   10000     
3.464290e+06      0.00            0.00            1.00000     0.00000       0.00  %   10000     
3.468288e+06      0.00            0.00            1.00000     0.00000       0.00  %   10000     
3.472290e+06      0.00            0.00            1.00000     0.00000       0.00  %   10000     
3.474960e+06      0.00            0.00            1.00000     0.00000       0.00  %   10000     
3.477630e+06      0.00            0.00            1.00000     0.00000       0.00  %   10000     
3.480310e+06      0.00            0.00            1.00000     0.00000       0.00  %   10000     
3.483000e+06      0.00            0.00            1.00000     0.00000       0.00  %   10000     
3.491060e+06      0.00            0.00            1.00000     0.00000       0.00  %   10000     
3.496450e+06      0.00            0.00            1.00000     0.00000       0.00  %   10000     
3.500000e+06      0.00            0.00            1.00000     0.00000       0.00  %   10000     
3.504560e+06      0.00            0.00            1.00000     0.00000       0.00  %   10000     
3.507275e+06      0.00            0.00            1.00000     0.00000       0.00  %   10000     
3.512700e+06      0.00            0.00            1.00000     0.00000       0.00  %   10000     
3.515420e+06      0.00            0.00            1.00000     0.00000       0.00  %   10000     
3.518150e+06      0.00            0.00            1.00000     0.00000       0.00  %   10000     
3.526330e+06      0.00            0.00            1.00000     0.00000       0.00  %   10000     
3.529070e+06      0.00            0.00            1.00000     0.00000       0.00  %   10000     
3.531810e+06      0.00            0.00            1.00000     0.00000       0.00  %   10000     
3.534090e+06      0.00            0.00            1.00000     0.00000       0.00  %   10000     
3.535920e+06      0.00            0.00            1.00000     0.00000       0.00  %   10000     
3.537750e+06      0.00            0.00            1.00000     0.00000       0.00  %   10000     
3.539590e+06      0.00            0.00            1.00000     0.00000       0.00  %   10000     
3.541425e+06      0.00            0.00            1.00000     0.00000       0.00  %   10000     
3.543260e+06      0.00            0.00            1.00000     0.00000       0.00  %   10000     
3.545090e+06      0.00            0.00            1.00000     0.00000       0.00  %   10000     
3.546930e+06      0.00            0.00            1.00000     0.00000       0.00  %   10000     
3.553375e+06      0.00            0.00            1.00000     0.00000       0.00  %   10000     
3.560300e+06      0.00            0.00            1.00000     0.00000       0.00  %   10000     
3.563244e+06      0.00            0.00            1.00000     0.00000       0.00  %   10000     
3.565850e+06      0.00            0.00            1.00000     0.00000       0.00  %   10000     
3.568630e+06      0.00            0.00            1.00000     0.00000       0.00  %   10000     
3.574210e+06      0.00            0.00            1.00000     0.00000       0.00  %   10000     
3.577000e+06      0.00            0.00            1.00000     0.00000       0.00  %   10000     
3.579790e+06      0.00            0.00            1.00000     0.00000       0.00  %   10000     
3.582590e+06      0.00            0.00            1.00000     0.00000       0.00  %   10000     
3.585390e+06      0.00            0.00            1.00000     0.00000       0.00  %   10000     
3.588200e+06      0.00            0.00            1.00000     0.00000       0.00  %   10000     
3.590540e+06      0.00            0.00            1.00000     0.00000       0.00  %   10000     
3.592410e+06      0.00            0.00            1.00000     0.00000       0.00  %   10000     
3.594285e+06      0.00            0.00            1.00000     0.00000       0.00  %   10000     
3.597100e+06      0.00            0.00            1.00000     0.00000       0.00  %   10000     
3.598040e+06      0.00            0.00            1.00000     0.00000       0.00  %   10000     
3.600000e+06      0.00            0.00            1.00000     0.00000       0.00  %   10000     
3.600860e+06      0.00            0.00            1.00000     0.00000       0.00  %   10000     
3.601800e+06      0.00            0.00            1.00000     0.00000       0.00  %   10000     
3.604625e+06      0.00            0.00            1.00000     0.00000       0.00  %   10000     
3.605570e+06      0.00            0.00            1.00000     0.00000       0.00  %   10000     
3.607450e+06      0.00            0.00            1.00000     0.00000       0.00  %   10000     
3.609340e+06      0.00            0.00            1.00000     0.00000       0.00  %   10000     
3.611700e+06      0.00            0.00            1.00000     0.00000       0.00  %   10000     
3.614530e+06      0.00            0.00            1.00000     0.00000       0.00  %   10000     
3.617370e+06      0.00            0.00            1.00000     0.00000       0.00  %   10000     
3.621638e+06      0.00            0.00            1.00000     0.00000       0.00  %   10000     
3.623060e+06      0.00            0.00            1.00000     0.00000       0.00  %   10000     
3.625910e+06      0.00            0.00            1.00000     0.00000       0.00  %   10000     
3.628760e+06      0.00            0.00            1.00000     0.00000       0.00  %   10000     
3.631620e+06      0.00            0.00            1.00000     0.00000       0.00  %   10000     
3.634480e+06      0.00            0.00            1.00000     0.00000       0.00  %   10000     
3.637340e+06      0.00            0.00            1.00000     0.00000       0.00  %   10000     
3.640000e+06      0.00            0.00            1.00000     0.00000       0.00  %   10000     
3.640210e+06      0.00            0.00            1.00000     0.00000       0.00  %   10000     
3.642000e+06      0.00            0.00            1.00000     0.00000       0.00  %   10000     
3.643000e+06      0.00            0.00            1.00000     0.00000       0.00  %   10000     
3.643080e+06      0.00            0.00            1.00000     0.00000       0.00  %   10000     
3.645950e+06      0.00            0.00            1.00000     0.00000       0.00  %   10000     
3.650270e+06      0.00            0.00            1.00000     0.00000       0.00  %   10000     
3.654590e+06      0.00            0.00            1.00000     0.00000       0.00  %   10000     
3.663260e+06      0.00            0.00            1.00000     0.00000       0.00  %   10000     
3.666160e+06      0.00            0.00            1.00000     0.00000       0.00  %   10000     
3.673415e+06      0.00            0.00            1.00000     0.00000       0.00  %   10000     
3.674870e+06      0.00            0.00            1.00000     0.00000       0.00  %   10000     
3.677780e+06      0.00            0.00            1.00000     0.00000       0.00  %   10000     
3.680690e+06      0.00            0.00            1.00000     0.00000       0.00  %   10000     
3.684702e+06      0.00            0.00            1.00000     0.00000       0.00  %   10000     
3.686040e+06      0.00            0.00            1.00000     0.00000       0.00  %   10000     
3.687990e+06      0.00            0.00            1.00000     0.00000       0.00  %   10000     
3.689940e+06      0.00            0.00            1.00000     0.00000       0.00  %   10000     
3.691890e+06      0.00            0.00            1.00000     0.00000       0.00  %   10000     
3.693850e+06      0.00            0.00            1.00000     0.00000       0.00  %   10000     
3.699720e+06      0.00            0.00            1.00000     0.00000       0.00  %   10000     
3.700000e+06      0.00            0.00            1.00000     0.00000       0.00  %   10000     
3.701680e+06      0.00            0.00            1.00000     0.00000       0.00  %   10000     
3.703640e+06      0.00            0.00            1.00000     0.00000       0.00  %   10000     
3.706585e+06      0.00            0.00            1.00000     0.00000       0.00  %   10000     
3.707570e+06      0.00            0.00            1.00000     0.00000       0.00  %   10000     
3.709530e+06      0.00            0.00            1.00000     0.00000       0.00  %   10000     
3.710000e+06      0.00            0.00            1.00000     0.00000       0.00  %   10000     
3.711500e+06      0.00            0.00            1.00000     0.00000       0.00  %   10000     
3.715930e+06      0.00            0.00            1.00000     0.00000       0.00  %   10000     
3.718890e+06      0.00            0.00            1.00000     0.00000       0.00  %   10000     
3.725565e+06      0.00            0.00            1.00000     0.00000       0.00  %   10000     
3.727790e+06      0.00            0.00            1.00000     0.00000       0.00  %   10000     
3.730000e+06      0.00            0.00            1.00000     0.00000       0.00  %   10000     
3.732255e+06      0.00            0.00            1.00000     0.00000       0.00  %   10000     
3.735230e+06      0.00            0.00            1.00000     0.00000       0.00  %   10000     
3.737468e+06      0.00            0.00            1.00000     0.00000       0.00  %   10000     
3.740000e+06      0.00            0.00            1.00000     0.00000       0.00  %   10000     
3.742700e+06      0.00            0.00            1.00000     0.00000       0.00  %   10000     
3.750000e+06      0.00            0.00            1.00000     0.00000       0.00  %   10000     
3.750180e+06      0.00            0.00            1.00000     0.00000       0.00  %   10000     
3.750240e+06      0.00            0.00            1.00000     0.00000       0.00  %   10000     
3.751680e+06      0.00            0.00            1.00000     0.00000       0.00  %   10000     
3.755000e+06      0.00            0.00            1.00000     0.00000       0.00  %   10000     
3.756188e+06      0.00            0.00            1.00000     0.00000       0.00  %   10000     
3.757690e+06      0.00            0.00            1.00000     0.00000       0.00  %   10000     
3.759000e+06      0.00            0.00            1.00000     0.00000       0.00  %   10000     
3.760700e+06      0.00            0.00            1.00000     0.00000       0.00  %   10000     
3.763720e+06      0.00            0.00            1.00000     0.00000       0.00  %   10000     
3.765000e+06      0.00            0.00            1.00000     0.00000       0.00  %   10000     
3.767000e+06      0.00            0.00            1.00000     0.00000       0.00  %   10000     
3.769000e+06      0.00            0.00            1.00000     0.00000       0.00  %   10000     
3.769750e+06      0.00            0.00            1.00000     0.00000       0.00  %   10000     
3.772780e+06      0.00            0.00            1.00000     0.00000       0.00  %   10000     
3.773000e+06      0.00            0.00            1.00000     0.00000       0.00  %   10000     
3.775800e+06      0.00            0.00            1.00000     0.00000       0.00  %   10000     
3.777000e+06      0.00            0.00            1.00000     0.00000       0.00  %   10000     
3.781000e+06      0.00            0.00            1.00000     0.00000       0.00  %   10000     
3.781870e+06      0.00            0.00            1.00000     0.00000       0.00  %   10000     
3.784910e+06      0.00            0.00            1.00000     0.00000       0.00  %   10000     
3.786000e+06      0.00            0.00            1.00000     0.00000       0.00  %   10000     
3.787950e+06      0.00            0.00            1.00000     0.00000       0.00  %   10000     
3.791000e+06      0.00            0.00            1.00000     0.00000       0.00  %   10000     
3.794000e+06      0.00            0.00            1.00000     0.00000       0.00  %   10000     
3.797100e+06      0.00            0.00            1.00000     0.00000       0.00  %   10000     
3.801690e+06      0.00            0.00            1.00000     0.00000       0.00  %   10000     
3.803220e+06      0.00            0.00            1.00000     0.00000       0.00  %   10000     
3.804500e+06      0.00            0.00            1.00000     0.00000       0.00  %   10000     
3.806290e+06      0.00            0.00            1.00000     0.00000       0.00  %   10000     
3.809360e+06      0.00            0.00            1.00000     0.00000       0.00  %   10000     
3.813582e+06      0.00            0.00            1.00000     0.00000       0.00  %   10000     
3.814990e+06      0.00            0.00            1.00000     0.00000       0.00  %   10000     
3.819100e+06      0.00            0.00            1.00000     0.00000       0.00  %   10000     
3.823210e+06      0.00            0.00            1.00000     0.00000       0.00  %   10000     
3.825270e+06      0.00            0.00            1.00000     0.00000       0.00  %   10000     
3.827840e+06      0.00            0.00            1.00000     0.00000       0.00  %   10000     
3.830000e+06      0.00            0.00            1.00000     0.00000       0.00  %   10000     
3.832490e+06      0.00            0.00            1.00000     0.00000       0.00  %   10000     
3.834040e+06      0.00            0.00            1.00000     0.00000       0.00  %   10000     
3.837655e+06      0.00            0.00            1.00000     0.00000       0.00  %   10000     
3.838690e+06      0.00            0.00            1.00000     0.00000       0.00  %   10000     
3.840765e+06      0.00            0.00            1.00000     0.00000       0.00  %   10000     
3.843358e+06      0.00            0.00            1.00000     0.00000       0.00  %   10000     
3.844910e+06      0.00            0.00            1.00000     0.00000       0.00  %   10000     
3.846990e+06      0.00            0.00            1.00000     0.00000       0.00  %   10000     
3.849070e+06      0.00            0.00            1.00000     0.00000       0.00  %   10000     
3.851150e+06      0.00            0.00            1.00000     0.00000       0.00  %   10000     
3.853750e+06      0.00            0.00            1.00000     0.00000       0.00  %   10000     
3.856870e+06      0.00            0.00            1.00000     0.00000       0.00  %   10000     
3.860000e+06      0.00            0.00            1.00000     0.00000       0.00  %   10000     
3.869420e+06      0.00            0.00            1.00000     0.00000       0.00  %   10000     
3.872560e+06      0.00            0.00            1.00000     0.00000       0.00  %   10000     
3.883600e+06      0.00            0.00            1.00000     0.00000       0.00  %   10000     
3.885180e+06      0.00            0.00            1.00000     0.00000       0.00  %   10000     
3.888350e+06      0.00            0.00            1.00000     0.00000       0.00  %   10000     
3.890000e+06      0.00            0.00            1.00000     0.00000       0.00  %   10000     
3.891520e+06      0.00            0.00            1.00000     0.00000       0.00  %   10000     
3.894690e+06      0.00            0.00            1.00000     0.00000       0.00  %   10000     
3.901040e+06      0.00            0.00            1.00000     0.00000       0.00  %   10000     
3.904230e+06      0.00            0.00            1.00000     0.00000       0.00  %   10000     
3.910610e+06      0.00            0.00            1.00000     0.00000       0.00  %   10000     
3.913800e+06      0.00            0.00            1.00000     0.00000       0.00  %   10000     
3.917000e+06      0.00            0.00            1.00000     0.00000       0.00  %   10000     
3.925020e+06      0.00            0.00            1.00000     0.00000       0.00  %   10000     
3.928235e+06      0.00            0.00            1.00000     0.00000       0.00  %   10000     
3.929840e+06      0.00            0.00            1.00000     0.00000       0.00  %   10000     
3.933060e+06      0.00            0.00            1.00000     0.00000       0.00  %   10000     
3.939510e+06      0.00            0.00            1.00000     0.00000       0.00  %   10000     
3.942740e+06      0.00            0.00            1.00000     0.00000       0.00  %   10000     
3.945980e+06      0.00            0.00            1.00000     0.00000       0.00  %   10000     
3.949220e+06      0.00            0.00            1.00000     0.00000       0.00  %   10000     
3.954085e+06      0.00            0.00            1.00000     0.00000       0.00  %   10000     
3.955710e+06      0.00            0.00            1.00000     0.00000       0.00  %   10000     
3.958965e+06      0.00            0.00            1.00000     0.00000       0.00  %   10000     
3.972010e+06      0.00            0.00            1.00000     0.00000       0.00  %   10000     
3.975280e+06      0.00            0.00            1.00000     0.00000       0.00  %   10000     
3.978550e+06      0.00            0.00            1.00000     0.00000       0.00  %   10000     
3.981830e+06      0.00            0.00            1.00000     0.00000       0.00  %   10000     
3.985120e+06      0.00            0.00            1.00000     0.00000       0.00  %   10000     
3.988400e+06      0.00            0.00            1.00000     0.00000       0.00  %   10000     
3.991695e+06      0.00            0.00            1.00000     0.00000       0.00  %   10000     
3.995000e+06      0.00            0.00            1.00000     0.00000       0.00  %   10000     
3.996640e+06      0.00            0.00            1.00000     0.00000       0.00  %   10000     
4.000000e+06      0.00            0.00            1.00000     0.00000       0.00  %   10000     
4.001600e+06      0.00            0.00            1.00000     0.00000       0.00  %   10000     
4.008220e+06      0.00            0.00            1.00000     0.00000       0.00  %   10000     
4.014850e+06      0.00            0.00            1.00000     0.00000       0.00  %   10000     
4.015000e+06      0.00            0.00            1.00000     0.00000       0.00  %   10000     
4.018180e+06      0.00            0.00            1.00000     0.00000       0.00  %   10000     
4.021510e+06      0.00            0.00            1.00000     0.00000       0.00  %   10000     
4.022532e+06      0.00            0.00            1.00000     0.00000       0.00  %   10000     
4.024840e+06      0.00            0.00            1.00000     0.00000       0.00  %   10000     
4.028180e+06      0.00            0.00            1.00000     0.00000       0.00  %   10000     
4.032500e+06      0.00            0.00            1.00000     0.00000       0.00  %   10000     
4.034860e+06      0.00            0.00            1.00000     0.00000       0.00  %   10000     
4.039890e+06      0.00            0.00            1.00000     0.00000       0.00  %   10000     
4.044930e+06      0.00            0.00            1.00000     0.00000       0.00  %   10000     
4.048290e+06      0.00            0.00            1.00000     0.00000       0.00  %   10000     
4.050000e+06      0.00            0.00            1.00000     0.00000       0.00  %   10000     
4.051650e+06      0.00            0.00            1.00000     0.00000       0.00  %   10000     
4.055025e+06      0.00            0.00            1.00000     0.00000       0.00  %   10000     
4.060000e+06      0.00            0.00            1.00000     0.00000       0.00  %   10000     
4.064600e+06      0.00            0.00            1.00000     0.00000       0.00  %   10000     
4.066860e+06      0.00            0.00            1.00000     0.00000       0.00  %   10000     
4.069110e+06      0.00            0.00            1.00000     0.00000       0.00  %   10000     
4.069800e+06      0.00            0.00            1.00000     0.00000       0.00  %   10000     
4.070000e+06      0.00            0.00            1.00000     0.00000       0.00  %   10000     
4.071565e+06      0.00            0.00            1.00000     0.00000       0.00  %   10000     
4.071570e+06      0.00            0.00            1.00000     0.00000       0.00  %   10000     
4.071662e+06      0.00            0.00            1.00000     0.00000       0.00  %   10000     
4.073640e+06      0.00            0.00            1.00000     0.00000       0.00  %   10000     
4.075905e+06      0.00            0.00            1.00000     0.00000       0.00  %   10000     
4.080440e+06      0.00            0.00            1.00000     0.00000       0.00  %   10000     
4.083845e+06      0.00            0.00            1.00000     0.00000       0.00  %   10000     
4.084980e+06      0.00            0.00            1.00000     0.00000       0.00  %   10000     
4.087830e+06      0.00            0.00            1.00000     0.00000       0.00  %   10000     
4.091240e+06      0.00            0.00            1.00000     0.00000       0.00  %   10000     
4.094660e+06      0.00            0.00            1.00000     0.00000       0.00  %   10000     
4.095000e+06      0.00            0.00            1.00000     0.00000       0.00  %   10000     
4.098090e+06      0.00            0.00            1.00000     0.00000       0.00  %   10000     
4.100000e+06      0.00            0.00            1.00000     0.00000       0.00  %   10000     
4.101520e+06      0.00            0.00            1.00000     0.00000       0.00  %   10000     
4.104095e+06      0.00            0.00            1.00000     0.00000       0.00  %   10000     
4.106670e+06      0.00            0.00            1.00000     0.00000       0.00  %   10000     
4.108960e+06      0.00            0.00            1.00000     0.00000       0.00  %   10000     
4.110000e+06      0.00            0.00            1.00000     0.00000       0.00  %   10000     
4.111250e+06      0.00            0.00            1.00000     0.00000       0.00  %   10000     
4.113550e+06      0.00            0.00            1.00000     0.00000       0.00  %   10000     
4.118150e+06      0.00            0.00            1.00000     0.00000       0.00  %   10000     
4.120000e+06      0.00            0.00            1.00000     0.00000       0.00  %   10000     
4.121031e+06      0.00            0.00            1.00000     0.00000       0.00  %   10000     
4.122760e+06      0.00            0.00            1.00000     0.00000       0.00  %   10000     
4.127950e+06      0.00            0.00            1.00000     0.00000       0.00  %   10000     
4.130000e+06      0.00            0.00            1.00000     0.00000       0.00  %   10000     
4.133150e+06      0.00            0.00            1.00000     0.00000       0.00  %   10000     
4.134890e+06      0.00            0.00            1.00000     0.00000       0.00  %   10000     
4.138360e+06      0.00            0.00            1.00000     0.00000       0.00  %   10000     
4.140000e+06      0.00            0.00            1.00000     0.00000       0.00  %   10000     
4.141840e+06      0.00            0.00            1.00000     0.00000       0.00  %   10000     
4.145320e+06      0.00            0.00            1.00000     0.00000       0.00  %   10000     
4.152310e+06      0.00            0.00            1.00000     0.00000       0.00  %   10000     
4.152500e+06      0.00            0.00            1.00000     0.00000       0.00  %   10000     
4.156100e+06      0.00            0.00            1.00000     0.00000       0.00  %   10000     
4.159890e+06      0.00            0.00            1.00000     0.00000       0.00  %   10000     
4.164570e+06      0.00            0.00            1.00000     0.00000       0.00  %   10000     
4.167500e+06      0.00            0.00            1.00000     0.00000       0.00  %   10000     
4.169250e+06      0.00            0.00            1.00000     0.00000       0.00  %   10000     
4.172478e+06      0.00            0.00            1.00000     0.00000       0.00  %   10000     
4.173940e+06      0.00            0.00            1.00000     0.00000       0.00  %   10000     
4.175000e+06      0.00            0.00            1.00000     0.00000       0.00  %   10000     
4.176290e+06      0.00            0.00            1.00000     0.00000       0.00  %   10000     
4.178640e+06      0.00            0.00            1.00000     0.00000       0.00  %   10000     
4.180000e+06      0.00            0.00            1.00000     0.00000       0.00  %   10000     
4.180995e+06      0.00            0.00            1.00000     0.00000       0.00  %   10000     
4.183350e+06      0.00            0.00            1.00000     0.00000       0.00  %   10000     
4.185710e+06      0.00            0.00            1.00000     0.00000       0.00  %   10000     
4.188660e+06      0.00            0.00            1.00000     0.00000       0.00  %   10000     
4.190000e+06      0.00            0.00            1.00000     0.00000       0.00  %   10000     
4.190430e+06      0.00            0.00            1.00000     0.00000       0.00  %   10000     
4.193975e+06      0.00            0.00            1.00000     0.00000       0.00  %   10000     
4.197530e+06      0.00            0.00            1.00000     0.00000       0.00  %   10000     
4.200000e+06      0.00            0.00            1.00000     0.00000       0.00  %   10000     
4.200492e+06      0.00            0.00            1.00000     0.00000       0.00  %   10000     
4.202270e+06      0.00            0.00            1.00000     0.00000       0.00  %   10000     
4.204640e+06      0.00            0.00            1.00000     0.00000       0.00  %   10000     
4.211770e+06      0.00            0.00            1.00000     0.00000       0.00  %   10000     
4.215000e+06      0.00            0.00            1.00000     0.00000       0.00  %   10000     
4.216540e+06      0.00            0.00            1.00000     0.00000       0.00  %   10000     
4.218920e+06      0.00            0.00            1.00000     0.00000       0.00  %   10000     
4.221310e+06      0.00            0.00            1.00000     0.00000       0.00  %   10000     
4.226090e+06      0.00            0.00            1.00000     0.00000       0.00  %   10000     
4.230880e+06      0.00            0.00            1.00000     0.00000       0.00  %   10000     
4.233280e+06      0.00            0.00            1.00000     0.00000       0.00  %   10000     
4.235680e+06      0.00            0.00            1.00000     0.00000       0.00  %   10000     
4.238680e+06      0.00            0.00            1.00000     0.00000       0.00  %   10000     
4.245900e+06      0.00            0.00            1.00000     0.00000       0.00  %   10000     
4.249520e+06      0.00            0.00            1.00000     0.00000       0.00  %   10000     
4.250000e+06      0.00            0.00            1.00000     0.00000       0.00  %   10000     
4.253140e+06      0.00            0.00            1.00000     0.00000       0.00  %   10000     
4.256760e+06      0.00            0.00            1.00000     0.00000       0.00  %   10000     
4.264030e+06      0.00            0.00            1.00000     0.00000       0.00  %   10000     
4.265000e+06      0.00            0.00            1.00000     0.00000       0.00  %   10000     
4.267670e+06      0.00            0.00            1.00000     0.00000       0.00  %   10000     
4.270000e+06      0.00            0.00            1.00000     0.00000       0.00  %   10000     
4.273138e+06      0.00            0.00            1.00000     0.00000       0.00  %   10000     
4.274960e+06      0.00            0.00            1.00000     0.00000       0.00  %   10000     
4.277500e+06      0.00            0.00            1.00000     0.00000       0.00  %   10000     
4.280450e+06      0.00            0.00            1.00000     0.00000       0.00  %   10000     
4.282280e+06      0.00            0.00            1.00000     0.00000       0.00  %   10000     
4.285000e+06      0.00            0.00            1.00000     0.00000       0.00  %   10000     
4.285940e+06      0.00            0.00            1.00000     0.00000       0.00  %   10000     
4.289610e+06      0.00            0.00            1.00000     0.00000       0.00  %   10000     
4.291250e+06      0.00            0.00            1.00000     0.00000       0.00  %   10000     
4.293280e+06      0.00            0.00            1.00000     0.00000       0.00  %   10000     
4.296960e+06      0.00            0.00            1.00000     0.00000       0.00  %   10000     
4.297500e+06      0.00            0.00            1.00000     0.00000       0.00  %   10000     
4.300640e+06      0.00            0.00            1.00000     0.00000       0.00  %   10000     
4.304330e+06      0.00            0.00            1.00000     0.00000       0.00  %   10000     
4.310000e+06      0.00            0.00            1.00000     0.00000       0.00  %   10000     
4.311710e+06      0.00            0.00            1.00000     0.00000       0.00  %   10000     
4.315415e+06      0.00            0.00            1.00000     0.00000       0.00  %   10000     
4.317500e+06      0.00            0.00            1.00000     0.00000       0.00  %   10000     
4.319120e+06      0.00            0.00            1.00000     0.00000       0.00  %   10000     
4.325000e+06      0.00            0.00            1.00000     0.00000       0.00  %   10000     
4.326550e+06      0.00            0.00            1.00000     0.00000       0.00  %   10000     
4.333990e+06      0.00            0.00            1.00000     0.00000       0.00  %   10000     
4.337500e+06      0.00            0.00            1.00000     0.00000       0.00  %   10000     
4.337720e+06      0.00            0.00            1.00000     0.00000       0.00  %   10000     
4.341460e+06      0.00            0.00            1.00000     0.00000       0.00  %   10000     
4.345200e+06      0.00            0.00            1.00000     0.00000       0.00  %   10000     
4.348940e+06      0.00            0.00            1.00000     0.00000       0.00  %   10000     
4.352690e+06      0.00            0.00            1.00000     0.00000       0.00  %   10000     
4.355820e+06      0.00            0.00            1.00000     0.00000       0.00  %   10000     
4.358320e+06      0.00            0.00            1.00000     0.00000       0.00  %   10000     
4.363340e+06      0.00            0.00            1.00000     0.00000       0.00  %   10000     
4.368365e+06      0.00            0.00            1.00000     0.00000       0.00  %   10000     
4.370000e+06      0.00            0.00            1.00000     0.00000       0.00  %   10000     
4.370250e+06      0.00            0.00            1.00000     0.00000       0.00  %   10000     
4.374030e+06      0.00            0.00            1.00000     0.00000       0.00  %   10000     
4.379705e+06      0.00            0.00            1.00000     0.00000       0.00  %   10000     
4.383495e+06      0.00            0.00            1.00000     0.00000       0.00  %   10000     
4.385390e+06      0.00            0.00            1.00000     0.00000       0.00  %   10000     
4.392990e+06      0.00            0.00            1.00000     0.00000       0.00  %   10000     
4.400000e+06      0.00            0.00            1.00000     0.00000       0.00  %   10000     
4.402515e+06      0.00            0.00            1.00000     0.00000       0.00  %   10000     
4.408240e+06      0.00            0.00            1.00000     0.00000       0.00  %   10000     
4.412070e+06      0.00            0.00            1.00000     0.00000       0.00  %   10000     
4.415900e+06      0.00            0.00            1.00000     0.00000       0.00  %   10000     
4.419740e+06      0.00            0.00            1.00000     0.00000       0.00  %   10000     
4.427430e+06      0.00            0.00            1.00000     0.00000       0.00  %   10000     
4.432500e+06      0.00            0.00            1.00000     0.00000       0.00  %   10000     
4.435130e+06      0.00            0.00            1.00000     0.00000       0.00  %   10000     
4.439000e+06      0.00            0.00            1.00000     0.00000       0.00  %   10000     
4.444795e+06      0.00            0.00            1.00000     0.00000       0.00  %   10000     
4.445000e+06      0.00            0.00            1.00000     0.00000       0.00  %   10000     
4.446730e+06      0.00            0.00            1.00000     0.00000       0.00  %   10000     
4.450610e+06      0.00            0.00            1.00000     0.00000       0.00  %   10000     
4.452000e+06      0.00            0.00            1.00000     0.00000       0.00  %   10000     
4.454490e+06      0.00            0.00            1.00000     0.00000       0.00  %   10000     
4.458000e+06      0.00            0.00            1.00000     0.00000       0.00  %   10000     
4.458380e+06      0.00            0.00            1.00000     0.00000       0.00  %   10000     
4.461000e+06      0.00            0.00            1.00000     0.00000       0.00  %   10000     
4.466000e+06      0.00            0.00            1.00000     0.00000       0.00  %   10000     
4.466170e+06      0.00            0.00            1.00000     0.00000       0.00  %   10000     
4.469000e+06      0.00            0.00            1.00000     0.00000       0.00  %   10000     
4.470000e+06      0.00            0.00            1.00000     0.00000       0.00  %   10000     
4.473980e+06      0.00            0.00            1.00000     0.00000       0.00  %   10000     
4.485730e+06      0.00            0.00            1.00000     0.00000       0.00  %   10000     
4.488000e+06      0.00            0.00            1.00000     0.00000       0.00  %   10000     
4.489000e+06      0.00            0.00            1.00000     0.00000       0.00  %   10000     
4.489660e+06      0.00            0.00            1.00000     0.00000       0.00  %   10000     
4.493595e+06      0.00            0.00            1.00000     0.00000       0.00  %   10000     
4.497530e+06      0.00            0.00            1.00000     0.00000       0.00  %   10000     
4.500000e+06      0.00            0.00            1.00000     0.00000       0.00  %   10000     
4.501480e+06      0.00            0.00            1.00000     0.00000       0.00  %   10000     
4.505420e+06      0.00            0.00            1.00000     0.00000       0.00  %   10000     
4.512680e+06      0.00            0.00            1.00000     0.00000       0.00  %   10000     
4.515000e+06      0.00            0.00            1.00000     0.00000       0.00  %   10000     
4.515320e+06      0.00            0.00            1.00000     0.00000       0.00  %   10000     
4.517960e+06      0.00            0.00            1.00000     0.00000       0.00  %   10000     
4.519500e+06      0.00            0.00            1.00000     0.00000       0.00  %   10000     
4.521272e+06      0.00            0.00            1.00000     0.00000       0.00  %   10000     
4.521500e+06      0.00            0.00            1.00000     0.00000       0.00  %   10000     
4.522500e+06      0.00            0.00            1.00000     0.00000       0.00  %   10000     
4.523250e+06      0.00            0.00            1.00000     0.00000       0.00  %   10000     
4.523260e+06      0.00            0.00            1.00000     0.00000       0.00  %   10000     
4.524000e+06      0.00            0.00            1.00000     0.00000       0.00  %   10000     
4.525125e+06      0.00            0.00            1.00000     0.00000       0.00  %   10000     
4.525910e+06      0.00            0.00            1.00000     0.00000       0.00  %   10000     
4.526750e+06      0.00            0.00            1.00000     0.00000       0.00  %   10000     
4.527000e+06      0.00            0.00            1.00000     0.00000       0.00  %   10000     
4.528000e+06      0.00            0.00            1.00000     0.00000       0.00  %   10000     
4.528560e+06      0.00            0.00            1.00000     0.00000       0.00  %   10000     
4.531000e+06      0.00            0.00            1.00000     0.00000       0.00  %   10000     
4.532500e+06      0.00            0.00            1.00000     0.00000       0.00  %   10000     
4.532550e+06      0.00            0.00            1.00000     0.00000       0.00  %   10000     
4.534500e+06      0.00            0.00            1.00000     0.00000       0.00  %   10000     
4.536540e+06      0.00            0.00            1.00000     0.00000       0.00  %   10000     
4.537500e+06      0.00            0.00            1.00000     0.00000       0.00  %   10000     
4.540538e+06      0.00            0.00            1.00000     0.00000       0.00  %   10000     
4.541870e+06      0.00            0.00            1.00000     0.00000       0.00  %   10000     
4.543000e+06      0.00            0.00            1.00000     0.00000       0.00  %   10000     
4.544535e+06      0.00            0.00            1.00000     0.00000       0.00  %   10000     
4.547200e+06      0.00            0.00            1.00000     0.00000       0.00  %   10000     
4.549880e+06      0.00            0.00            1.00000     0.00000       0.00  %   10000     
4.555000e+06      0.00            0.00            1.00000     0.00000       0.00  %   10000     
4.555230e+06      0.00            0.00            1.00000     0.00000       0.00  %   10000     
4.560590e+06      0.00            0.00            1.00000     0.00000       0.00  %   10000     
4.563275e+06      0.00            0.00            1.00000     0.00000       0.00  %   10000     
4.568650e+06      0.00            0.00            1.00000     0.00000       0.00  %   10000     
4.571340e+06      0.00            0.00            1.00000     0.00000       0.00  %   10000     
4.574030e+06      0.00            0.00            1.00000     0.00000       0.00  %   10000     
4.576730e+06      0.00            0.00            1.00000     0.00000       0.00  %   10000     
4.579430e+06      0.00            0.00            1.00000     0.00000       0.00  %   10000     
4.580000e+06      0.00            0.00            1.00000     0.00000       0.00  %   10000     
4.582130e+06      0.00            0.00            1.00000     0.00000       0.00  %   10000     
4.585510e+06      0.00            0.00            1.00000     0.00000       0.00  %   10000     
4.588500e+06      0.00            0.00            1.00000     0.00000       0.00  %   10000     
4.589570e+06      0.00            0.00            1.00000     0.00000       0.00  %   10000     
4.591000e+06      0.00            0.00            1.00000     0.00000       0.00  %   10000     
4.592000e+06      0.00            0.00            1.00000     0.00000       0.00  %   10000     
4.593100e+06      0.00            0.00            1.00000     0.00000       0.00  %   10000     
4.593550e+06      0.00            0.00            1.00000     0.00000       0.00  %   10000     
4.593630e+06      0.00            0.00            1.00000     0.00000       0.00  %   10000     
4.593850e+06      0.00            0.00            1.00000     0.00000       0.00  %   10000     
4.594100e+06      0.00            0.00            1.00000     0.00000       0.00  %   10000     
4.594400e+06      0.00            0.00            1.00000     0.00000       0.00  %   10000     
4.594700e+06      0.00            0.00            1.00000     0.00000       0.00  %   10000     
4.594850e+06      0.00            0.00            1.00000     0.00000       0.00  %   10000     
4.594900e+06      0.00            0.00            1.00000     0.00000       0.00  %   10000     
4.595050e+06      0.00            0.00            1.00000     0.00000       0.00  %   10000     
4.595400e+06      0.00            0.00            1.00000     0.00000       0.00  %   10000     
4.595650e+06      0.00            0.00            1.00000     0.00000       0.00  %   10000     
4.595900e+06      0.00            0.00            1.00000     0.00000       0.00  %   10000     
4.596200e+06      0.00            0.00            1.00000     0.00000       0.00  %   10000     
4.596650e+06      0.00            0.00            1.00000     0.00000       0.00  %   10000     
4.597000e+06      0.00            0.00            1.00000     0.00000       0.00  %   10000     
4.597700e+06      0.00            0.00            1.00000     0.00000       0.00  %   10000     
4.598000e+06      0.00            0.00            1.00000     0.00000       0.00  %   10000     
4.600000e+06      0.00            0.00            1.00000     0.00000       0.00  %   10000     
4.601780e+06      0.00            0.00            1.00000     0.00000       0.00  %   10000     
4.604000e+06      0.00            0.00            1.00000     0.00000       0.00  %   10000     
4.605865e+06      0.00            0.00            1.00000     0.00000       0.00  %   10000     
4.612000e+06      0.00            0.00            1.00000     0.00000       0.00  %   10000     
4.614040e+06      0.00            0.00            1.00000     0.00000       0.00  %   10000     
4.616090e+06      0.00            0.00            1.00000     0.00000       0.00  %   10000     
4.620000e+06      0.00            0.00            1.00000     0.00000       0.00  %   10000     
4.624000e+06      0.00            0.00            1.00000     0.00000       0.00  %   10000     
4.626750e+06      0.00            0.00            1.00000     0.00000       0.00  %   10000     
4.628750e+06      0.00            0.00            1.00000     0.00000       0.00  %   10000     
4.630750e+06      0.00            0.00            1.00000     0.00000       0.00  %   10000     
4.631500e+06      0.00            0.00            1.00000     0.00000       0.00  %   10000     
4.632500e+06      0.00            0.00            1.00000     0.00000       0.00  %   10000     
4.634590e+06      0.00            0.00            1.00000     0.00000       0.00  %   10000     
4.635500e+06      0.00            0.00            1.00000     0.00000       0.00  %   10000     
4.637500e+06      0.00            0.00            1.00000     0.00000       0.00  %   10000     
4.638710e+06      0.00            0.00            1.00000     0.00000       0.00  %   10000     
4.640000e+06      0.00            0.00            1.00000     0.00000       0.00  %   10000     
4.642850e+06      0.00            0.00            1.00000     0.00000       0.00  %   10000     
4.645000e+06      0.00            0.00            1.00000     0.00000       0.00  %   10000     
4.646980e+06      0.00            0.00            1.00000     0.00000       0.00  %   10000     
4.651120e+06      0.00            0.00            1.00000     0.00000       0.00  %   10000     
4.655270e+06      0.00            0.00            1.00000     0.00000       0.00  %   10000     
4.660000e+06      0.00            0.00            1.00000     0.00000       0.00  %   10000     
4.663590e+06      0.00            0.00            1.00000     0.00000       0.00  %   10000     
4.667750e+06      0.00            0.00            1.00000     0.00000       0.00  %   10000     
4.671920e+06      0.00            0.00            1.00000     0.00000       0.00  %   10000     
4.684460e+06      0.00            0.00            1.00000     0.00000       0.00  %   10000     
4.688660e+06      0.00            0.00            1.00000     0.00000       0.00  %   10000     
4.692160e+06      0.00            0.00            1.00000     0.00000       0.00  %   10000     
4.694960e+06      0.00            0.00            1.00000     0.00000       0.00  %   10000     
4.697760e+06      0.00            0.00            1.00000     0.00000       0.00  %   10000     
4.700000e+06      0.00            0.00            1.00000     0.00000       0.00  %   10000     
4.701975e+06      0.00            0.00            1.00000     0.00000       0.00  %   10000     
4.706190e+06      0.00            0.00            1.00000     0.00000       0.00  %   10000     
4.709000e+06      0.00            0.00            1.00000     0.00000       0.00  %   10000     
4.717460e+06      0.00            0.00            1.00000     0.00000       0.00  %   10000     
4.720988e+06      0.00            0.00            1.00000     0.00000       0.00  %   10000     
4.723110e+06      0.00            0.00            1.00000     0.00000       0.00  %   10000     
4.725940e+06      0.00            0.00            1.00000     0.00000       0.00  %   10000     
4.728770e+06      0.00            0.00            1.00000     0.00000       0.00  %   10000     
4.731605e+06      0.00            0.00            1.00000     0.00000       0.00  %   10000     
4.734440e+06      0.00            0.00            1.00000     0.00000       0.00  %   10000     
4.737280e+06      0.00            0.00            1.00000     0.00000       0.00  %   10000     
4.740120e+06      0.00            0.00            1.00000     0.00000       0.00  %   10000     
4.742790e+06      0.00            0.00            1.00000     0.00000       0.00  %   10000     
4.750000e+06      0.00            0.00            1.00000     0.00000       0.00  %   10000     
4.750800e+06      0.00            0.00            1.00000     0.00000       0.00  %   10000     
4.755085e+06      0.00            0.00            1.00000     0.00000       0.00  %   10000     
4.759370e+06      0.00            0.00            1.00000     0.00000       0.00  %   10000     
4.763670e+06      0.00            0.00            1.00000     0.00000       0.00  %   10000     
4.768239e+06      0.00            0.00            1.00000     0.00000       0.00  %   10000     
4.770000e+06      0.00            0.00            1.00000     0.00000       0.00  %   10000     
4.772275e+06      0.00            0.00            1.00000     0.00000       0.00  %   10000     
4.778740e+06      0.00            0.00            1.00000     0.00000       0.00  %   10000     
4.780900e+06      0.00            0.00            1.00000     0.00000       0.00  %   10000     
4.785000e+06      0.00            0.00            1.00000     0.00000       0.00  %   10000     
4.785230e+06      0.00            0.00            1.00000     0.00000       0.00  %   10000     
4.789200e+06      0.00            0.00            1.00000     0.00000       0.00  %   10000     
4.789550e+06      0.00            0.00            1.00000     0.00000       0.00  %   10000     
4.794615e+06      0.00            0.00            1.00000     0.00000       0.00  %   10000     
4.795000e+06      0.00            0.00            1.00000     0.00000       0.00  %   10000     
4.796060e+06      0.00            0.00            1.00000     0.00000       0.00  %   10000     
4.798950e+06      0.00            0.00            1.00000     0.00000       0.00  %   10000     
4.800000e+06      0.00            0.00            1.00000     0.00000       0.00  %   10000     
4.802500e+06      0.00            0.00            1.00000     0.00000       0.00  %   10000     
4.804750e+06      0.00            0.00            1.00000     0.00000       0.00  %   10000     
4.807660e+06      0.00            0.00            1.00000     0.00000       0.00  %   10000     
4.810000e+06      0.00            0.00            1.00000     0.00000       0.00  %   10000     
4.812015e+06      0.00            0.00            1.00000     0.00000       0.00  %   10000     
4.814925e+06      0.00            0.00            1.00000     0.00000       0.00  %   10000     
4.816380e+06      0.00            0.00            1.00000     0.00000       0.00  %   10000     
4.821250e+06      0.00            0.00            1.00000     0.00000       0.00  %   10000     
4.822210e+06      0.00            0.00            1.00000     0.00000       0.00  %   10000     
4.823160e+06      0.00            0.00            1.00000     0.00000       0.00  %   10000     
4.827320e+06      0.00            0.00            1.00000     0.00000       0.00  %   10000     
4.828050e+06      0.00            0.00            1.00000     0.00000       0.00  %   10000     
4.830000e+06      0.00            0.00            1.00000     0.00000       0.00  %   10000     
4.830980e+06      0.00            0.00            1.00000     0.00000       0.00  %   10000     
4.833900e+06      0.00            0.00            1.00000     0.00000       0.00  %   10000     
4.835000e+06      0.00            0.00            1.00000     0.00000       0.00  %   10000     
4.836830e+06      0.00            0.00            1.00000     0.00000       0.00  %   10000     
4.839765e+06      0.00            0.00            1.00000     0.00000       0.00  %   10000     
4.840000e+06      0.00            0.00            1.00000     0.00000       0.00  %   10000     
4.842700e+06      0.00            0.00            1.00000     0.00000       0.00  %   10000     
4.845640e+06      0.00            0.00            1.00000     0.00000       0.00  %   10000     
4.848580e+06      0.00            0.00            1.00000     0.00000       0.00  %   10000     
4.850000e+06      0.00            0.00            1.00000     0.00000       0.00  %   10000     
4.851520e+06      0.00            0.00            1.00000     0.00000       0.00  %   10000     
4.857410e+06      0.00            0.00            1.00000     0.00000       0.00  %   10000     
4.861845e+06      0.00            0.00            1.00000     0.00000       0.00  %   10000     
4.863320e+06      0.00            0.00            1.00000     0.00000       0.00  %   10000     
4.866280e+06      0.00            0.00            1.00000     0.00000       0.00  %   10000     
4.869240e+06      0.00            0.00            1.00000     0.00000       0.00  %   10000     
4.872500e+06      0.00            0.00            1.00000     0.00000       0.00  %   10000     
4.877388e+06      0.00            0.00            1.00000     0.00000       0.00  %   10000     
4.881100e+06      0.00            0.00            1.00000     0.00000       0.00  %   10000     
4.884070e+06      0.00            0.00            1.00000     0.00000       0.00  %   10000     
4.887050e+06      0.00            0.00            1.00000     0.00000       0.00  %   10000     
4.890770e+06      0.00            0.00            1.00000     0.00000       0.00  %   10000     
4.892500e+06      0.00            0.00            1.00000     0.00000       0.00  %   10000     
4.899720e+06      0.00            0.00            1.00000     0.00000       0.00  %   10000     
4.900000e+06      0.00            0.00            1.00000     0.00000       0.00  %   10000     
4.903460e+06      0.00            0.00            1.00000     0.00000       0.00  %   10000     
4.906460e+06      0.00            0.00            1.00000     0.00000       0.00  %   10000     
4.909450e+06      0.00            0.00            1.00000     0.00000       0.00  %   10000     
4.912450e+06      0.00            0.00            1.00000     0.00000       0.00  %   10000     
4.915000e+06      0.00            0.00            1.00000     0.00000       0.00  %   10000     
4.918460e+06      0.00            0.00            1.00000     0.00000       0.00  %   10000     
4.921460e+06      0.00            0.00            1.00000     0.00000       0.00  %   10000     
4.925980e+06      0.00            0.00            1.00000     0.00000       0.00  %   10000     
4.927490e+06      0.00            0.00            1.00000     0.00000       0.00  %   10000     
4.930500e+06      0.00            0.00            1.00000     0.00000       0.00  %   10000     
4.934270e+06      0.00            0.00            1.00000     0.00000       0.00  %   10000     
4.938810e+06      0.00            0.00            1.00000     0.00000       0.00  %   10000     
4.943350e+06      0.00            0.00            1.00000     0.00000       0.00  %   10000     
4.947890e+06      0.00            0.00            1.00000     0.00000       0.00  %   10000     
4.950000e+06      0.00            0.00            1.00000     0.00000       0.00  %   10000     
4.952445e+06      0.00            0.00            1.00000     0.00000       0.00  %   10000     
4.957000e+06      0.00            0.00            1.00000     0.00000       0.00  %   10000     
4.961570e+06      0.00            0.00            1.00000     0.00000       0.00  %   10000     
4.970720e+06      0.00            0.00            1.00000     0.00000       0.00  %   10000     
4.970800e+06      0.00            0.00            1.00000     0.00000       0.00  %   10000     
4.975300e+06      0.00            0.00            1.00000     0.00000       0.00  %   10000     
4.980000e+06      0.00            0.00            1.00000     0.00000       0.00  %   10000     
4.982192e+06      0.00            0.00            1.00000     0.00000       0.00  %   10000     
4.989090e+06      0.00            0.00            1.00000     0.00000       0.00  %   10000     
4.990000e+06      0.00            0.00            1.00000     0.00000       0.00  %   10000     
4.998320e+06      0.00            0.00            1.00000     0.00000       0.00  %   10000     
5.000000e+06      0.00            0.00            1.00000     0.00000       0.00  %   10000     
5.002940e+06      0.00            0.00            1.00000     0.00000       0.00  %   10000     
5.007570e+06      0.00            0.00            1.00000     0.00000       0.00  %   10000     
5.010000e+06      0.00            0.00            1.00000     0.00000       0.00  %   10000     
5.012200e+06      0.00            0.00            1.00000     0.00000       0.00  %   10000     
5.016850e+06      0.00            0.00            1.00000     0.00000       0.00  %   10000     
5.022085e+06      0.00            0.00            1.00000     0.00000       0.00  %   10000     
5.025000e+06      0.00            0.00            1.00000     0.00000       0.00  %   10000     
5.030810e+06      0.00            0.00            1.00000     0.00000       0.00  %   10000     
5.034700e+06      0.00            0.00            1.00000     0.00000       0.00  %   10000     
5.037810e+06      0.00            0.00            1.00000     0.00000       0.00  %   10000     
5.040000e+06      0.00            0.00            1.00000     0.00000       0.00  %   10000     
5.040930e+06      0.00            0.00            1.00000     0.00000       0.00  %   10000     
5.044050e+06      0.00            0.00            1.00000     0.00000       0.00  %   10000     
5.050300e+06      0.00            0.00            1.00000     0.00000       0.00  %   10000     
5.056560e+06      0.00            0.00            1.00000     0.00000       0.00  %   10000     
5.061265e+06      0.00            0.00            1.00000     0.00000       0.00  %   10000     
5.069120e+06      0.00            0.00            1.00000     0.00000       0.00  %   10000     
5.070000e+06      0.00            0.00            1.00000     0.00000       0.00  %   10000     
5.075420e+06      0.00            0.00            1.00000     0.00000       0.00  %   10000     
5.078570e+06      0.00            0.00            1.00000     0.00000       0.00  %   10000     
5.084880e+06      0.00            0.00            1.00000     0.00000       0.00  %   10000     
5.088830e+06      0.00            0.00            1.00000     0.00000       0.00  %   10000     
5.090000e+06      0.00            0.00            1.00000     0.00000       0.00  %   10000     
5.093580e+06      0.00            0.00            1.00000     0.00000       0.00  %   10000     
5.098340e+06      0.00            0.00            1.00000     0.00000       0.00  %   10000     
5.101500e+06      0.00            0.00            1.00000     0.00000       0.00  %   10000     
5.103105e+06      0.00            0.00            1.00000     0.00000       0.00  %   10000     
5.107000e+06      0.00            0.00            1.00000     0.00000       0.00  %   10000     
5.107870e+06      0.00            0.00            1.00000     0.00000       0.00  %   10000     
5.112000e+06      0.00            0.00            1.00000     0.00000       0.00  %   10000     
5.117430e+06      0.00            0.00            1.00000     0.00000       0.00  %   10000     
5.122000e+06      0.00            0.00            1.00000     0.00000       0.00  %   10000     
5.122220e+06      0.00            0.00            1.00000     0.00000       0.00  %   10000     
5.125000e+06      0.00            0.00            1.00000     0.00000       0.00  %   10000     
5.127010e+06      0.00            0.00            1.00000     0.00000       0.00  %   10000     
5.128000e+06      0.00            0.00            1.00000     0.00000       0.00  %   10000     
5.131010e+06      0.00            0.00            1.00000     0.00000       0.00  %   10000     
5.134220e+06      0.00            0.00            1.00000     0.00000       0.00  %   10000     
5.138000e+06      0.00            0.00            1.00000     0.00000       0.00  %   10000     
5.143000e+06      0.00            0.00            1.00000     0.00000       0.00  %   10000     
5.143850e+06      0.00            0.00            1.00000     0.00000       0.00  %   10000     
5.147070e+06      0.00            0.00            1.00000     0.00000       0.00  %   10000     
5.148500e+06      0.00            0.00            1.00000     0.00000       0.00  %   10000     
5.150089e+06      0.00            0.00            1.00000     0.00000       0.00  %   10000     
5.153712e+06      0.00            0.00            1.00000     0.00000       0.00  %   10000     
5.153713e+06      0.00            0.00            1.00000     0.00000       0.00  %   10000     
5.156735e+06      0.00            0.00            1.00000     0.00000       0.00  %   10000     
5.156755e+06      0.00            0.00            1.00000     0.00000       0.00  %   10000     
5.160000e+06      0.00            0.00            1.00000     0.00000       0.00  %   10000     
5.166430e+06      0.00            0.00            1.00000     0.00000       0.00  %   10000     
5.169670e+06      0.00            0.00            1.00000     0.00000       0.00  %   10000     
5.172910e+06      0.00            0.00            1.00000     0.00000       0.00  %   10000     
5.175000e+06      0.00            0.00            1.00000     0.00000       0.00  %   10000     
5.176970e+06      0.00            0.00            1.00000     0.00000       0.00  %   10000     
5.181840e+06      0.00            0.00            1.00000     0.00000       0.00  %   10000     
5.186720e+06      0.00            0.00            1.00000     0.00000       0.00  %   10000     
5.192832e+06      0.00            0.00            1.00000     0.00000       0.00  %   10000     
5.200000e+06      0.00            0.00            1.00000     0.00000       0.00  %   10000     
5.201400e+06      0.00            0.00            1.00000     0.00000       0.00  %   10000     
5.206310e+06      0.00            0.00            1.00000     0.00000       0.00  %   10000     
5.212454e+06      0.00            0.00            1.00000     0.00000       0.00  %   10000     
5.216140e+06      0.00            0.00            1.00000     0.00000       0.00  %   10000     
5.226010e+06      0.00            0.00            1.00000     0.00000       0.00  %   10000     
5.231579e+06      0.00            0.00            1.00000     0.00000       0.00  %   10000     
5.240860e+06      0.00            0.00            1.00000     0.00000       0.00  %   10000     
5.245000e+06      0.00            0.00            1.00000     0.00000       0.00  %   10000     
5.248308e+06      0.00            0.00            1.00000     0.00000       0.00  %   10000     
5.255770e+06      0.00            0.00            1.00000     0.00000       0.00  %   10000     
5.260760e+06      0.00            0.00            1.00000     0.00000       0.00  %   10000     
5.265750e+06      0.00            0.00            1.00000     0.00000       0.00  %   10000     
5.270750e+06      0.00            0.00            1.00000     0.00000       0.00  %   10000     
5.275750e+06      0.00            0.00            1.00000     0.00000       0.00  %   10000     
5.285169e+06      0.00            0.00            1.00000     0.00000       0.00  %   10000     
5.290820e+06      0.00            0.00            1.00000     0.00000       0.00  %   10000     
5.295850e+06      0.00            0.00            1.00000     0.00000       0.00  %   10000     
5.302000e+06      0.00            0.00            1.00000     0.00000       0.00  %   10000     
5.302156e+06      0.00            0.00            1.00000     0.00000       0.00  %   10000     
5.305000e+06      0.00            0.00            1.00000     0.00000       0.00  %   10000     
5.305940e+06      0.00            0.00            1.00000     0.00000       0.00  %   10000     
5.306000e+06      0.00            0.00            1.00000     0.00000       0.00  %   10000     
5.306750e+06      0.00            0.00            1.00000     0.00000       0.00  %   10000     
5.307000e+06      0.00            0.00            1.00000     0.00000       0.00  %   10000     
5.307312e+06      0.00            0.00            1.00000     0.00000       0.00  %   10000     
5.307875e+06      0.00            0.00            1.00000     0.00000       0.00  %   10000     
5.308000e+06      0.00            0.00            1.00000     0.00000       0.00  %   10000     
5.308188e+06      0.00            0.00            1.00000     0.00000       0.00  %   10000     
5.308938e+06      0.00            0.00            1.00000     0.00000       0.00  %   10000     
5.309125e+06      0.00            0.00            1.00000     0.00000       0.00  %   10000     
5.310000e+06      0.00            0.00            1.00000     0.00000       0.00  %   10000     
5.311000e+06      0.00            0.00            1.00000     0.00000       0.00  %   10000     
5.313500e+06      0.00            0.00            1.00000     0.00000       0.00  %   10000     
5.316070e+06      0.00            0.00            1.00000     0.00000       0.00  %   10000     
5.321140e+06      0.00            0.00            1.00000     0.00000       0.00  %   10000     
5.325000e+06      0.00            0.00            1.00000     0.00000       0.00  %   10000     
5.326419e+06      0.00            0.00            1.00000     0.00000       0.00  %   10000     
5.326424e+06      0.00            0.00            1.00000     0.00000       0.00  %   10000     
5.326429e+06      0.00            0.00            1.00000     0.00000       0.00  %   10000     
5.331300e+06      0.00            0.00            1.00000     0.00000       0.00  %   10000     
5.338940e+06      0.00            0.00            1.00000     0.00000       0.00  %   10000     
5.346600e+06      0.00            0.00            1.00000     0.00000       0.00  %   10000     
5.359405e+06      0.00            0.00            1.00000     0.00000       0.00  %   10000     
5.361000e+06      0.00            0.00            1.00000     0.00000       0.00  %   10000     
5.361970e+06      0.00            0.00            1.00000     0.00000       0.00  %   10000     
5.363500e+06      0.00            0.00            1.00000     0.00000       0.00  %   10000     
5.364750e+06      0.00            0.00            1.00000     0.00000       0.00  %   10000     
5.365500e+06      0.00            0.00            1.00000     0.00000       0.00  %   10000     
5.366250e+06      0.00            0.00            1.00000     0.00000       0.00  %   10000     
5.366875e+06      0.00            0.00            1.00000     0.00000       0.00  %   10000     
5.368000e+06      0.00            0.00            1.00000     0.00000       0.00  %   10000     
5.368500e+06      0.00            0.00            1.00000     0.00000       0.00  %   10000     
5.369000e+06      0.00            0.00            1.00000     0.00000       0.00  %   10000     
5.369680e+06      0.00            0.00            1.00000     0.00000       0.00  %   10000     
5.369750e+06      0.00            0.00            1.00000     0.00000       0.00  %   10000     
5.371250e+06      0.00            0.00            1.00000     0.00000       0.00  %   10000     
5.372250e+06      0.00            0.00            1.00000     0.00000       0.00  %   10000     
5.372500e+06      0.00            0.00            1.00000     0.00000       0.00  %   10000     
5.374250e+06      0.00            0.00            1.00000     0.00000       0.00  %   10000     
5.376250e+06      0.00            0.00            1.00000     0.00000       0.00  %   10000     
5.377410e+06      0.00            0.00            1.00000     0.00000       0.00  %   10000     
5.380000e+06      0.00            0.00            1.00000     0.00000       0.00  %   10000     
5.382570e+06      0.00            0.00            1.00000     0.00000       0.00  %   10000     
5.387500e+06      0.00            0.00            1.00000     0.00000       0.00  %   10000     
5.387730e+06      0.00            0.00            1.00000     0.00000       0.00  %   10000     
5.387780e+06      0.00            0.00            1.00000     0.00000       0.00  %   10000     
5.392910e+06      0.00            0.00            1.00000     0.00000       0.00  %   10000     
5.398090e+06      0.00            0.00            1.00000     0.00000       0.00  %   10000     
5.400000e+06      0.00            0.00            1.00000     0.00000       0.00  %   10000     
5.410000e+06      0.00            0.00            1.00000     0.00000       0.00  %   10000     
5.413680e+06      0.00            0.00            1.00000     0.00000       0.00  %   10000     
5.418890e+06      0.00            0.00            1.00000     0.00000       0.00  %   10000     
5.424110e+06      0.00            0.00            1.00000     0.00000       0.00  %   10000     
5.428030e+06      0.00            0.00            1.00000     0.00000       0.00  %   10000     
5.430970e+06      0.00            0.00            1.00000     0.00000       0.00  %   10000     
5.435450e+06      0.00            0.00            1.00000     0.00000       0.00  %   10000     
5.438940e+06      0.00            0.00            1.00000     0.00000       0.00  %   10000     
5.442440e+06      0.00            0.00            1.00000     0.00000       0.00  %   10000     
5.445940e+06      0.00            0.00            1.00000     0.00000       0.00  %   10000     
5.450000e+06      0.00            0.00            1.00000     0.00000       0.00  %   10000     
5.452950e+06      0.00            0.00            1.00000     0.00000       0.00  %   10000     
5.456470e+06      0.00            0.00            1.00000     0.00000       0.00  %   10000     
5.459980e+06      0.00            0.00            1.00000     0.00000       0.00  %   10000     
5.460000e+06      0.00            0.00            1.00000     0.00000       0.00  %   10000     
5.463500e+06      0.00            0.00            1.00000     0.00000       0.00  %   10000     
5.467020e+06      0.00            0.00            1.00000     0.00000       0.00  %   10000     
5.470550e+06      0.00            0.00            1.00000     0.00000       0.00  %   10000     
5.474080e+06      0.00            0.00            1.00000     0.00000       0.00  %   10000     
5.477610e+06      0.00            0.00            1.00000     0.00000       0.00  %   10000     
5.481150e+06      0.00            0.00            1.00000     0.00000       0.00  %   10000     
5.484690e+06      0.00            0.00            1.00000     0.00000       0.00  %   10000     
5.488230e+06      0.00            0.00            1.00000     0.00000       0.00  %   10000     
5.491770e+06      0.00            0.00            1.00000     0.00000       0.00  %   10000     
5.495320e+06      0.00            0.00            1.00000     0.00000       0.00  %   10000     
5.498880e+06      0.00            0.00            1.00000     0.00000       0.00  %   10000     
5.500000e+06      0.00            0.00            1.00000     0.00000       0.00  %   10000     
5.502430e+06      0.00            0.00            1.00000     0.00000       0.00  %   10000     
5.505990e+06      0.00            0.00            1.00000     0.00000       0.00  %   10000     
5.512675e+06      0.00            0.00            1.00000     0.00000       0.00  %   10000     
5.512842e+06      0.00            0.00            1.00000     0.00000       0.00  %   10000     
5.513120e+06      0.00            0.00            1.00000     0.00000       0.00  %   10000     
5.516690e+06      0.00            0.00            1.00000     0.00000       0.00  %   10000     
5.520270e+06      0.00            0.00            1.00000     0.00000       0.00  %   10000     
5.524295e+06      0.00            0.00            1.00000     0.00000       0.00  %   10000     
5.524440e+06      0.00            0.00            1.00000     0.00000       0.00  %   10000     
5.531010e+06      0.00            0.00            1.00000     0.00000       0.00  %   10000     
5.535000e+06      0.00            0.00            1.00000     0.00000       0.00  %   10000     
5.539090e+06      0.00            0.00            1.00000     0.00000       0.00  %   10000     
5.544485e+06      0.00            0.00            1.00000     0.00000       0.00  %   10000     
5.549880e+06      0.00            0.00            1.00000     0.00000       0.00  %   10000     
5.555300e+06      0.00            0.00            1.00000     0.00000       0.00  %   10000     
5.560000e+06      0.00            0.00            1.00000     0.00000       0.00  %   10000     
5.560710e+06      0.00            0.00            1.00000     0.00000       0.00  %   10000     
5.571580e+06      0.00            0.00            1.00000     0.00000       0.00  %   10000     
5.577025e+06      0.00            0.00            1.00000     0.00000       0.00  %   10000     
5.585000e+06      0.00            0.00            1.00000     0.00000       0.00  %   10000     
5.587930e+06      0.00            0.00            1.00000     0.00000       0.00  %   10000     
5.593390e+06      0.00            0.00            1.00000     0.00000       0.00  %   10000     
5.598870e+06      0.00            0.00            1.00000     0.00000       0.00  %   10000     
5.608468e+06      0.00            0.00            1.00000     0.00000       0.00  %   10000     
5.609840e+06      0.00            0.00            1.00000     0.00000       0.00  %   10000     
5.620850e+06      0.00            0.00            1.00000     0.00000       0.00  %   10000     
5.620950e+06      0.00            0.00            1.00000     0.00000       0.00  %   10000     
5.626000e+06      0.00            0.00            1.00000     0.00000       0.00  %   10000     
5.626360e+06      0.00            0.00            1.00000     0.00000       0.00  %   10000     
5.631890e+06      0.00            0.00            1.00000     0.00000       0.00  %   10000     
5.636000e+06      0.00            0.00            1.00000     0.00000       0.00  %   10000     
5.640190e+06      0.00            0.00            1.00000     0.00000       0.00  %   10000     
5.642960e+06      0.00            0.00            1.00000     0.00000       0.00  %   10000     
5.651285e+06      0.00            0.00            1.00000     0.00000       0.00  %   10000     
5.654060e+06      0.00            0.00            1.00000     0.00000       0.00  %   10000     
5.659630e+06      0.00            0.00            1.00000     0.00000       0.00  %   10000     
5.662000e+06      0.00            0.00            1.00000     0.00000       0.00  %   10000     
5.667990e+06      0.00            0.00            1.00000     0.00000       0.00  %   10000     
5.668000e+06      0.00            0.00            1.00000     0.00000       0.00  %   10000     
5.671000e+06      0.00            0.00            1.00000     0.00000       0.00  %   10000     
5.672000e+06      0.00            0.00            1.00000     0.00000       0.00  %   10000     
5.674000e+06      0.00            0.00            1.00000     0.00000       0.00  %   10000     
5.676000e+06      0.00            0.00            1.00000     0.00000       0.00  %   10000     
5.678000e+06      0.00            0.00            1.00000     0.00000       0.00  %   10000     
5.680000e+06      0.00            0.00            1.00000     0.00000       0.00  %   10000     
5.681970e+06      0.00            0.00            1.00000     0.00000       0.00  %   10000     
5.682000e+06      0.00            0.00            1.00000     0.00000       0.00  %   10000     
5.685000e+06      0.00            0.00            1.00000     0.00000       0.00  %   10000     
5.687570e+06      0.00            0.00            1.00000     0.00000       0.00  %   10000     
5.693190e+06      0.00            0.00            1.00000     0.00000       0.00  %   10000     
5.698500e+06      0.00            0.00            1.00000     0.00000       0.00  %   10000     
5.704440e+06      0.00            0.00            1.00000     0.00000       0.00  %   10000     
5.710080e+06      0.00            0.00            1.00000     0.00000       0.00  %   10000     
5.715730e+06      0.00            0.00            1.00000     0.00000       0.00  %   10000     
5.727050e+06      0.00            0.00            1.00000     0.00000       0.00  %   10000     
5.732720e+06      0.00            0.00            1.00000     0.00000       0.00  %   10000     
5.738400e+06      0.00            0.00            1.00000     0.00000       0.00  %   10000     
5.744090e+06      0.00            0.00            1.00000     0.00000       0.00  %   10000     
5.749790e+06      0.00            0.00            1.00000     0.00000       0.00  %   10000     
5.750000e+06      0.00            0.00            1.00000     0.00000       0.00  %   10000     
5.758350e+06      0.00            0.00            1.00000     0.00000       0.00  %   10000     
5.761210e+06      0.00            0.00            1.00000     0.00000       0.00  %   10000     
5.766930e+06      0.00            0.00            1.00000     0.00000       0.00  %   10000     
5.781250e+06      0.00            0.00            1.00000     0.00000       0.00  %   10000     
5.784150e+06      0.00            0.00            1.00000     0.00000       0.00  %   10000     
5.789910e+06      0.00            0.00            1.00000     0.00000       0.00  %   10000     
5.792500e+06      0.00            0.00            1.00000     0.00000       0.00  %   10000     
5.795680e+06      0.00            0.00            1.00000     0.00000       0.00  %   10000     
5.801460e+06      0.00            0.00            1.00000     0.00000       0.00  %   10000     
5.807240e+06      0.00            0.00            1.00000     0.00000       0.00  %   10000     
5.813030e+06      0.00            0.00            1.00000     0.00000       0.00  %   10000     
5.818830e+06      0.00            0.00            1.00000     0.00000       0.00  %   10000     
5.824645e+06      0.00            0.00            1.00000     0.00000       0.00  %   10000     
5.830460e+06      0.00            0.00            1.00000     0.00000       0.00  %   10000     
5.836290e+06      0.00            0.00            1.00000     0.00000       0.00  %   10000     
5.840000e+06      0.00            0.00            1.00000     0.00000       0.00  %   10000     
5.842130e+06      0.00            0.00            1.00000     0.00000       0.00  %   10000     
5.847970e+06      0.00            0.00            1.00000     0.00000       0.00  %   10000     
5.852850e+06      0.00            0.00            1.00000     0.00000       0.00  %   10000     
5.855000e+06      0.00            0.00            1.00000     0.00000       0.00  %   10000     
5.856760e+06      0.00            0.00            1.00000     0.00000       0.00  %   10000     
5.864580e+06      0.00            0.00            1.00000     0.00000       0.00  %   10000     
5.868500e+06      0.00            0.00            1.00000     0.00000       0.00  %   10000     
5.873402e+06      0.00            0.00            1.00000     0.00000       0.00  %   10000     
5.875000e+06      0.00            0.00            1.00000     0.00000       0.00  %   10000     
5.876350e+06      0.00            0.00            1.00000     0.00000       0.00  %   10000     
5.884210e+06      0.00            0.00            1.00000     0.00000       0.00  %   10000     
5.885000e+06      0.00            0.00            1.00000     0.00000       0.00  %   10000     
5.888150e+06      0.00            0.00            1.00000     0.00000       0.00  %   10000     
5.892090e+06      0.00            0.00            1.00000     0.00000       0.00  %   10000     
5.892500e+06      0.00            0.00            1.00000     0.00000       0.00  %   10000     
5.896040e+06      0.00            0.00            1.00000     0.00000       0.00  %   10000     
5.896250e+06      0.00            0.00            1.00000     0.00000       0.00  %   10000     
5.899990e+06      0.00            0.00            1.00000     0.00000       0.00  %   10000     
5.900000e+06      0.00            0.00            1.00000     0.00000       0.00  %   10000     
5.905625e+06      0.00            0.00            1.00000     0.00000       0.00  %   10000     
5.905920e+06      0.00            0.00            1.00000     0.00000       0.00  %   10000     
5.907900e+06      0.00            0.00            1.00000     0.00000       0.00  %   10000     
5.911865e+06      0.00            0.00            1.00000     0.00000       0.00  %   10000     
5.915830e+06      0.00            0.00            1.00000     0.00000       0.00  %   10000     
5.916000e+06      0.00            0.00            1.00000     0.00000       0.00  %   10000     
5.919000e+06      0.00            0.00            1.00000     0.00000       0.00  %   10000     
5.919800e+06      0.00            0.00            1.00000     0.00000       0.00  %   10000     
5.922000e+06      0.00            0.00            1.00000     0.00000       0.00  %   10000     
5.927750e+06      0.00            0.00            1.00000     0.00000       0.00  %   10000     
5.929375e+06      0.00            0.00            1.00000     0.00000       0.00  %   10000     
5.931730e+06      0.00            0.00            1.00000     0.00000       0.00  %   10000     
5.935000e+06      0.00            0.00            1.00000     0.00000       0.00  %   10000     
5.935720e+06      0.00            0.00            1.00000     0.00000       0.00  %   10000     
5.939710e+06      0.00            0.00            1.00000     0.00000       0.00  %   10000     
5.941250e+06      0.00            0.00            1.00000     0.00000       0.00  %   10000     
5.943705e+06      0.00            0.00            1.00000     0.00000       0.00  %   10000     
5.945000e+06      0.00            0.00            1.00000     0.00000       0.00  %   10000     
5.949700e+06      0.00            0.00            1.00000     0.00000       0.00  %   10000     
5.951700e+06      0.00            0.00            1.00000     0.00000       0.00  %   10000     
5.952500e+06      0.00            0.00            1.00000     0.00000       0.00  %   10000     
5.955710e+06      0.00            0.00            1.00000     0.00000       0.00  %   10000     
5.966000e+06      0.00            0.00            1.00000     0.00000       0.00  %   10000     
5.966245e+06      0.00            0.00            1.00000     0.00000       0.00  %   10000     
5.974790e+06      0.00            0.00            1.00000     0.00000       0.00  %   10000     
5.980840e+06      0.00            0.00            1.00000     0.00000       0.00  %   10000     
5.981000e+06      0.00            0.00            1.00000     0.00000       0.00  %   10000     
5.982250e+06      0.00            0.00            1.00000     0.00000       0.00  %   10000     
5.985000e+06      0.00            0.00            1.00000     0.00000       0.00  %   10000     
5.986900e+06      0.00            0.00            1.00000     0.00000       0.00  %   10000     
5.987000e+06      0.00            0.00            1.00000     0.00000       0.00  %   10000     
5.988500e+06      0.00            0.00            1.00000     0.00000       0.00  %   10000     
5.990000e+06      0.00            0.00            1.00000     0.00000       0.00  %   10000     
5.992500e+06      0.00            0.00            1.00000     0.00000       0.00  %   10000     
5.992960e+06      0.00            0.00            1.00000     0.00000       0.00  %   10000     
5.996000e+06      0.00            0.00            1.00000     0.00000       0.00  %   10000     
5.998250e+06      0.00            0.00            1.00000     0.00000       0.00  %   10000     
5.998793e+06      0.00            0.00            1.00000     0.00000       0.00  %   10000     
6.000000e+06      0.00            0.00            1.00000     0.00000       0.00  %   10000     
6.001000e+06      0.00            0.00            1.00000     0.00000       0.00  %   10000     
6.008165e+06      0.00            0.00            1.00000     0.00000       0.00  %   10000     
6.010000e+06      0.00            0.00            1.00000     0.00000       0.00  %   10000     
6.011210e+06      0.00            0.00            1.00000     0.00000       0.00  %   10000     
6.017310e+06      0.00            0.00            1.00000     0.00000       0.00  %   10000     
6.018000e+06      0.00            0.00            1.00000     0.00000       0.00  %   10000     
6.023420e+06      0.00            0.00            1.00000     0.00000       0.00  %   10000     
6.029540e+06      0.00            0.00            1.00000     0.00000       0.00  %   10000     
6.030000e+06      0.00            0.00            1.00000     0.00000       0.00  %   10000     
6.035670e+06      0.00            0.00            1.00000     0.00000       0.00  %   10000     
6.036100e+06      0.00            0.00            1.00000     0.00000       0.00  %   10000     
6.041810e+06      0.00            0.00            1.00000     0.00000       0.00  %   10000     
6.047965e+06      0.00            0.00            1.00000     0.00000       0.00  %   10000     
6.049000e+06      0.00            0.00            1.00000     0.00000       0.00  %   10000     
6.054120e+06      0.00            0.00            1.00000     0.00000       0.00  %   10000     
6.056000e+06      0.00            0.00            1.00000     0.00000       0.00  %   10000     
6.063000e+06      0.00            0.00            1.00000     0.00000       0.00  %   10000     
6.063375e+06      0.00            0.00            1.00000     0.00000       0.00  %   10000     
6.066000e+06      0.00            0.00            1.00000     0.00000       0.00  %   10000     
6.066460e+06      0.00            0.00            1.00000     0.00000       0.00  %   10000     
6.068000e+06      0.00            0.00            1.00000     0.00000       0.00  %   10000     
6.070250e+06      0.00            0.00            1.00000     0.00000       0.00  %   10000     
6.071250e+06      0.00            0.00            1.00000     0.00000       0.00  %   10000     
6.072250e+06      0.00            0.00            1.00000     0.00000       0.00  %   10000     
6.072650e+06      0.00            0.00            1.00000     0.00000       0.00  %   10000     
6.073125e+06      0.00            0.00            1.00000     0.00000       0.00  %   10000     
6.074750e+06      0.00            0.00            1.00000     0.00000       0.00  %   10000     
6.075250e+06      0.00            0.00            1.00000     0.00000       0.00  %   10000     
6.075500e+06      0.00            0.00            1.00000     0.00000       0.00  %   10000     
6.076000e+06      0.00            0.00            1.00000     0.00000       0.00  %   10000     
6.077250e+06      0.00            0.00            1.00000     0.00000       0.00  %   10000     
6.078250e+06      0.00            0.00            1.00000     0.00000       0.00  %   10000     
6.078840e+06      0.00            0.00            1.00000     0.00000       0.00  %   10000     
6.079250e+06      0.00            0.00            1.00000     0.00000       0.00  %   10000     
6.080250e+06      0.00            0.00            1.00000     0.00000       0.00  %   10000     
6.081750e+06      0.00            0.00            1.00000     0.00000       0.00  %   10000     
6.084250e+06      0.00            0.00            1.00000     0.00000       0.00  %   10000     
6.085050e+06      0.00            0.00            1.00000     0.00000       0.00  %   10000     
6.087000e+06      0.00            0.00            1.00000     0.00000       0.00  %   10000     
6.091260e+06      0.00            0.00            1.00000     0.00000       0.00  %   10000     
6.093000e+06      0.00            0.00            1.00000     0.00000       0.00  %   10000     
6.094000e+06      0.00            0.00            1.00000     0.00000       0.00  %   10000     
6.097490e+06      0.00            0.00            1.00000     0.00000       0.00  %   10000     
6.098000e+06      0.00            0.00            1.00000     0.00000       0.00  %   10000     
6.105280e+06      0.00            0.00            1.00000     0.00000       0.00  %   10000     
6.110000e+06      0.00            0.00            1.00000     0.00000       0.00  %   10000     
6.116220e+06      0.00            0.00            1.00000     0.00000       0.00  %   10000     
6.122500e+06      0.00            0.00            1.00000     0.00000       0.00  %   10000     
6.125615e+06      0.00            0.00            1.00000     0.00000       0.00  %   10000     
6.128750e+06      0.00            0.00            1.00000     0.00000       0.00  %   10000     
6.135040e+06      0.00            0.00            1.00000     0.00000       0.00  %   10000     
6.144480e+06      0.00            0.00            1.00000     0.00000       0.00  %   10000     
6.145000e+06      0.00            0.00            1.00000     0.00000       0.00  %   10000     
6.147630e+06      0.00            0.00            1.00000     0.00000       0.00  %   10000     
6.160260e+06      0.00            0.00            1.00000     0.00000       0.00  %   10000     
6.176100e+06      0.00            0.00            1.00000     0.00000       0.00  %   10000     
6.184585e+06      0.00            0.00            1.00000     0.00000       0.00  %   10000     
6.193070e+06      0.00            0.00            1.00000     0.00000       0.00  %   10000     
6.210663e+06      0.00            0.00            1.00000     0.00000       0.00  %   10000     
6.218660e+06      0.00            0.00            1.00000     0.00000       0.00  %   10000     
6.231515e+06      0.00            0.00            1.00000     0.00000       0.00  %   10000     
6.240110e+06      0.00            0.00            1.00000     0.00000       0.00  %   10000     
6.244410e+06      0.00            0.00            1.00000     0.00000       0.00  %   10000     
6.246094e+06      0.00            0.00            1.00000     0.00000       0.00  %   10000     
6.250000e+06      0.00            0.00            1.00000     0.00000       0.00  %   10000     
6.260000e+06      0.00            0.00            1.00000     0.00000       0.00  %   10000     
6.270310e+06      0.00            0.00            1.00000     0.00000       0.00  %   10000     
6.278980e+06      0.00            0.00            1.00000     0.00000       0.00  %   10000     
6.285500e+06      0.00            0.00            1.00000     0.00000       0.00  %   10000     
6.289850e+06      0.00            0.00            1.00000     0.00000       0.00  %   10000     
6.299652e+06      0.00            0.00            1.00000     0.00000       0.00  %   10000     
6.307290e+06      0.00            0.00            1.00000     0.00000       0.00  %   10000     
6.313850e+06      0.00            0.00            1.00000     0.00000       0.00  %   10000     
6.316000e+06      0.00            0.00            1.00000     0.00000       0.00  %   10000     
6.320420e+06      0.00            0.00            1.00000     0.00000       0.00  %   10000     
6.331390e+06      0.00            0.00            1.00000     0.00000       0.00  %   10000     
6.338000e+06      0.00            0.00            1.00000     0.00000       0.00  %   10000     
6.344595e+06      0.00            0.00            1.00000     0.00000       0.00  %   10000     
6.346800e+06      0.00            0.00            1.00000     0.00000       0.00  %   10000     
6.353422e+06      0.00            0.00            1.00000     0.00000       0.00  %   10000     
6.355000e+06      0.00            0.00            1.00000     0.00000       0.00  %   10000     
6.364480e+06      0.00            0.00            1.00000     0.00000       0.00  %   10000     
6.368915e+06      0.00            0.00            1.00000     0.00000       0.00  %   10000     
6.370000e+06      0.00            0.00            1.00000     0.00000       0.00  %   10000     
6.373350e+06      0.00            0.00            1.00000     0.00000       0.00  %   10000     
6.390956e+06      0.00            0.00            1.00000     0.00000       0.00  %   10000     
6.391140e+06      0.00            0.00            1.00000     0.00000       0.00  %   10000     
6.392000e+06      0.00            0.00            1.00000     0.00000       0.00  %   10000     
6.398000e+06      0.00            0.00            1.00000     0.00000       0.00  %   10000     
6.400070e+06      0.00            0.00            1.00000     0.00000       0.00  %   10000     
6.405000e+06      0.00            0.00            1.00000     0.00000       0.00  %   10000     
6.406775e+06      0.00            0.00            1.00000     0.00000       0.00  %   10000     
6.409010e+06      0.00            0.00            1.00000     0.00000       0.00  %   10000     
6.413490e+06      0.00            0.00            1.00000     0.00000       0.00  %   10000     
6.416000e+06      0.00            0.00            1.00000     0.00000       0.00  %   10000     
6.417970e+06      0.00            0.00            1.00000     0.00000       0.00  %   10000     
6.426950e+06      0.00            0.00            1.00000     0.00000       0.00  %   10000     
6.427500e+06      0.00            0.00            1.00000     0.00000       0.00  %   10000     
6.431450e+06      0.00            0.00            1.00000     0.00000       0.00  %   10000     
6.435950e+06      0.00            0.00            1.00000     0.00000       0.00  %   10000     
6.437500e+06      0.00            0.00            1.00000     0.00000       0.00  %   10000     
6.440460e+06      0.00            0.00            1.00000     0.00000       0.00  %   10000     
6.447225e+06      0.00            0.00            1.00000     0.00000       0.00  %   10000     
6.447500e+06      0.00            0.00            1.00000     0.00000       0.00  %   10000     
6.449480e+06      0.00            0.00            1.00000     0.00000       0.00  %   10000     
6.454010e+06      0.00            0.00            1.00000     0.00000       0.00  %   10000     
6.458530e+06      0.00            0.00            1.00000     0.00000       0.00  %   10000     
6.460000e+06      0.00            0.00            1.00000     0.00000       0.00  %   10000     
6.463060e+06      0.00            0.00            1.00000     0.00000       0.00  %   10000     
6.469870e+06      0.00            0.00            1.00000     0.00000       0.00  %   10000     
6.478960e+06      0.00            0.00            1.00000     0.00000       0.00  %   10000     
6.480000e+06      0.00            0.00            1.00000     0.00000       0.00  %   10000     
6.488070e+06      0.00            0.00            1.00000     0.00000       0.00  %   10000     
6.490000e+06      0.00            0.00            1.00000     0.00000       0.00  %   10000     
6.497200e+06      0.00            0.00            1.00000     0.00000       0.00  %   10000     
6.506355e+06      0.00            0.00            1.00000     0.00000       0.00  %   10000     
6.515510e+06      0.00            0.00            1.00000     0.00000       0.00  %   10000     
6.521230e+06      0.00            0.00            1.00000     0.00000       0.00  %   10000     
6.533900e+06      0.00            0.00            1.00000     0.00000       0.00  %   10000     
6.550000e+06      0.00            0.00            1.00000     0.00000       0.00  %   10000     
6.552380e+06      0.00            0.00            1.00000     0.00000       0.00  %   10000     
6.561640e+06      0.00            0.00            1.00000     0.00000       0.00  %   10000     
6.570930e+06      0.00            0.00            1.00000     0.00000       0.00  %   10000     
6.575000e+06      0.00            0.00            1.00000     0.00000       0.00  %   10000     
6.580230e+06      0.00            0.00            1.00000     0.00000       0.00  %   10000     
6.589550e+06      0.00            0.00            1.00000     0.00000       0.00  %   10000     
6.598905e+06      0.00            0.00            1.00000     0.00000       0.00  %   10000     
6.600000e+06      0.00            0.00            1.00000     0.00000       0.00  %   10000     
6.608260e+06      0.00            0.00            1.00000     0.00000       0.00  %   10000     
6.617650e+06      0.00            0.00            1.00000     0.00000       0.00  %   10000     
6.629408e+06      0.00            0.00            1.00000     0.00000       0.00  %   10000     
6.630000e+06      0.00            0.00            1.00000     0.00000       0.00  %   10000     
6.640000e+06      0.00            0.00            1.00000     0.00000       0.00  %   10000     
6.653020e+06      0.00            0.00            1.00000     0.00000       0.00  %   10000     
6.656500e+06      0.00            0.00            1.00000     0.00000       0.00  %   10000     
6.657760e+06      0.00            0.00            1.00000     0.00000       0.00  %   10000     
6.664000e+06      0.00            0.00            1.00000     0.00000       0.00  %   10000     
6.669625e+06      0.00            0.00            1.00000     0.00000       0.00  %   10000     
6.672000e+06      0.00            0.00            1.00000     0.00000       0.00  %   10000     
6.673000e+06      0.00            0.00            1.00000     0.00000       0.00  %   10000     
6.678500e+06      0.00            0.00            1.00000     0.00000       0.00  %   10000     
6.681520e+06      0.00            0.00            1.00000     0.00000       0.00  %   10000     
6.686000e+06      0.00            0.00            1.00000     0.00000       0.00  %   10000     
6.686290e+06      0.00            0.00            1.00000     0.00000       0.00  %   10000     
6.691060e+06      0.00            0.00            1.00000     0.00000       0.00  %   10000     
6.695845e+06      0.00            0.00            1.00000     0.00000       0.00  %   10000     
6.696000e+06      0.00            0.00            1.00000     0.00000       0.00  %   10000     
6.700630e+06      0.00            0.00            1.00000     0.00000       0.00  %   10000     
6.710000e+06      0.00            0.00            1.00000     0.00000       0.00  %   10000     
6.710210e+06      0.00            0.00            1.00000     0.00000       0.00  %   10000     
6.715010e+06      0.00            0.00            1.00000     0.00000       0.00  %   10000     
6.719810e+06      0.00            0.00            1.00000     0.00000       0.00  %   10000     
6.724620e+06      0.00            0.00            1.00000     0.00000       0.00  %   10000     
6.736665e+06      0.00            0.00            1.00000     0.00000       0.00  %   10000     
6.739080e+06      0.00            0.00            1.00000     0.00000       0.00  %   10000     
6.740000e+06      0.00            0.00            1.00000     0.00000       0.00  %   10000     
6.743910e+06      0.00            0.00            1.00000     0.00000       0.00  %   10000     
6.750000e+06      0.00            0.00            1.00000     0.00000       0.00  %   10000     
6.757220e+06      0.00            0.00            1.00000     0.00000       0.00  %   10000     
6.764500e+06      0.00            0.00            1.00000     0.00000       0.00  %   10000     
6.772500e+06      0.00            0.00            1.00000     0.00000       0.00  %   10000     
6.779090e+06      0.00            0.00            1.00000     0.00000       0.00  %   10000     
6.790000e+06      0.00            0.00            1.00000     0.00000       0.00  %   10000     
6.797390e+06      0.00            0.00            1.00000     0.00000       0.00  %   10000     
6.800000e+06      0.00            0.00            1.00000     0.00000       0.00  %   10000     
6.802500e+06      0.00            0.00            1.00000     0.00000       0.00  %   10000     
6.810000e+06      0.00            0.00            1.00000     0.00000       0.00  %   10000     
6.812080e+06      0.00            0.00            1.00000     0.00000       0.00  %   10000     
6.815760e+06      0.00            0.00            1.00000     0.00000       0.00  %   10000     
6.820000e+06      0.00            0.00            1.00000     0.00000       0.00  %   10000     
6.823140e+06      0.00            0.00            1.00000     0.00000       0.00  %   10000     
6.830520e+06      0.00            0.00            1.00000     0.00000       0.00  %   10000     
6.837920e+06      0.00            0.00            1.00000     0.00000       0.00  %   10000     
6.840000e+06      0.00            0.00            1.00000     0.00000       0.00  %   10000     
6.845320e+06      0.00            0.00            1.00000     0.00000       0.00  %   10000     
6.850000e+06      0.00            0.00            1.00000     0.00000       0.00  %   10000     
6.852740e+06      0.00            0.00            1.00000     0.00000       0.00  %   10000     
6.860180e+06      0.00            0.00            1.00000     0.00000       0.00  %   10000     
6.867620e+06      0.00            0.00            1.00000     0.00000       0.00  %   10000     
6.870000e+06      0.00            0.00            1.00000     0.00000       0.00  %   10000     
6.875080e+06      0.00            0.00            1.00000     0.00000       0.00  %   10000     
6.882540e+06      0.00            0.00            1.00000     0.00000       0.00  %   10000     
6.890000e+06      0.00            0.00            1.00000     0.00000       0.00  %   10000     
6.897520e+06      0.00            0.00            1.00000     0.00000       0.00  %   10000     
6.905030e+06      0.00            0.00            1.00000     0.00000       0.00  %   10000     
6.925000e+06      0.00            0.00            1.00000     0.00000       0.00  %   10000     
6.927610e+06      0.00            0.00            1.00000     0.00000       0.00  %   10000     
6.935170e+06      0.00            0.00            1.00000     0.00000       0.00  %   10000     
6.942740e+06      0.00            0.00            1.00000     0.00000       0.00  %   10000     
6.950320e+06      0.00            0.00            1.00000     0.00000       0.00  %   10000     
6.957915e+06      0.00            0.00            1.00000     0.00000       0.00  %   10000     
6.969320e+06      0.00            0.00            1.00000     0.00000       0.00  %   10000     
6.973130e+06      0.00            0.00            1.00000     0.00000       0.00  %   10000     
6.975000e+06      0.00            0.00            1.00000     0.00000       0.00  %   10000     
6.984582e+06      0.00            0.00            1.00000     0.00000       0.00  %   10000     
6.992230e+06      0.00            0.00            1.00000     0.00000       0.00  %   10000     
7.000000e+06      0.00            0.00            1.00000     0.00000       0.00  %   10000     
7.003720e+06      0.00            0.00            1.00000     0.00000       0.00  %   10000     
7.011410e+06      0.00            0.00            1.00000     0.00000       0.00  %   10000     
7.019100e+06      0.00            0.00            1.00000     0.00000       0.00  %   10000     
7.026800e+06      0.00            0.00            1.00000     0.00000       0.00  %   10000     
7.034520e+06      0.00            0.00            1.00000     0.00000       0.00  %   10000     
7.042250e+06      0.00            0.00            1.00000     0.00000       0.00  %   10000     
7.055000e+06      0.00            0.00            1.00000     0.00000       0.00  %   10000     
7.057750e+06      0.00            0.00            1.00000     0.00000       0.00  %   10000     
7.060000e+06      0.00            0.00            1.00000     0.00000       0.00  %   10000     
7.066820e+06      0.00            0.00            1.00000     0.00000       0.00  %   10000     
7.077200e+06      0.00            0.00            1.00000     0.00000       0.00  %   10000     
7.090208e+06      0.00            0.00            1.00000     0.00000       0.00  %   10000     
7.100642e+06      0.00            0.00            1.00000     0.00000       0.00  %   10000     
7.105000e+06      0.00            0.00            1.00000     0.00000       0.00  %   10000     
7.108480e+06      0.00            0.00            1.00000     0.00000       0.00  %   10000     
7.118960e+06      0.00            0.00            1.00000     0.00000       0.00  %   10000     
7.134725e+06      0.00            0.00            1.00000     0.00000       0.00  %   10000     
7.134740e+06      0.00            0.00            1.00000     0.00000       0.00  %   10000     
7.145000e+06      0.00            0.00            1.00000     0.00000       0.00  %   10000     
7.150520e+06      0.00            0.00            1.00000     0.00000       0.00  %   10000     
7.162500e+06      0.00            0.00            1.00000     0.00000       0.00  %   10000     
7.166385e+06      0.00            0.00            1.00000     0.00000       0.00  %   10000     
7.171680e+06      0.00            0.00            1.00000     0.00000       0.00  %   10000     
7.175000e+06      0.00            0.00            1.00000     0.00000       0.00  %   10000     
7.182500e+06      0.00            0.00            1.00000     0.00000       0.00  %   10000     
7.192500e+06      0.00            0.00            1.00000     0.00000       0.00  %   10000     
7.192930e+06      0.00            0.00            1.00000     0.00000       0.00  %   10000     
7.200000e+06      0.00            0.00            1.00000     0.00000       0.00  %   10000     
7.203600e+06      0.00            0.00            1.00000     0.00000       0.00  %   10000     
7.207500e+06      0.00            0.00            1.00000     0.00000       0.00  %   10000     
7.224990e+06      0.00            0.00            1.00000     0.00000       0.00  %   10000     
7.235000e+06      0.00            0.00            1.00000     0.00000       0.00  %   10000     
7.235730e+06      0.00            0.00            1.00000     0.00000       0.00  %   10000     
7.250000e+06      0.00            0.00            1.00000     0.00000       0.00  %   10000     
7.253220e+06      0.00            0.00            1.00000     0.00000       0.00  %   10000     
7.261320e+06      0.00            0.00            1.00000     0.00000       0.00  %   10000     
7.269430e+06      0.00            0.00            1.00000     0.00000       0.00  %   10000     
7.277550e+06      0.00            0.00            1.00000     0.00000       0.00  %   10000     
7.290000e+06      0.00            0.00            1.00000     0.00000       0.00  %   10000     
7.293840e+06      0.00            0.00            1.00000     0.00000       0.00  %   10000     
7.300000e+06      0.00            0.00            1.00000     0.00000       0.00  %   10000     
7.302010e+06      0.00            0.00            1.00000     0.00000       0.00  %   10000     
7.310000e+06      0.00            0.00            1.00000     0.00000       0.00  %   10000     
7.310180e+06      0.00            0.00            1.00000     0.00000       0.00  %   10000     
7.312500e+06      0.00            0.00            1.00000     0.00000       0.00  %   10000     
7.325000e+06      0.00            0.00            1.00000     0.00000       0.00  %   10000     
7.326580e+06      0.00            0.00            1.00000     0.00000       0.00  %   10000     
7.330000e+06      0.00            0.00            1.00000     0.00000       0.00  %   10000     
7.334800e+06      0.00            0.00            1.00000     0.00000       0.00  %   10000     
7.343030e+06      0.00            0.00            1.00000     0.00000       0.00  %   10000     
7.351280e+06      0.00            0.00            1.00000     0.00000       0.00  %   10000     
7.360000e+06      0.00            0.00            1.00000     0.00000       0.00  %   10000     
7.367810e+06      0.00            0.00            1.00000     0.00000       0.00  %   10000     
7.370000e+06      0.00            0.00            1.00000     0.00000       0.00  %   10000     
7.380000e+06      0.00            0.00            1.00000     0.00000       0.00  %   10000     
7.384410e+06      0.00            0.00            1.00000     0.00000       0.00  %   10000     
7.392730e+06      0.00            0.00            1.00000     0.00000       0.00  %   10000     
7.401050e+06      0.00            0.00            1.00000     0.00000       0.00  %   10000     
7.409400e+06      0.00            0.00            1.00000     0.00000       0.00  %   10000     
7.421948e+06      0.00            0.00            1.00000     0.00000       0.00  %   10000     
7.442920e+06      0.00            0.00            1.00000     0.00000       0.00  %   10000     
7.476680e+06      0.00            0.00            1.00000     0.00000       0.00  %   10000     
7.490810e+06      0.00            0.00            1.00000     0.00000       0.00  %   10000     
7.500000e+06      0.00            0.00            1.00000     0.00000       0.00  %   10000     
7.504980e+06      0.00            0.00            1.00000     0.00000       0.00  %   10000     
7.519190e+06      0.00            0.00            1.00000     0.00000       0.00  %   10000     
7.520000e+06      0.00            0.00            1.00000     0.00000       0.00  %   10000     
7.533450e+06      0.00            0.00            1.00000     0.00000       0.00  %   10000     
7.547740e+06      0.00            0.00            1.00000     0.00000       0.00  %   10000     
7.562080e+06      0.00            0.00            1.00000     0.00000       0.00  %   10000     
7.565597e+06      0.00            0.00            1.00000     0.00000       0.00  %   10000     
7.570000e+06      0.00            0.00            1.00000     0.00000       0.00  %   10000     
7.576450e+06      0.00            0.00            1.00000     0.00000       0.00  %   10000     
7.590870e+06      0.00            0.00            1.00000     0.00000       0.00  %   10000     
7.600000e+06      0.00            0.00            1.00000     0.00000       0.00  %   10000     
7.605330e+06      0.00            0.00            1.00000     0.00000       0.00  %   10000     
7.619830e+06      0.00            0.00            1.00000     0.00000       0.00  %   10000     
7.620000e+06      0.00            0.00            1.00000     0.00000       0.00  %   10000     
7.634370e+06      0.00            0.00            1.00000     0.00000       0.00  %   10000     
7.656278e+06      0.00            0.00            1.00000     0.00000       0.00  %   10000     
7.663580e+06      0.00            0.00            1.00000     0.00000       0.00  %   10000     
7.692960e+06      0.00            0.00            1.00000     0.00000       0.00  %   10000     
7.697500e+06      0.00            0.00            1.00000     0.00000       0.00  %   10000     
7.707710e+06      0.00            0.00            1.00000     0.00000       0.00  %   10000     
7.737340e+06      0.00            0.00            1.00000     0.00000       0.00  %   10000     
7.752245e+06      0.00            0.00            1.00000     0.00000       0.00  %   10000     
7.755722e+06      0.00            0.00            1.00000     0.00000       0.00  %   10000     
7.760000e+06      0.00            0.00            1.00000     0.00000       0.00  %   10000     
7.782110e+06      0.00            0.00            1.00000     0.00000       0.00  %   10000     
7.797120e+06      0.00            0.00            1.00000     0.00000       0.00  %   10000     
7.812180e+06      0.00            0.00            1.00000     0.00000       0.00  %   10000     
7.825000e+06      0.00            0.00            1.00000     0.00000       0.00  %   10000     
7.834840e+06      0.00            0.00            1.00000     0.00000       0.00  %   10000     
7.860000e+06      0.00            0.00            1.00000     0.00000       0.00  %   10000     
7.871960e+06      0.00            0.00            1.00000     0.00000       0.00  %   10000     
7.880000e+06      0.00            0.00            1.00000     0.00000       0.00  %   10000     
7.880670e+06      0.00            0.00            1.00000     0.00000       0.00  %   10000     
7.926500e+06      0.00            0.00            1.00000     0.00000       0.00  %   10000     
7.945000e+06      0.00            0.00            1.00000     0.00000       0.00  %   10000     
7.961480e+06      0.00            0.00            1.00000     0.00000       0.00  %   10000     
7.970000e+06      0.00            0.00            1.00000     0.00000       0.00  %   10000     
8.000000e+06      0.00            0.00            1.00000     0.00000       0.00  %   10000     
8.019780e+06      0.00            0.00            1.00000     0.00000       0.00  %   10000     
8.020000e+06      0.00            0.00            1.00000     0.00000       0.00  %   10000     
8.060000e+06      0.00            0.00            1.00000     0.00000       0.00  %   10000     
8.067060e+06      0.00            0.00            1.00000     0.00000       0.00  %   10000     
8.082880e+06      0.00            0.00            1.00000     0.00000       0.00  %   10000     
8.100000e+06      0.00            0.00            1.00000     0.00000       0.00  %   10000     
8.114720e+06      0.00            0.00            1.00000     0.00000       0.00  %   10000     
8.146740e+06      0.00            0.00            1.00000     0.00000       0.00  %   10000     
8.175000e+06      0.00            0.00            1.00000     0.00000       0.00  %   10000     
8.178950e+06      0.00            0.00            1.00000     0.00000       0.00  %   10000     
8.211455e+06      0.00            0.00            1.00000     0.00000       0.00  %   10000     
8.243960e+06      0.00            0.00            1.00000     0.00000       0.00  %   10000     
8.245000e+06      0.00            0.00            1.00000     0.00000       0.00  %   10000     
8.250000e+06      0.00            0.00            1.00000     0.00000       0.00  %   10000     
8.275000e+06      0.00            0.00            1.00000     0.00000       0.00  %   10000     
8.309750e+06      0.00            0.00            1.00000     0.00000       0.00  %   10000     
8.347500e+06      0.00            0.00            1.00000     0.00000       0.00  %   10000     
8.376330e+06      0.00            0.00            1.00000     0.00000       0.00  %   10000     
8.409930e+06      0.00            0.00            1.00000     0.00000       0.00  %   10000     
8.443720e+06      0.00            0.00            1.00000     0.00000       0.00  %   10000     
8.456785e+06      0.00            0.00            1.00000     0.00000       0.00  %   10000     
8.477730e+06      0.00            0.00            1.00000     0.00000       0.00  %   10000     
8.492500e+06      0.00            0.00            1.00000     0.00000       0.00  %   10000     
8.500000e+06      0.00            0.00            1.00000     0.00000       0.00  %   10000     
8.510000e+06      0.00            0.00            1.00000     0.00000       0.00  %   10000     
8.511930e+06      0.00            0.00            1.00000     0.00000       0.00  %   10000     
8.560000e+06      0.00            0.00            1.00000     0.00000       0.00  %   10000     
8.610000e+06      0.00            0.00            1.00000     0.00000       0.00  %   10000     
8.615820e+06      0.00            0.00            1.00000     0.00000       0.00  %   10000     
8.650870e+06      0.00            0.00            1.00000     0.00000       0.00  %   10000     
8.686140e+06      0.00            0.00            1.00000     0.00000       0.00  %   10000     
8.721735e+06      0.00            0.00            1.00000     0.00000       0.00  %   10000     
8.740000e+06      0.00            0.00            1.00000     0.00000       0.00  %   10000     
8.750000e+06      0.00            0.00            1.00000     0.00000       0.00  %   10000     
8.757330e+06      0.00            0.00            1.00000     0.00000       0.00  %   10000     
8.790000e+06      0.00            0.00            1.00000     0.00000       0.00  %   10000     
8.793250e+06      0.00            0.00            1.00000     0.00000       0.00  %   10000     
8.829510e+06      0.00            0.00            1.00000     0.00000       0.00  %   10000     
8.884070e+06      0.00            0.00            1.00000     0.00000       0.00  %   10000     
8.915000e+06      0.00            0.00            1.00000     0.00000       0.00  %   10000     
8.920780e+06      0.00            0.00            1.00000     0.00000       0.00  %   10000     
8.925000e+06      0.00            0.00            1.00000     0.00000       0.00  %   10000     
8.951250e+06      0.00            0.00            1.00000     0.00000       0.00  %   10000     
8.970000e+06      0.00            0.00            1.00000     0.00000       0.00  %   10000     
8.976365e+06      0.00            0.00            1.00000     0.00000       0.00  %   10000     
9.010000e+06      0.00            0.00            1.00000     0.00000       0.00  %   10000     
9.013540e+06      0.00            0.00            1.00000     0.00000       0.00  %   10000     
9.025000e+06      0.00            0.00            1.00000     0.00000       0.00  %   10000     
9.050000e+06      0.00            0.00            1.00000     0.00000       0.00  %   10000     
9.051180e+06      0.00            0.00            1.00000     0.00000       0.00  %   10000     
9.080000e+06      0.00            0.00            1.00000     0.00000       0.00  %   10000     
9.088820e+06      0.00            0.00            1.00000     0.00000       0.00  %   10000     
9.165050e+06      0.00            0.00            1.00000     0.00000       0.00  %   10000     
9.200000e+06      0.00            0.00            1.00000     0.00000       0.00  %   10000     
9.203530e+06      0.00            0.00            1.00000     0.00000       0.00  %   10000     
9.242250e+06      0.00            0.00            1.00000     0.00000       0.00  %   10000     
9.250000e+06      0.00            0.00            1.00000     0.00000       0.00  %   10000     
9.281340e+06      0.00            0.00            1.00000     0.00000       0.00  %   10000     
9.312500e+06      0.00            0.00            1.00000     0.00000       0.00  %   10000     
9.320430e+06      0.00            0.00            1.00000     0.00000       0.00  %   10000     
9.350010e+06      0.00            0.00            1.00000     0.00000       0.00  %   10000     
9.369800e+06      0.00            0.00            1.00000     0.00000       0.00  %   10000     
9.389660e+06      0.00            0.00            1.00000     0.00000       0.00  %   10000     
9.400000e+06      0.00            0.00            1.00000     0.00000       0.00  %   10000     
9.409590e+06      0.00            0.00            1.00000     0.00000       0.00  %   10000     
9.429570e+06      0.00            0.00            1.00000     0.00000       0.00  %   10000     
9.431376e+06      0.00            0.00            1.00000     0.00000       0.00  %   10000     
9.464800e+06      0.00            0.00            1.00000     0.00000       0.00  %   10000     
9.475000e+06      0.00            0.00            1.00000     0.00000       0.00  %   10000     
9.500030e+06      0.00            0.00            1.00000     0.00000       0.00  %   10000     
9.525000e+06      0.00            0.00            1.00000     0.00000       0.00  %   10000     
9.540650e+06      0.00            0.00            1.00000     0.00000       0.00  %   10000     
9.622680e+06      0.00            0.00            1.00000     0.00000       0.00  %   10000     
9.625000e+06      0.00            0.00            1.00000     0.00000       0.00  %   10000     
9.664090e+06      0.00            0.00            1.00000     0.00000       0.00  %   10000     
9.703396e+06      0.00            0.00            1.00000     0.00000       0.00  %   10000     
9.726820e+06      0.00            0.00            1.00000     0.00000       0.00  %   10000     
9.789960e+06      0.00            0.00            1.00000     0.00000       0.00  %   10000     
9.800000e+06      0.00            0.00            1.00000     0.00000       0.00  %   10000     
9.832460e+06      0.00            0.00            1.00000     0.00000       0.00  %   10000     
9.875250e+06      0.00            0.00            1.00000     0.00000       0.00  %   10000     
9.925000e+06      0.00            0.00            1.00000     0.00000       0.00  %   10000     
9.934901e+06      0.00            0.00            1.00000     0.00000       0.00  %   10000     
9.939950e+06      0.00            0.00            1.00000     0.00000       0.00  %   10000     
9.950573e+06      0.00            0.00            1.00000     0.00000       0.00  %   10000     
1.000000e+07      0.00            0.00            1.00000     0.00000       0.00  %   10000     
1.010000e+07      0.00            0.00            1.00000     0.00000       0.00  %   10000     
1.011570e+07      0.00            0.00            1.00000     0.00000       0.00  %   10000     
1.012200e+07      0.00            0.00            1.00000     0.00000       0.00  %   10000     
1.014000e+07      0.00            0.00            1.00000     0.00000       0.00  %   10000     
1.015000e+07      0.00            0.00            1.00000     0.00000       0.00  %   10000     
1.018900e+07      0.00            0.00            1.00000     0.00000       0.00  %   10000     
1.019000e+07      0.00            0.00            1.00000     0.00000       0.00  %   10000     
1.020200e+07      0.00            0.00            1.00000     0.00000       0.00  %   10000     
1.020530e+07      0.00            0.00            1.00000     0.00000       0.00  %   10000     
1.024700e+07      0.00            0.00            1.00000     0.00000       0.00  %   10000     
1.025000e+07      0.00            0.00            1.00000     0.00000       0.00  %   10000     
1.029610e+07      0.00            0.00            1.00000     0.00000       0.00  %   10000     
1.030000e+07      0.00            0.00            1.00000     0.00000       0.00  %   10000     
1.035000e+07      0.00            0.00            1.00000     0.00000       0.00  %   10000     
1.038810e+07      0.00            0.00            1.00000     0.00000       0.00  %   10000     
1.040000e+07      0.00            0.00            1.00000     0.00000       0.00  %   10000     
1.045000e+07      0.00            0.00            1.00000     0.00000       0.00  %   10000     
1.048140e+07      0.00            0.00            1.00000     0.00000       0.00  %   10000     
1.050000e+07      0.00            0.00            1.00000     0.00000       0.00  %   10000     
1.055000e+07      0.00            0.00            1.00000     0.00000       0.00  %   10000     
1.056300e+07      0.00            0.00            1.00000     0.00000       0.00  %   10000     
1.057600e+07      0.00            0.00            1.00000     0.00000       0.00  %   10000     
1.060000e+07      0.00            0.00            1.00000     0.00000       0.00  %   10000     
1.063567e+07      0.00            0.00            1.00000     0.00000       0.00  %   10000     
1.065000e+07      0.00            0.00            1.00000     0.00000       0.00  %   10000     
1.066900e+07      0.00            0.00            1.00000     0.00000       0.00  %   10000     
1.067180e+07      0.00            0.00            1.00000     0.00000       0.00  %   10000     
1.068000e+07      0.00            0.00            1.00000     0.00000       0.00  %   10000     
1.069000e+07      0.00            0.00            1.00000     0.00000       0.00  %   10000     
1.070000e+07      0.00            0.00            1.00000     0.00000       0.00  %   10000     
1.071000e+07      0.00            0.00            1.00000     0.00000       0.00  %   10000     
1.072000e+07      0.00            0.00            1.00000     0.00000       0.00  %   10000     
1.073000e+07      0.00            0.00            1.00000     0.00000       0.00  %   10000     
1.074790e+07      0.00            0.00            1.00000     0.00000       0.00  %   10000     
1.075000e+07      0.00            0.00            1.00000     0.00000       0.00  %   10000     
1.076900e+07      0.00            0.00            1.00000     0.00000       0.00  %   10000     
1.077000e+07      0.00            0.00            1.00000     0.00000       0.00  %   10000     
1.079000e+07      0.00            0.00            1.00000     0.00000       0.00  %   10000     
1.083000e+07      0.00            0.00            1.00000     0.00000       0.00  %   10000     
1.084000e+07      0.00            0.00            1.00000     0.00000       0.00  %   10000     
1.085000e+07      0.00            0.00            1.00000     0.00000       0.00  %   10000     
1.086000e+07      0.00            0.00            1.00000     0.00000       0.00  %   10000     
1.086750e+07      0.00            0.00            1.00000     0.00000       0.00  %   10000     
1.088000e+07      0.00            0.00            1.00000     0.00000       0.00  %   10000     
1.090000e+07      0.00            0.00            1.00000     0.00000       0.00  %   10000     
1.092000e+07      0.00            0.00            1.00000     0.00000       0.00  %   10000     
1.093000e+07      0.00            0.00            1.00000     0.00000       0.00  %   10000     
1.094000e+07      0.00            0.00            1.00000     0.00000       0.00  %   10000     
1.095000e+07      0.00            0.00            1.00000     0.00000       0.00  %   10000     
1.096000e+07      0.00            0.00            1.00000     0.00000       0.00  %   10000     
1.096740e+07      0.00            0.00            1.00000     0.00000       0.00  %   10000     
1.097000e+07      0.00            0.00            1.00000     0.00000       0.00  %   10000     
1.099000e+07      0.00            0.00            1.00000     0.00000       0.00  %   10000     
1.100000e+07      0.00            0.00            1.00000     0.00000       0.00  %   10000     
1.100900e+07      0.00            0.00            1.00000     0.00000       0.00  %   10000     
1.106860e+07      0.00            0.00            1.00000     0.00000       0.00  %   10000     
1.110000e+07      0.00            0.00            1.00000     0.00000       0.00  %   10000     
1.115000e+07      0.00            0.00            1.00000     0.00000       0.00  %   10000     
1.117130e+07      0.00            0.00            1.00000     0.00000       0.00  %   10000     
1.120000e+07      0.00            0.00            1.00000     0.00000       0.00  %   10000     
1.127540e+07      0.00            0.00            1.00000     0.00000       0.00  %   10000     
1.130000e+07      0.00            0.00            1.00000     0.00000       0.00  %   10000     
1.135000e+07      0.00            0.00            1.00000     0.00000       0.00  %   10000     
1.138100e+07      0.00            0.00            1.00000     0.00000       0.00  %   10000     
1.140000e+07      0.00            0.00            1.00000     0.00000       0.00  %   10000     
1.145000e+07      0.00            0.00            1.00000     0.00000       0.00  %   10000     
1.148810e+07      0.00            0.00            1.00000     0.00000       0.00  %   10000     
1.150000e+07      0.00            0.00            1.00000     0.00000       0.00  %   10000     
1.152000e+07      0.00            0.00            1.00000     0.00000       0.00  %   10000     
1.153771e+07      0.00            0.00            1.00000     0.00000       0.00  %   10000     
1.155000e+07      0.00            0.00            1.00000     0.00000       0.00  %   10000     
1.159670e+07      0.00            0.00            1.00000     0.00000       0.00  %   10000     
1.160000e+07      0.00            0.00            1.00000     0.00000       0.00  %   10000     
1.165000e+07      0.00            0.00            1.00000     0.00000       0.00  %   10000     
1.170000e+07      0.00            0.00            1.00000     0.00000       0.00  %   10000     
1.170690e+07      0.00            0.00            1.00000     0.00000       0.00  %   10000     
1.175000e+07      0.00            0.00            1.00000     0.00000       0.00  %   10000     
1.177900e+07      0.00            0.00            1.00000     0.00000       0.00  %   10000     
1.179600e+07      0.00            0.00            1.00000     0.00000       0.00  %   10000     
1.181870e+07      0.00            0.00            1.00000     0.00000       0.00  %   10000     
1.185000e+07      0.00            0.00            1.00000     0.00000       0.00  %   10000     
1.190000e+07      0.00            0.00            1.00000     0.00000       0.00  %   10000     
1.193210e+07      0.00            0.00            1.00000     0.00000       0.00  %   10000     
1.195000e+07      0.00            0.00            1.00000     0.00000       0.00  %   10000     
1.197000e+07      0.00            0.00            1.00000     0.00000       0.00  %   10000     
1.197500e+07      0.00            0.00            1.00000     0.00000       0.00  %   10000     
1.200000e+07      0.00            0.00            1.00000     0.00000       0.00  %   10000     
1.204710e+07      0.00            0.00            1.00000     0.00000       0.00  %   10000     
1.210170e+07      0.00            0.00            1.00000     0.00000       0.00  %   10000     
1.211000e+07      0.00            0.00            1.00000     0.00000       0.00  %   10000     
1.216100e+07      0.00            0.00            1.00000     0.00000       0.00  %   10000     
1.216380e+07      0.00            0.00            1.00000     0.00000       0.00  %   10000     
1.220000e+07      0.00            0.00            1.00000     0.00000       0.00  %   10000     
1.225000e+07      0.00            0.00            1.00000     0.00000       0.00  %   10000     
1.228230e+07      0.00            0.00            1.00000     0.00000       0.00  %   10000     
1.230000e+07      0.00            0.00            1.00000     0.00000       0.00  %   10000     
1.235000e+07      0.00            0.00            1.00000     0.00000       0.00  %   10000     
1.240240e+07      0.00            0.00            1.00000     0.00000       0.00  %   10000     
1.245000e+07      0.00            0.00            1.00000     0.00000       0.00  %   10000     
1.252440e+07      0.00            0.00            1.00000     0.00000       0.00  %   10000     
1.255000e+07      0.00            0.00            1.00000     0.00000       0.00  %   10000     
1.258000e+07      0.00            0.00            1.00000     0.00000       0.00  %   10000     
1.258659e+07      0.00            0.00            1.00000     0.00000       0.00  %   10000     
1.264820e+07      0.00            0.00            1.00000     0.00000       0.00  %   10000     
1.269326e+07      0.00            0.00            1.00000     0.00000       0.00  %   10000     
1.270000e+07      0.00            0.00            1.00000     0.00000       0.00  %   10000     
1.275000e+07      0.00            0.00            1.00000     0.00000       0.00  %   10000     
1.277380e+07      0.00            0.00            1.00000     0.00000       0.00  %   10000     
1.285000e+07      0.00            0.00            1.00000     0.00000       0.00  %   10000     
1.289235e+07      0.00            0.00            1.00000     0.00000       0.00  %   10000     
1.290000e+07      0.00            0.00            1.00000     0.00000       0.00  %   10000     
1.290140e+07      0.00            0.00            1.00000     0.00000       0.00  %   10000     
1.295000e+07      0.00            0.00            1.00000     0.00000       0.00  %   10000     
1.300000e+07      0.00            0.00            1.00000     0.00000       0.00  %   10000     
1.303070e+07      0.00            0.00            1.00000     0.00000       0.00  %   10000     
1.303080e+07      0.00            0.00            1.00000     0.00000       0.00  %   10000     
1.305000e+07      0.00            0.00            1.00000     0.00000       0.00  %   10000     
1.310000e+07      0.00            0.00            1.00000     0.00000       0.00  %   10000     
1.315000e+07      0.00            0.00            1.00000     0.00000       0.00  %   10000     
1.316230e+07      0.00            0.00            1.00000     0.00000       0.00  %   10000     
1.320000e+07      0.00            0.00            1.00000     0.00000       0.00  %   10000     
1.329570e+07      0.00            0.00            1.00000     0.00000       0.00  %   10000     
1.330000e+07      0.00            0.00            1.00000     0.00000       0.00  %   10000     
1.331374e+07      0.00            0.00            1.00000     0.00000       0.00  %   10000     
1.340000e+07      0.00            0.00            1.00000     0.00000       0.00  %   10000     
1.343130e+07      0.00            0.00            1.00000     0.00000       0.00  %   10000     
1.350000e+07      0.00            0.00            1.00000     0.00000       0.00  %   10000     
1.356890e+07      0.00            0.00            1.00000     0.00000       0.00  %   10000     
1.362000e+07      0.00            0.00            1.00000     0.00000       0.00  %   10000     
1.370860e+07      0.00            0.00            1.00000     0.00000       0.00  %   10000     
1.373000e+07      0.00            0.00            1.00000     0.00000       0.00  %   10000     
1.374000e+07      0.00            0.00            1.00000     0.00000       0.00  %   10000     
1.377000e+07      0.00            0.00            1.00000     0.00000       0.00  %   10000     
1.378700e+07      0.00            0.00            1.00000     0.00000       0.00  %   10000     
1.381000e+07      0.00            0.00            1.00000     0.00000       0.00  %   10000     
1.385060e+07      0.00            0.00            1.00000     0.00000       0.00  %   10000     
1.390000e+07      0.00            0.00            1.00000     0.00000       0.00  %   10000     
1.395000e+07      0.00            0.00            1.00000     0.00000       0.00  %   10000     
1.396455e+07      0.00            0.00            1.00000     0.00000       0.00  %   10000     
1.399470e+07      0.00            0.00            1.00000     0.00000       0.00  %   10000     
1.400000e+07      0.00            0.00            1.00000     0.00000       0.00  %   10000     
1.400100e+07      0.00            0.00            1.00000     0.00000       0.00  %   10000     
1.405000e+07      0.00            0.00            1.00000     0.00000       0.00  %   10000     
1.414120e+07      0.00            0.00            1.00000     0.00000       0.00  %   10000     
1.415000e+07      0.00            0.00            1.00000     0.00000       0.00  %   10000     
1.428990e+07      0.00            0.00            1.00000     0.00000       0.00  %   10000     
1.440000e+07      0.00            0.00            1.00000     0.00000       0.00  %   10000     
1.444110e+07      0.00            0.00            1.00000     0.00000       0.00  %   10000     
1.450000e+07      0.00            0.00            1.00000     0.00000       0.00  %   10000     
1.459470e+07      0.00            0.00            1.00000     0.00000       0.00  %   10000     
1.461700e+07      0.00            0.00            1.00000     0.00000       0.00  %   10000     
1.464717e+07      0.00            0.00            1.00000     0.00000       0.00  %   10000     
1.475070e+07      0.00            0.00            1.00000     0.00000       0.00  %   10000     
1.480000e+07      0.00            0.00            1.00000     0.00000       0.00  %   10000     
1.485000e+07      0.00            0.00            1.00000     0.00000       0.00  %   10000     
1.490940e+07      0.00            0.00            1.00000     0.00000       0.00  %   10000     
1.500000e+07      0.00            0.00            1.00000     0.00000       0.00  %   10000     
1.502000e+07      0.00            0.00            1.00000     0.00000       0.00  %   10000     
1.505000e+07      0.00            0.00            1.00000     0.00000       0.00  %   10000     
1.507050e+07      0.00            0.00            1.00000     0.00000       0.00  %   10000     
1.510000e+07      0.00            0.00            1.00000     0.00000       0.00  %   10000     
1.520000e+07      0.00            0.00            1.00000     0.00000       0.00  %   10000     
1.523440e+07      0.00            0.00            1.00000     0.00000       0.00  %   10000     
1.525500e+07      0.00            0.00            1.00000     0.00000       0.00  %   10000     
1.535000e+07      0.00            0.00            1.00000     0.00000       0.00  %   10000     
1.539207e+07      0.00            0.00            1.00000     0.00000       0.00  %   10000     
1.540090e+07      0.00            0.00            1.00000     0.00000       0.00  %   10000     
1.545000e+07      0.00            0.00            1.00000     0.00000       0.00  %   10000     
1.557030e+07      0.00            0.00            1.00000     0.00000       0.00  %   10000     
1.560000e+07      0.00            0.00            1.00000     0.00000       0.00  %   10000     
1.565000e+07      0.00            0.00            1.00000     0.00000       0.00  %   10000     
1.570000e+07      0.00            0.00            1.00000     0.00000       0.00  %   10000     
1.573324e+07      0.00            0.00            1.00000     0.00000       0.00  %   10000     
1.574240e+07      0.00            0.00            1.00000     0.00000       0.00  %   10000     
1.575000e+07      0.00            0.00            1.00000     0.00000       0.00  %   10000     
1.580000e+07      0.00            0.00            1.00000     0.00000       0.00  %   10000     
1.590000e+07      0.00            0.00            1.00000     0.00000       0.00  %   10000     
1.591750e+07      0.00            0.00            1.00000     0.00000       0.00  %   10000     
1.600000e+07      0.00            0.00            1.00000     0.00000       0.00  %   10000     
1.609550e+07      0.00            0.00            1.00000     0.00000       0.00  %   10000     
1.610000e+07      0.00            0.00            1.00000     0.00000       0.00  %   10000     
1.620500e+07      0.00            0.00            1.00000     0.00000       0.00  %   10000     
1.627650e+07      0.00            0.00            1.00000     0.00000       0.00  %   10000     
1.630000e+07      0.00            0.00            1.00000     0.00000       0.00  %   10000     
1.640000e+07      0.00            0.00            1.00000     0.00000       0.00  %   10000     
1.646060e+07      0.00            0.00            1.00000     0.00000       0.00  %   10000     
1.650000e+07      0.00            0.00            1.00000     0.00000       0.00  %   10000     
1.653100e+07      0.00            0.00            1.00000     0.00000       0.00  %   10000     
1.661500e+07      0.00            0.00            1.00000     0.00000       0.00  %   10000     
1.664790e+07      0.00            0.00            1.00000     0.00000       0.00  %   10000     
1.665160e+07      0.00            0.00            1.00000     0.00000       0.00  %   10000     
1.670000e+07      0.00            0.00            1.00000     0.00000       0.00  %   10000     
1.678212e+07      0.00            0.00            1.00000     0.00000       0.00  %   10000     
1.682000e+07      0.00            0.00            1.00000     0.00000       0.00  %   10000     
1.683850e+07      0.00            0.00            1.00000     0.00000       0.00  %   10000     
1.690000e+07      0.00            0.00            1.00000     0.00000       0.00  %   10000     
1.695060e+07      0.00            0.00            1.00000     0.00000       0.00  %   10000     
1.700000e+07      0.00            0.00            1.00000     0.00000       0.00  %   10000     
1.702500e+07      0.00            0.00            1.00000     0.00000       0.00  %   10000     
1.703240e+07      0.00            0.00            1.00000     0.00000       0.00  %   10000     
1.710000e+07      0.00            0.00            1.00000     0.00000       0.00  %   10000     
1.720000e+07      0.00            0.00            1.00000     0.00000       0.00  %   10000     
1.722960e+07      0.00            0.00            1.00000     0.00000       0.00  %   10000     
1.730000e+07      0.00            0.00            1.00000     0.00000       0.00  %   10000     
1.743040e+07      0.00            0.00            1.00000     0.00000       0.00  %   10000     
1.743500e+07      0.00            0.00            1.00000     0.00000       0.00  %   10000     
1.760247e+07      0.00            0.00            1.00000     0.00000       0.00  %   10000     
1.763470e+07      0.00            0.00            1.00000     0.00000       0.00  %   10000     
1.770000e+07      0.00            0.00            1.00000     0.00000       0.00  %   10000     
1.777919e+07      0.00            0.00            1.00000     0.00000       0.00  %   10000     
1.784260e+07      0.00            0.00            1.00000     0.00000       0.00  %   10000     
1.790000e+07      0.00            0.00            1.00000     0.00000       0.00  %   10000     
1.800000e+07      0.00            0.00            1.00000     0.00000       0.00  %   10000     
1.805430e+07      0.00            0.00            1.00000     0.00000       0.00  %   10000     
1.808000e+07      0.00            0.00            1.00000     0.00000       0.00  %   10000     
1.813381e+07      0.00            0.00            1.00000     0.00000       0.00  %   10000     
1.820000e+07      0.00            0.00            1.00000     0.00000       0.00  %   10000     
1.826980e+07      0.00            0.00            1.00000     0.00000       0.00  %   10000     
1.830000e+07      0.00            0.00            1.00000     0.00000       0.00  %   10000     
1.844400e+07      0.00            0.00            1.00000     0.00000       0.00  %   10000     
1.848920e+07      0.00            0.00            1.00000     0.00000       0.00  %   10000     
1.860000e+07      0.00            0.00            1.00000     0.00000       0.00  %   10000     
1.864828e+07      0.00            0.00            1.00000     0.00000       0.00  %   10000     
1.871270e+07      0.00            0.00            1.00000     0.00000       0.00  %   10000     
1.874830e+07      0.00            0.00            1.00000     0.00000       0.00  %   10000     
1.880000e+07      0.00            0.00            1.00000     0.00000       0.00  %   10000     
1.890000e+07      0.00            0.00            1.00000     0.00000       0.00  %   10000     
1.894030e+07      0.00            0.00            1.00000     0.00000       0.00  %   10000     
1.896380e+07      0.00            0.00            1.00000     0.00000       0.00  %   10000     
1.900000e+07      0.00            0.00            1.00000     0.00000       0.00  %   10000     
1.917200e+07      0.00            0.00            1.00000     0.00000       0.00  %   10000     
1.928000e+07      0.00            0.00            1.00000     0.00000       0.00  %   10000     
1.940100e+07      0.00            0.00            1.00000     0.00000       0.00  %   10000     
1.940810e+07      0.00            0.00            1.00000     0.00000       0.00  %   10000     
1.950000e+07      0.00            0.00            1.00000     0.00000       0.00  %   10000     
1.960000e+07      0.00            0.00            1.00000     0.00000       0.00  %   10000     
1.964870e+07      0.00            0.00            1.00000     0.00000       0.00  %   10000     
1.967000e+07      0.00            0.00            1.00000     0.00000       0.00  %   10000     
1.972000e+07      0.00            0.00            1.00000     0.00000       0.00  %   10000     
2.000000e+07      0.00            0.00            1.00000     0.00000       0.00  %   10000     
2.000001e+07      0.00            0.00            1.00000     0.00000       0.00  %   10000     
2.010000e+07      0.00            0.00            1.00000     0.00000       0.00  %   10000     
2.035000e+07      0.00            0.00            1.00000     0.00000       0.00  %   10000     
2.042000e+07      0.00            0.00            1.00000     0.00000       0.00  %   10000     
2.050000e+07      0.00            0.00            1.00000     0.00000       0.00  %   10000     
2.065000e+07      0.00            0.00            1.00000     0.00000       0.00  %   10000     
2.097766e+07      0.00            0.00            1.00000     0.00000       0.00  %   10000     
2.100000e+07      0.00            0.00            1.00000     0.00000       0.00  %   10000     
2.102371e+07      0.00            0.00            1.00000     0.00000       0.00  %   10000     
2.144238e+07      0.00            0.00            1.00000     0.00000       0.00  %   10000     
2.150000e+07      0.00            0.00            1.00000     0.00000       0.00  %   10000     
2.200000e+07      0.00            0.00            1.00000     0.00000       0.00  %   10000     
2.202653e+07      0.00            0.00            1.00000     0.00000       0.00  %   10000     
2.205140e+07      0.00            0.00            1.00000     0.00000       0.00  %   10000     
2.224478e+07      0.00            0.00            1.00000     0.00000       0.00  %   10000     
2.300000e+07      0.00            0.00            1.00000     0.00000       0.00  %   10000     
2.310324e+07      0.00            0.00            1.00000     0.00000       0.00  %   10000     
2.332197e+07      0.00            0.00            1.00000     0.00000       0.00  %   10000     
2.333216e+07      0.00            0.00            1.00000     0.00000       0.00  %   10000     
2.412430e+07      0.00            0.00            1.00000     0.00000       0.00  %   10000     
2.446201e+07      0.00            0.00            1.00000     0.00000       0.00  %   10000     
2.447270e+07      0.00            0.00            1.00000     0.00000       0.00  %   10000     
2.485000e+07      0.00            0.00            1.00000     0.00000       0.00  %   10000     
2.500000e+07      0.00            0.00            1.00000     0.00000       0.00  %   10000     
2.530355e+07      0.00            0.00            1.00000     0.00000       0.00  %   10000     
2.565777e+07      0.00            0.00            1.00000     0.00000       0.00  %   10000     
2.574296e+07      0.00            0.00            1.00000     0.00000       0.00  %   10000     
2.600000e+07      0.00            0.00            1.00000     0.00000       0.00  %   10000     
2.622206e+07      0.00            0.00            1.00000     0.00000       0.00  %   10000     
2.700000e+07      0.00            0.00            1.00000     0.00000       0.00  %   10000     
2.700134e+07      0.00            0.00            1.00000     0.00000       0.00  %   10000     
2.719247e+07      0.00            0.00            1.00000     0.00000       0.00  %   10000     
2.727094e+07      0.00            0.00            1.00000     0.00000       0.00  %   10000     
2.800000e+07      0.00            0.00            1.00000     0.00000       0.00  %   10000     
2.852171e+07      0.00            0.00            1.00000     0.00000       0.00  %   10000     
2.860402e+07      0.00            0.00            1.00000     0.00000       0.00  %   10000     
2.900000e+07      0.00            0.00            1.00000     0.00000       0.00  %   10000     
2.936871e+07      0.00            0.00            1.00000     0.00000       0.00  %   10000     
2.991592e+07      0.00            0.00            1.00000     0.00000       0.00  %   10000     
2.995000e+07      0.00            0.00            1.00000     0.00000       0.00  %   10000     
3.000000e+07      0.00            0.00            1.00000     0.00000       0.00  %   10000     
3.000001e+07      0.00            0.00            1.00000     0.00000       0.00  %   10000     
3.004598e+07      0.00            0.00            1.00000     0.00000       0.00  %   10000     
3.100000e+07      0.00            0.00            1.00000     0.00000       0.00  %   10000     
3.146648e+07      0.00            0.00            1.00000     0.00000       0.00  %   10000     
3.151470e+07      0.00            0.00            1.00000     0.00000       0.00  %   10000     
3.200000e+07      0.00            0.00            1.00000     0.00000       0.00  %   10000     
3.251536e+07      0.00            0.00            1.00000     0.00000       0.00  %   10000     
3.300000e+07      0.00            0.00            1.00000     0.00000       0.00  %   10000     
3.300464e+07      0.00            0.00            1.00000     0.00000       0.00  %   10000     
3.305522e+07      0.00            0.00            1.00000     0.00000       0.00  %   10000     
3.400000e+07      0.00            0.00            1.00000     0.00000       0.00  %   10000     
3.410479e+07      0.00            0.00            1.00000     0.00000       0.00  %   10000     
3.461312e+07      0.00            0.00            1.00000     0.00000       0.00  %   10000     
3.500000e+07      0.00            0.00            1.00000     0.00000       0.00  %   10000     
3.532393e+07      0.00            0.00            1.00000     0.00000       0.00  %   10000     
3.566200e+07      0.00            0.00            1.00000     0.00000       0.00  %   10000     
3.600000e+07      0.00            0.00            1.00000     0.00000       0.00  %   10000     
3.671089e+07      0.00            0.00            1.00000     0.00000       0.00  %   10000     
3.700000e+07      0.00            0.00            1.00000     0.00000       0.00  %   10000     
3.705065e+07      0.00            0.00            1.00000     0.00000       0.00  %   10000     
3.714437e+07      0.00            0.00            1.00000     0.00000       0.00  %   10000     
3.800000e+07      0.00            0.00            1.00000     0.00000       0.00  %   10000     
3.800026e+07      0.00            0.00            1.00000     0.00000       0.00  %   10000     
3.850541e+07      0.00            0.00            1.00000     0.00000       0.00  %   10000     
3.880865e+07      0.00            0.00            1.00000     0.00000       0.00  %   10000     
3.896008e+07      0.00            0.00            1.00000     0.00000       0.00  %   10000     
3.985781e+07      0.00            0.00            1.00000     0.00000       0.00  %   10000     
4.000000e+07      0.00            0.00            1.00000     0.00000       0.00  %   10000     
4.038765e+07      0.00            0.00            1.00000     0.00000       0.00  %   10000     
4.070572e+07      0.00            0.00            1.00000     0.00000       0.00  %   10000     
4.086455e+07      0.00            0.00            1.00000     0.00000       0.00  %   10000     
4.100000e+07      0.00            0.00            1.00000     0.00000       0.00  %   10000     
4.104718e+07      0.00            0.00            1.00000     0.00000       0.00  %   10000     
4.180616e+07      0.00            0.00            1.00000     0.00000       0.00  %   10000     
4.200523e+07      0.00            0.00            1.00000     0.00000       0.00  %   10000     
4.300418e+07      0.00            0.00            1.00000     0.00000       0.00  %   10000     
4.305367e+07      0.00            0.00            1.00000     0.00000       0.00  %   10000     
4.400000e+07      0.00            0.00            1.00000     0.00000       0.00  %   10000     
4.405855e+07      0.00            0.00            1.00000     0.00000       0.00  %   10000     
4.500000e+07      0.01            0.00            1.00000     0.00000       0.00  %   10000     
4.510633e+07      0.01            0.00            1.00000     0.00000       0.00  %   10000     
4.515824e+07      0.01            0.00            1.00000     0.00000       0.00  %   10000     
4.615083e+07      0.01            0.00            1.00000     0.00000       0.00  %   10000     
4.621224e+07      0.01            0.00            1.00000     0.00000       0.00  %   10000     
4.700000e+07      0.01            0.00            1.00000     0.00000       0.00  %   10000     
4.800000e+07      0.01            0.00            1.00000     0.00000       0.00  %   10000     
4.840680e+07      0.01            0.00            1.00000     0.00000       0.00  %   10000     
4.929748e+07      0.01            0.00            1.00000     0.00000       0.00  %   10000     
5.000000e+07      0.01            0.00            1.00000     0.00000       0.00  %   10000     
5.034636e+07      0.01            0.00            1.00000     0.00000       0.00  %   10000     
5.170726e+07      0.01            0.00            1.00000     0.00000       0.00  %   10000     
5.200000e+07      0.01            0.00            1.00000     0.00000       0.00  %   10000     
5.244412e+07      0.01            0.00            1.00000     0.00000       0.00  %   10000     
5.280742e+07      0.01            0.00            1.00000     0.00000       0.00  %   10000     
5.300000e+07      0.01            0.00            1.00000     0.00000       0.00  %   10000     
5.454189e+07      0.01            0.00            1.00000     0.00000       0.00  %   10000     
5.500000e+07      0.01            0.00            1.00000     0.00000       0.00  %   10000     
5.559077e+07      0.01            0.00            1.00000     0.00000       0.00  %   10000     
5.720803e+07      0.02            0.00            1.00000     0.00000       0.00  %   10000     
5.800000e+07      0.02            0.00            1.00000     0.00000       0.00  %   10000     
5.830819e+07      0.02            0.00            1.00000     0.00000       0.00  %   10000     
6.000000e+07      0.02            0.00            1.00000     0.00000       0.00  %   10000     
6.083518e+07      0.02            0.00            1.00000     0.00000       0.00  %   10000     
6.115844e+07      0.02            0.00            1.00000     0.00000       0.00  %   10000     
6.293295e+07      0.02            0.00            1.00000     0.00000       0.00  %   10000     
6.380896e+07      0.02            0.00            1.07538     0.03769       3.50  %   100000    
6.400000e+07      0.02            0.00            1.00000     0.00000       0.00  %   10000     
6.500000e+07      0.02            0.00            1.00000     0.00000       0.00  %   10000     
6.600000e+07      0.02            0.00            1.00000     0.00000       0.00  %   10000     
6.712848e+07      0.02            0.00            1.00000     0.00000       0.00  %   10000     
6.817736e+07      0.02            0.00            1.00000     0.00000       0.00  %   10000     
6.900000e+07      0.02            0.00            1.00000     0.00000       0.00  %   10000     
6.922624e+07      0.02            0.00            1.00000     0.00000       0.00  %   10000     
7.000000e+07      0.02            0.00            1.00000     0.00000       0.00  %   10000     
7.040989e+07      0.02            0.00            1.00000     0.00000       0.00  %   10000     
7.200000e+07      0.02            0.00            1.02856     0.02020       1.96  %   100000    
7.237289e+07      0.02            0.00            1.00000     0.00000       0.00  %   10000     
7.400000e+07      0.03            0.00            1.00000     0.00000       0.00  %   10000     
7.500000e+07      0.03            0.00            1.00000     0.00000       0.00  %   10000     
7.551954e+07      0.03            0.00            1.00000     0.00000       0.00  %   10000     
7.700000e+07      0.03            0.00            1.08755     0.03309       3.04  %   100000    
7.761730e+07      0.03            0.00            1.00000     0.00000       0.00  %   10000     
7.900000e+07      0.03            0.00            1.00000     0.00000       0.00  %   10000     
8.000000e+07      0.03            0.00            1.00000     0.00000       0.00  %   10000     
8.076395e+07      0.03            0.00            1.00000     0.00000       0.00  %   10000     
8.200000e+07      0.03            0.00            1.00000     0.00000       0.00  %   10000     
8.471190e+07      0.03            0.00            1.00000     0.00000       0.00  %   10000     
8.500000e+07      0.03            0.00            1.00993     0.00993       0.98  %   100000    
8.600836e+07      0.03            0.00            1.00000     0.00000       0.00  %   10000     
8.700000e+07      0.03            0.00            1.00000     0.00000       0.00  %   10000     
8.915501e+07      0.03            0.00            1.00000     0.00000       0.00  %   10000     
9.000000e+07      0.03            0.00            1.02510     0.01449       1.41  %   100000    
9.300000e+07      0.04            0.00            1.00765     0.00765       0.76  %   100000    
9.351313e+07      0.04            0.00            1.00000     0.00000       0.00  %   10000     
9.500000e+07      0.04            0.00            1.00000     0.00000       0.00  %   10000     
9.700000e+07      0.04            0.00            1.00000     0.00000       0.00  %   10000     
9.964384e+07      0.04            0.00            1.00000     0.00000       0.00  %   10000     
1.000000e+08      0.04            0.00            1.00000     0.00000       0.00  %   10000     
1.017416e+08      0.04            0.00            1.01248     0.00883       0.87  %   100000    
1.020000e+08      0.04            0.00            1.00000     0.00000       0.00  %   10000     
1.048882e+08      0.04            0.00            1.00000     0.00000       0.00  %   10000     
1.060000e+08      0.04            0.00            1.00000     0.00000       0.00  %   10000     
1.100000e+08      0.04            0.00            1.00000     0.00000       0.00  %   10000     
1.111815e+08      0.04            0.00            1.00000     0.00000       0.00  %   10000     
1.120000e+08      0.04            0.00            1.00000     0.00000       0.00  %   10000     
1.140000e+08      0.04            0.00            1.02195     0.01097       1.07  %   100000    
1.174748e+08      0.04            0.00            1.00000     0.00000       0.00  %   10000     
1.180000e+08      0.04            0.00            1.00543     0.00543       0.54  %   100000    
1.195726e+08      0.04            0.00            1.00000     0.00000       0.00  %   10000     
1.200000e+08      0.04            0.00            1.00000     0.00000       0.00  %   10000     
1.237681e+08      0.04            0.00            1.00000     0.00000       0.00  %   10000     
1.240000e+08      0.04            0.00            1.00000     0.00000       0.00  %   10000     
1.258659e+08      0.04            0.00            1.00000     0.00000       0.00  %   10000     
1.260000e+08      0.04            0.00            1.01094     0.00774       0.77  %   100000    
1.300000e+08      0.04            0.00            1.00000     0.00000       0.00  %   10000     
1.300614e+08      0.04            0.00            1.00000     0.00000       0.00  %   10000     
1.320000e+08      0.04            0.00            1.00000     0.00000       0.00  %   10000     
1.321592e+08      0.04            0.00            1.00000     0.00000       0.00  %   10000     
1.380000e+08      0.03            0.00            1.00000     0.00000       0.00  %   10000     
1.400000e+08      0.03            0.00            1.00591     0.00591       0.59  %   100000    
1.440000e+08      0.03            0.00            1.00000     0.00000       0.00  %   10000     
1.447458e+08      0.03            0.00            1.00000     0.00000       0.00  %   10000     
1.500000e+08      0.03            0.00            1.02607     0.01303       1.27  %   100000    
1.600000e+08      0.02            0.00            1.00000     0.00000       0.00  %   10000     
1.700000e+08      0.02            0.00            1.00000     0.00000       0.00  %   10000     
1.800000e+08      0.02            0.00            1.00000     0.00000       0.00  %   10000     
1.900000e+08      0.02            0.00            1.00000     0.00000       0.00  %   10000     
2.000000e+08      0.01            0.00            1.00000     0.00000       0.00  %   10000     
2.200000e+08      0.01            0.00            1.00000     0.00000       0.00  %   10000     
2.400000e+08      0.01            0.00            1.00000     0.00000       0.00  %   10000     
2.600000e+08      0.01            0.00            1.00000     0.00000       0.00  %   10000     
2.800000e+08      0.01            0.00            1.00000     0.00000       0.00  %   10000     
3.000000e+08      0.01            0.00            1.00000     0.00000       0.00  %   10000     
3.500000e+08      0.01            0.00            1.00000     0.00000       0.00  %   10000     
4.000000e+08      0.01            0.00            1.00000     0.00000       0.00  %   10000     
4.500000e+08      0.01            0.00            1.00000     0.00000       0.00  %   10000     
5.000000e+08      0.00            0.00            1.00000     0.00000       0.00  %   10000     
